engine_id,cycle,rul_true_traj,pred,residual
1,1,142.0,125.0,17.0
1,2,141.0,114.8192030303868,26.180796969613198
1,3,140.0,112.1458637978962,27.854136202103803
1,4,139.0,108.05257261630625,30.94742738369375
1,5,138.0,112.03412513252404,25.96587486747596
1,6,137.0,122.08669934804219,14.913300651957812
1,7,136.0,124.46486645539672,11.535133544603283
1,8,135.0,124.7386665357756,10.261333464224407
1,9,134.0,125.0,9.0
1,10,133.0,122.52888312815226,10.471116871847741
1,11,132.0,123.79581068316637,8.204189316833634
1,12,131.0,121.64277658241974,9.357223417580258
1,13,130.0,123.49802467631267,6.501975323687333
1,14,129.0,122.33437039517078,6.6656296048292205
1,15,128.0,123.49817506475043,4.501824935249573
1,16,127.0,121.34891510849191,5.651084891508091
1,17,126.0,123.4555507055332,2.5444492944668013
1,18,125.0,120.5729865703923,4.4270134296076975
1,19,124.0,123.71656819474772,0.2834318052522775
1,20,123.0,120.89056334494845,2.109436655051553
1,21,122.0,117.63103760647935,4.368962393520647
1,22,121.0,119.49814028799356,1.5018597120064356
1,23,120.0,124.16572853122678,-4.165728531226776
1,24,119.0,122.59569698054865,-3.5956969805486523
1,25,118.0,118.65770733077501,-0.6577073307750112
1,26,117.0,113.96116131131691,3.038838688683086
1,27,116.0,119.44435582433344,-3.4443558243334422
1,28,115.0,119.02976153898402,-4.029761538984019
1,29,114.0,117.75429738778483,-3.754297387784831
1,30,113.0,116.84852395859318,-3.8485239585931765
1,31,112.0,117.48972486308,-5.489724863079999
2,1,146.0,124.8196017428763,21.1803982571237
2,2,145.0,111.91829674986025,33.08170325013975
2,3,144.0,108.03904889425677,35.960951105743234
2,4,143.0,110.214246751834,32.785753248166
2,5,142.0,119.50124262761437,22.498757372385626
2,6,141.0,125.0,16.0
2,7,140.0,125.0,15.0
2,8,139.0,106.80362346200889,32.196376537991114
2,9,138.0,114.81324675601515,23.186753243984853
2,10,137.0,110.17396522237337,26.82603477762663
2,11,136.0,122.09786260786683,13.90213739213317
2,12,135.0,116.86993441255787,18.130065587442132
2,13,134.0,121.56120887329028,12.438791126709717
2,14,133.0,124.26531672474151,8.73468327525849
2,15,132.0,115.65311891425068,16.346881085749317
2,16,131.0,113.84910588531353,17.150894114686466
2,17,130.0,124.25053815110964,5.749461848890363
2,18,129.0,122.2316452364857,6.768354763514296
2,19,128.0,125.0,3.0
2,20,127.0,124.74546826743207,2.2545317325679264
2,21,126.0,119.24382397919412,6.756176020805881
2,22,125.0,123.60924276808548,1.3907572319145203
2,23,124.0,123.76821368726519,0.23178631273481187
2,24,123.0,115.75959930849709,7.240400691502913
2,25,122.0,117.10764904017239,4.89235095982761
2,26,121.0,114.71940657564413,6.280593424355871
2,27,120.0,112.67208455744618,7.327915442553817
2,28,119.0,114.98004551146283,4.0199544885371665
2,29,118.0,117.23934735409891,0.7606526459010894
2,30,117.0,117.4736518902168,-0.4736518902168001
2,31,116.0,117.48640675485207,-1.4864067548520694
2,32,115.0,111.82825655512303,3.1717434448769666
2,33,114.0,115.48910339634095,-1.4891033963409512
2,34,113.0,113.64986400215759,-0.6498640021575852
2,35,112.0,117.19960054057817,-5.1996005405781744
2,36,111.0,119.69943280407328,-8.699432804073282
2,37,110.0,119.7733031394495,-9.773303139449496
2,38,109.0,120.89122668435888,-11.891226684358884
2,39,108.0,119.89794844494182,-11.897948444941818
2,40,107.0,117.38860408474478,-10.388604084744784
2,41,106.0,119.88896669601797,-13.888966696017974
2,42,105.0,121.74191792212466,-16.741917922124657
2,43,104.0,121.35689992877772,-17.35689992877772
2,44,103.0,117.06664534372653,-14.066645343726535
2,45,102.0,120.49931915840834,-18.49931915840834
2,46,101.0,121.54000633194828,-20.540006331948277
2,47,100.0,120.856367318971,-20.856367318970996
2,48,99.0,118.09333018199582,-19.093330181995825
2,49,98.0,118.46148551925427,-20.461485519254268
3,1,194.0,123.4274113608599,70.5725886391401
3,2,193.0,116.53945763776241,76.46054236223759
3,3,192.0,124.98285353195168,67.01714646804832
3,4,191.0,125.0,66.0
3,5,190.0,123.46654221194514,66.53345778805486
3,6,189.0,114.92528034017481,74.07471965982519
3,7,188.0,118.06446981150948,69.93553018849052
3,8,187.0,120.39721532337967,66.60278467662033
3,9,186.0,125.0,61.0
3,10,185.0,119.94219879270214,65.05780120729786
3,11,184.0,118.48308295712152,65.51691704287848
3,12,183.0,120.92882308117021,62.07117691882979
3,13,182.0,118.03708623764574,63.96291376235426
3,14,181.0,114.1271431132315,66.8728568867685
3,15,180.0,109.84695853575843,70.15304146424157
3,16,179.0,119.81160751547957,59.188392484520435
3,17,178.0,122.87611412874949,55.12388587125051
3,18,177.0,118.03612026748154,58.963879732518464
3,19,176.0,110.38486650790212,65.61513349209788
3,20,175.0,113.86554186021024,61.13445813978976
3,21,174.0,113.95087531187409,60.049124688125914
3,22,173.0,107.9004798181755,65.0995201818245
3,23,172.0,101.01201118757713,70.98798881242287
3,24,171.0,111.28007778990145,59.719922210098545
3,25,170.0,105.97357465508723,64.02642534491277
3,26,169.0,114.34162356672151,54.65837643327849
3,27,168.0,111.62640661759083,56.37359338240917
3,28,167.0,113.8188821615014,53.181117838498594
3,29,166.0,108.28051066134657,57.71948933865343
3,30,165.0,104.89883822694098,60.10116177305902
3,31,164.0,101.08755369296625,62.91244630703375
3,32,163.0,107.24075945507646,55.75924054492354
3,33,162.0,105.64491970560852,56.355080294391485
3,34,161.0,91.26348396299072,69.73651603700928
3,35,160.0,93.39655900068136,66.60344099931864
3,36,159.0,91.67553884768981,67.32446115231019
3,37,158.0,92.87354424734872,65.12645575265128
3,38,157.0,98.32019147159451,58.67980852840549
3,39,156.0,99.3996121963599,56.6003878036401
3,40,155.0,99.84014063378741,55.15985936621259
3,41,154.0,101.17772076191413,52.82227923808587
3,42,153.0,102.43711255311787,50.56288744688213
3,43,152.0,104.31890391617588,47.681096083824116
3,44,151.0,106.35453671129768,44.64546328870232
3,45,150.0,106.10696985567692,43.89303014432308
3,46,149.0,106.48449142312673,42.51550857687327
3,47,148.0,107.45764259040962,40.54235740959038
3,48,147.0,106.78176498250771,40.21823501749229
3,49,146.0,107.4724229716071,38.5275770283929
3,50,145.0,108.65554691536813,36.344453084631866
3,51,144.0,107.42417363557209,36.57582636442791
3,52,143.0,113.2478581595224,29.752141840477606
3,53,142.0,110.74706021048115,31.252939789518848
3,54,141.0,113.28711716256525,27.712882837434748
3,55,140.0,117.24437941563701,22.755620584362987
3,56,139.0,115.30128312943506,23.698716870564937
3,57,138.0,117.61530572218564,20.38469427781436
3,58,137.0,115.6978878443238,21.3021121556762
3,59,136.0,115.205658174526,20.794341825474007
3,60,135.0,116.51607720249484,18.48392279750516
3,61,134.0,117.50163148866577,16.498368511334235
3,62,133.0,119.85788823093029,13.142111769069714
3,63,132.0,115.4518259180544,16.548174081945604
3,64,131.0,118.32479176386481,12.675208236135191
3,65,130.0,118.54778269646542,11.452217303534582
3,66,129.0,120.45457096228358,8.545429037716417
3,67,128.0,121.3096126021856,6.690387397814405
3,68,127.0,117.92287057744407,9.077129422555927
3,69,126.0,120.10292229542236,5.89707770457764
3,70,125.0,118.69944881277112,6.300551187228876
3,71,124.0,120.24496547552786,3.755034524472137
3,72,123.0,117.21531109686589,5.784688903134111
3,73,122.0,118.76063488945859,3.2393651105414136
3,74,121.0,120.85495702980084,0.14504297019915668
3,75,120.0,119.22355385548356,0.7764461445164414
3,76,119.0,119.86210141757378,-0.8621014175737827
3,77,118.0,119.09265234845209,-1.0926523484520914
3,78,117.0,122.6193668185695,-5.619366818569503
3,79,116.0,123.1526573912965,-7.152657391296501
3,80,115.0,120.6067085308163,-5.606708530816306
3,81,114.0,122.87833408782495,-8.878334087824953
3,82,113.0,122.60329153422578,-9.603291534225775
3,83,112.0,123.8542052116853,-11.854205211685297
3,84,111.0,120.00489177622569,-9.00489177622569
3,85,110.0,119.45742152672288,-9.457421526722882
3,86,109.0,119.99603760425751,-10.99603760425751
3,87,108.0,115.65608718990529,-7.656087189905293
3,88,107.0,119.15756865459022,-12.157568654590222
3,89,106.0,117.49076253180631,-11.490762531806311
3,90,105.0,116.27519220758514,-11.275192207585135
3,91,104.0,121.34180479324505,-17.341804793245046
3,92,103.0,118.44302065544785,-15.443020655447853
3,93,102.0,114.93328276990593,-12.93328276990593
3,94,101.0,114.40153727421422,-13.40153727421422
3,95,100.0,105.91732368674413,-5.917323686744126
3,96,99.0,110.49496950516411,-11.494969505164107
3,97,98.0,108.61900219133376,-10.619002191333763
3,98,97.0,109.55865480086416,-12.558654800864161
3,99,96.0,110.90251576867105,-14.902515768671051
3,100,95.0,108.31290113761276,-13.312901137612755
3,101,94.0,104.42003769133976,-10.420037691339758
3,102,93.0,107.92897810806866,-14.928978108068662
3,103,92.0,114.68344778283604,-22.68344778283604
3,104,91.0,108.88767956761377,-17.887679567613773
3,105,90.0,112.01736459338332,-22.01736459338332
3,106,89.0,110.71117804405566,-21.711178044055657
3,107,88.0,107.5798493140914,-19.579849314091405
3,108,87.0,102.99026363660197,-15.990263636601966
3,109,86.0,102.9876895400352,-16.987689540035205
3,110,85.0,98.31174679108315,-13.311746791083152
3,111,84.0,103.41439928250509,-19.414399282505087
3,112,83.0,94.24047435568534,-11.240474355685336
3,113,82.0,86.9856362014943,-4.985636201494302
3,114,81.0,87.25401981300473,-6.2540198130047315
3,115,80.0,81.13308563642049,-1.133085636420489
3,116,79.0,88.86883989484505,-9.868839894845053
3,117,78.0,88.20526031212202,-10.205260312122022
3,118,77.0,83.39413971458272,-6.394139714582721
3,119,76.0,75.22843248248095,0.7715675175190455
3,120,75.0,75.3174678507658,-0.3174678507657944
3,121,74.0,71.57817755112397,2.4218224488760285
3,122,73.0,68.47759124844805,4.52240875155195
3,123,72.0,57.00600447094799,14.993995529052007
3,124,71.0,62.786519561668364,8.213480438331636
3,125,70.0,51.89740021816366,18.10259978183634
3,126,69.0,57.25155996926264,11.748440030737363
4,1,187.0,124.06861511858607,62.93138488141393
4,2,186.0,125.0,61.0
4,3,185.0,125.0,60.0
4,4,184.0,125.0,59.0
4,5,183.0,124.96087610809055,58.039123891909455
4,6,182.0,125.0,57.0
4,7,181.0,125.0,56.0
4,8,180.0,122.09117144265579,57.90882855734421
4,9,179.0,125.0,54.0
4,10,178.0,125.0,53.0
4,11,177.0,125.0,52.0
4,12,176.0,123.12275703337278,52.87724296662722
4,13,175.0,120.48452653887588,54.51547346112412
4,14,174.0,118.350171191636,55.649828808364006
4,15,173.0,125.0,48.0
4,16,172.0,113.14333180158717,58.856668198412834
4,17,171.0,117.70403987010876,53.29596012989124
4,18,170.0,125.0,45.0
4,19,169.0,123.45198178047467,45.54801821952533
4,20,168.0,120.56551707314547,47.43448292685453
4,21,167.0,123.18965511814031,43.81034488185969
4,22,166.0,125.0,41.0
4,23,165.0,125.0,40.0
4,24,164.0,125.0,39.0
4,25,163.0,125.0,38.0
4,26,162.0,125.0,37.0
4,27,161.0,125.0,36.0
4,28,160.0,125.0,35.0
4,29,159.0,125.0,34.0
4,30,158.0,125.0,33.0
4,31,157.0,124.41955848420585,32.58044151579415
4,32,156.0,125.0,31.0
4,33,155.0,125.0,30.0
4,34,154.0,125.0,29.0
4,35,153.0,125.0,28.0
4,36,152.0,125.0,27.0
4,37,151.0,125.0,26.0
4,38,150.0,125.0,25.0
4,39,149.0,125.0,24.0
4,40,148.0,123.35446107906905,24.645538920930946
4,41,147.0,125.0,22.0
4,42,146.0,125.0,21.0
4,43,145.0,124.6647832463957,20.3352167536043
4,44,144.0,125.0,19.0
4,45,143.0,125.0,18.0
4,46,142.0,123.42675121529705,18.573248784702955
4,47,141.0,121.3238311345505,19.676168865449498
4,48,140.0,121.52653251670799,18.473467483292012
4,49,139.0,123.09217648708476,15.907823512915243
4,50,138.0,122.9068988655191,15.093101134480904
4,51,137.0,124.15984367745354,12.840156322546463
4,52,136.0,124.56581591017712,11.434184089822878
4,53,135.0,125.0,10.0
4,54,134.0,125.0,9.0
4,55,133.0,125.0,8.0
4,56,132.0,123.50913948672118,8.490860513278818
4,57,131.0,124.16630590454272,6.833694095457275
4,58,130.0,121.15034109525298,8.849658904747017
4,59,129.0,122.6943490369112,6.3056509630887945
4,60,128.0,122.22714826358585,5.772851736414154
4,61,127.0,119.73977585000412,7.260224149995878
4,62,126.0,120.00677564218795,5.993224357812053
4,63,125.0,116.96710834417985,8.032891655820151
4,64,124.0,119.79099478656985,4.209005213430146
4,65,123.0,112.33863790347326,10.661362096526744
4,66,122.0,109.10045091262813,12.899549087371867
4,67,121.0,110.92787828381479,10.072121716185208
4,68,120.0,115.03948226363407,4.960517736365929
4,69,119.0,107.83768243212697,11.162317567873032
4,70,118.0,108.33107842303883,9.668921576961168
4,71,117.0,112.13189465199918,4.8681053480008245
4,72,116.0,112.21674733033568,3.7832526696643214
4,73,115.0,109.39817327031457,5.601826729685428
4,74,114.0,96.81276994748666,17.187230052513343
4,75,113.0,98.7556758781323,14.244324121867706
4,76,112.0,89.23194364183422,22.76805635816578
4,77,111.0,99.94106540141702,11.05893459858298
4,78,110.0,104.851256378861,5.148743621139005
4,79,109.0,116.887017380604,-7.887017380603993
4,80,108.0,112.03649067877802,-4.036490678778023
4,81,107.0,116.18436995947066,-9.184369959470658
4,82,106.0,107.3751937596041,-1.3751937596041017
4,83,105.0,107.40221607495626,-2.4022160749562573
4,84,104.0,105.67479156137064,-1.6747915613706397
4,85,103.0,102.2763307705561,0.7236692294438996
4,86,102.0,110.04834794912422,-8.04834794912422
4,87,101.0,98.66109960986441,2.338900390135592
4,88,100.0,101.09531246815911,-1.0953124681591078
4,89,99.0,110.82313454194292,-11.82313454194292
4,90,98.0,110.60618550512933,-12.606185505129332
4,91,97.0,109.02762897523543,-12.02762897523543
4,92,96.0,111.46724440403686,-15.467244404036862
4,93,95.0,115.35143532840291,-20.351435328402914
4,94,94.0,114.66325033187847,-20.663250331878473
4,95,93.0,113.38754202834498,-20.38754202834498
4,96,92.0,108.87127899364042,-16.871278993640416
4,97,91.0,97.8975071182675,-6.897507118267498
4,98,90.0,96.66751337253687,-6.667513372536874
4,99,89.0,106.8788042417793,-17.878804241779306
4,100,88.0,101.66184132581472,-13.66184132581472
4,101,87.0,93.63695254725712,-6.636952547257124
4,102,86.0,107.68573666413495,-21.68573666413495
4,103,85.0,100.33826021765294,-15.338260217652945
4,104,84.0,106.58323024580163,-22.58323024580163
4,105,83.0,100.98034355556706,-17.98034355556706
4,106,82.0,99.61003414499035,-17.61003414499035
5,1,188.0,125.0,63.0
5,2,187.0,117.03022552868491,69.96977447131509
5,3,186.0,125.0,61.0
5,4,185.0,125.0,60.0
5,5,184.0,125.0,59.0
5,6,183.0,119.8228920897748,63.1771079102252
5,7,182.0,112.0751566205867,69.9248433794133
5,8,181.0,114.2170879667715,66.7829120332285
5,9,180.0,110.39773237495885,69.60226762504115
5,10,179.0,97.57874461199778,81.42125538800222
5,11,178.0,81.56257398430459,96.43742601569541
5,12,177.0,105.8917543659747,71.1082456340253
5,13,176.0,117.05369363822338,58.94630636177662
5,14,175.0,103.57285474271376,71.42714525728624
5,15,174.0,103.67134579814429,70.32865420185571
5,16,173.0,121.08878644908648,51.911213550913516
5,17,172.0,124.27313791446086,47.72686208553914
5,18,171.0,125.0,46.0
5,19,170.0,125.0,45.0
5,20,169.0,123.34539036553895,45.65460963446105
5,21,168.0,125.0,43.0
5,22,167.0,124.92935341879236,42.07064658120764
5,23,166.0,123.2516754733881,42.748324526611896
5,24,165.0,125.0,40.0
5,25,164.0,125.0,39.0
5,26,163.0,125.0,38.0
5,27,162.0,125.0,37.0
5,28,161.0,125.0,36.0
5,29,160.0,124.39290271449775,35.60709728550225
5,30,159.0,125.0,34.0
5,31,158.0,125.0,33.0
5,32,157.0,125.0,32.0
5,33,156.0,124.22551455575133,31.77448544424867
5,34,155.0,125.0,30.0
5,35,154.0,125.0,29.0
5,36,153.0,125.0,28.0
5,37,152.0,123.78573855167294,28.214261448327065
5,38,151.0,125.0,26.0
5,39,150.0,125.0,25.0
5,40,149.0,121.6633535478683,27.336646452131703
5,41,148.0,122.72619807378898,25.27380192621102
5,42,147.0,118.37535703167615,28.624642968323855
5,43,146.0,120.13273141857566,25.86726858142434
5,44,145.0,117.01079428262132,27.98920571737868
5,45,144.0,120.73040543683733,23.26959456316267
5,46,143.0,121.41468654084647,21.585313459153525
5,47,142.0,118.358667836133,23.641332163867006
5,48,141.0,119.00692854878088,21.993071451219123
5,49,140.0,120.25977894852606,19.740221051473938
5,50,139.0,122.39907005868909,16.60092994131091
5,51,138.0,123.31175182038989,14.688248179610113
5,52,137.0,123.01510900654883,13.984890993451174
5,53,136.0,123.42100341262224,12.578996587377759
5,54,135.0,121.67034713788402,13.329652862115978
5,55,134.0,120.25473620263098,13.74526379736902
5,56,133.0,122.82012480319327,10.179875196806734
5,57,132.0,121.95347412773319,10.046525872266812
5,58,131.0,118.47960123770594,12.520398762294064
5,59,130.0,120.23157160321728,9.768428396782724
5,60,129.0,121.05956415256804,7.9404358474319565
5,61,128.0,116.00107146918846,11.99892853081154
5,62,127.0,117.62845999620029,9.371540003799709
5,63,126.0,116.20641876998332,9.793581230016684
5,64,125.0,116.0210399907164,8.978960009283597
5,65,124.0,116.91775356165553,7.08224643834447
5,66,123.0,118.23455281469916,4.765447185300843
5,67,122.0,117.39779237441877,4.602207625581229
5,68,121.0,111.14067141757313,9.859328582426869
5,69,120.0,113.14355002786276,6.856449972137241
5,70,119.0,115.57951557857736,3.4204844214226426
5,71,118.0,114.00770059650122,3.9922994034987767
5,72,117.0,112.13027465278586,4.869725347214143
5,73,116.0,113.04108206446608,2.9589179355339184
5,74,115.0,106.90752475862891,8.09247524137109
5,75,114.0,114.92309182711855,-0.9230918271185544
5,76,113.0,110.51483707746473,2.4851629225352667
5,77,112.0,115.66572905175269,-3.6657290517526917
5,78,111.0,112.40723455424344,-1.4072345542434448
5,79,110.0,111.86046841532055,-1.860468415320554
5,80,109.0,112.08098888673244,-3.0809888867324418
5,81,108.0,113.85492572555373,-5.854925725553727
5,82,107.0,115.65348994069981,-8.653489940699814
5,83,106.0,120.88020062214656,-14.88020062214656
5,84,105.0,119.24237710392376,-14.242377103923758
5,85,104.0,118.79931789122746,-14.79931789122746
5,86,103.0,121.9647833362109,-18.9647833362109
5,87,102.0,114.11266303368967,-12.112663033689671
5,88,101.0,115.35694331454275,-14.356943314542747
5,89,100.0,117.26455410213318,-17.264554102133175
5,90,99.0,110.7843127812523,-11.784312781252297
5,91,98.0,113.81779814920635,-15.817798149206354
5,92,97.0,106.6245159117573,-9.6245159117573
5,93,96.0,104.48972606473487,-8.489726064734867
5,94,95.0,101.06014364715311,-6.060143647153112
5,95,94.0,104.17909182429496,-10.179091824294957
5,96,93.0,92.66178490269257,0.33821509730742605
5,97,92.0,107.17459538232471,-15.17459538232471
5,98,91.0,98.39510457689585,-7.3951045768958465
6,1,197.0,125.0,72.0
6,2,196.0,123.25329839232967,72.74670160767033
6,3,195.0,124.7858619986426,70.2141380013574
6,4,194.0,116.33988788640993,77.66011211359007
6,5,193.0,113.74920392090038,79.25079607909962
6,6,192.0,124.72688789957135,67.27311210042865
6,7,191.0,123.32640756558494,67.67359243441506
6,8,190.0,125.0,65.0
6,9,189.0,125.0,64.0
6,10,188.0,124.6771091629245,63.322890837075505
6,11,187.0,125.0,62.0
6,12,186.0,120.15626548650465,65.84373451349535
6,13,185.0,119.98383239096361,65.01616760903639
6,14,184.0,124.48748599593145,59.51251400406855
6,15,183.0,120.5095694817128,62.4904305182872
6,16,182.0,125.0,57.0
6,17,181.0,122.79798863705254,58.20201136294746
6,18,180.0,124.07234563721249,55.92765436278751
6,19,179.0,124.49875853989386,54.501241460106144
6,20,178.0,125.0,53.0
6,21,177.0,125.0,52.0
6,22,176.0,125.0,51.0
6,23,175.0,121.08461398189804,53.915386018101955
6,24,174.0,122.17055819382458,51.829441806175424
6,25,173.0,117.76052417448321,55.23947582551679
6,26,172.0,121.94327969671266,50.056720303287335
6,27,171.0,121.58244191240563,49.41755808759437
6,28,170.0,124.46907716158077,45.53092283841923
6,29,169.0,124.99862003005599,44.00137996994401
6,30,168.0,122.451501365297,45.548498634702995
6,31,167.0,119.02041671762065,47.97958328237935
6,32,166.0,111.56606769004249,54.43393230995751
6,33,165.0,117.62948196308604,47.370518036913964
6,34,164.0,121.43068394167314,42.56931605832686
6,35,163.0,123.39647963995365,39.603520360046346
6,36,162.0,121.76794936545994,40.23205063454006
6,37,161.0,121.49866355819758,39.50133644180242
6,38,160.0,124.44474018443974,35.55525981556026
6,39,159.0,124.06838695732094,34.93161304267906
6,40,158.0,120.55995632964317,37.44004367035683
6,41,157.0,123.58921629771798,33.41078370228202
6,42,156.0,123.75019149411416,32.24980850588584
6,43,155.0,123.73999854683503,31.260001453164975
6,44,154.0,121.34576209282497,32.65423790717503
6,45,153.0,116.42678335693525,36.573216643064754
6,46,152.0,120.8846840668179,31.115315933182103
6,47,151.0,122.90655823373977,28.093441766260227
6,48,150.0,122.18802487653247,27.811975123467533
6,49,149.0,123.41258189084976,25.587418109150235
6,50,148.0,124.22102835271407,23.77897164728593
6,51,147.0,123.47681684498295,23.52318315501705
6,52,146.0,121.04991452412621,24.95008547587379
6,53,145.0,122.69992143836504,22.30007856163496
6,54,144.0,122.51269265212396,21.48730734787604
6,55,143.0,123.50851968917534,19.491480310824656
6,56,142.0,125.0,17.0
6,57,141.0,123.51771289457825,17.482287105421747
6,58,140.0,124.59655014986784,15.403449850132162
6,59,139.0,124.24389798371891,14.75610201628109
6,60,138.0,124.0578329374036,13.942167062596397
6,61,137.0,123.24863175645332,13.751368243546679
6,62,136.0,116.43764912379203,19.562350876207972
6,63,135.0,124.04144591949428,10.95855408050572
6,64,134.0,121.13907874281064,12.86092125718936
6,65,133.0,121.60096595347906,11.399034046520939
6,66,132.0,120.1154791161208,11.884520883879205
6,67,131.0,119.69564867805035,11.304351321949653
6,68,130.0,121.41731145226007,8.582688547739934
6,69,129.0,122.71256140663237,6.287438593367625
6,70,128.0,120.36044663759036,7.639553362409643
6,71,127.0,122.27940288506483,4.720597114935174
6,72,126.0,122.19252426586057,3.8074757341394303
6,73,125.0,122.3772604138696,2.6227395861303933
6,74,124.0,121.07963640023932,2.9203635997606767
6,75,123.0,119.83665635579392,3.16334364420608
6,76,122.0,117.34169295232869,4.658307047671315
6,77,121.0,120.3838364254199,0.6161635745800993
6,78,120.0,120.73306934236855,-0.7330693423685517
6,79,119.0,123.92104052987818,-4.921040529878184
6,80,118.0,120.54692738117241,-2.5469273811724094
6,81,117.0,122.15425870603258,-5.154258706032579
6,82,116.0,121.0478040980493,-5.047804098049298
6,83,115.0,117.61636552667535,-2.6163655266753523
6,84,114.0,118.56741972788242,-4.567419727882424
6,85,113.0,118.06230979189615,-5.062309791896155
6,86,112.0,117.07201011489926,-5.072010114899257
6,87,111.0,118.58423811852596,-7.58423811852596
6,88,110.0,122.08463108823105,-12.084631088231049
6,89,109.0,121.58590333924619,-12.585903339246187
6,90,108.0,118.57046616168822,-10.570466161688216
6,91,107.0,120.25669043251918,-13.256690432519179
6,92,106.0,119.21470362809501,-13.214703628095009
6,93,105.0,118.04763143217963,-13.047631432179628
6,94,104.0,119.12658437699747,-15.12658437699747
6,95,103.0,108.15196897700447,-5.151968977004472
6,96,102.0,113.68941339473062,-11.689413394730622
6,97,101.0,112.97282019653784,-11.972820196537839
6,98,100.0,115.41302953437382,-15.41302953437382
6,99,99.0,117.1989925267449,-18.198992526744902
6,100,98.0,113.85298297198939,-15.852982971989391
6,101,97.0,105.96235343444933,-8.962353434449327
6,102,96.0,103.95250600445982,-7.952506004459821
6,103,95.0,104.18292839576496,-9.18292839576496
6,104,94.0,119.48116244888026,-25.481162448880255
6,105,93.0,114.01524336809236,-21.015243368092356
7,1,250.0,125.0,125.0
7,2,249.0,125.0,124.0
7,3,248.0,125.0,123.0
7,4,247.0,119.24571152737904,127.75428847262096
7,5,246.0,124.45322735973922,121.54677264026078
7,6,245.0,125.0,120.0
7,7,244.0,124.0732826715146,119.9267173284854
7,8,243.0,125.0,118.0
7,9,242.0,121.15785169209117,120.84214830790883
7,10,241.0,123.48520417923133,117.51479582076867
7,11,240.0,118.97498059263111,121.02501940736889
7,12,239.0,123.88418443784992,115.11581556215008
7,13,238.0,118.28096628040944,119.71903371959056
7,14,237.0,122.09263696992157,114.90736303007843
7,15,236.0,124.71169689599846,111.28830310400154
7,16,235.0,121.00468278188546,113.99531721811454
7,17,234.0,123.46616024931885,110.53383975068115
7,18,233.0,124.69362647536609,108.30637352463391
7,19,232.0,122.44830842587945,109.55169157412055
7,20,231.0,125.0,106.0
7,21,230.0,125.0,105.0
7,22,229.0,123.8756046582229,105.1243953417771
7,23,228.0,122.87669855951982,105.12330144048018
7,24,227.0,124.38218331880063,102.61781668119937
7,25,226.0,125.0,101.0
7,26,225.0,124.61428755644724,100.38571244355276
7,27,224.0,123.74196539463401,100.25803460536599
7,28,223.0,124.82325161906834,98.17674838093166
7,29,222.0,124.82332330073392,97.17667669926608
7,30,221.0,123.59679699553435,97.40320300446565
7,31,220.0,125.0,95.0
7,32,219.0,125.0,94.0
7,33,218.0,125.0,93.0
7,34,217.0,124.46158686664236,92.53841313335764
7,35,216.0,123.97609954423517,92.02390045576483
7,36,215.0,122.81425215565847,92.18574784434153
7,37,214.0,122.68567728085898,91.31432271914102
7,38,213.0,122.75669194437641,90.24330805562359
7,39,212.0,123.37943586319939,88.62056413680061
7,40,211.0,123.70658070122188,87.29341929877812
7,41,210.0,125.0,85.0
7,42,209.0,125.0,84.0
7,43,208.0,120.41169306452495,87.58830693547505
7,44,207.0,123.89309382206147,83.10690617793853
7,45,206.0,122.08202498400212,83.91797501599788
7,46,205.0,123.78019969038318,81.21980030961682
7,47,204.0,123.40797886588012,80.59202113411988
7,48,203.0,122.89880735150724,80.10119264849276
7,49,202.0,121.39348036264629,80.60651963735371
7,50,201.0,120.78243789466066,80.21756210533934
7,51,200.0,124.31230296221831,75.68769703778169
7,52,199.0,124.67633891644414,74.32366108355586
7,53,198.0,122.85278219076395,75.14721780923605
7,54,197.0,123.38189971476102,73.61810028523898
7,55,196.0,123.01166572222303,72.98833427777697
7,56,195.0,122.55429820283987,72.44570179716013
7,57,194.0,122.95302334967765,71.04697665032235
7,58,193.0,122.18606024118739,70.81393975881261
7,59,192.0,122.98719760627075,69.01280239372925
7,60,191.0,121.65162210708823,69.34837789291177
7,61,190.0,123.04015991527126,66.95984008472874
7,62,189.0,121.5734392065498,67.4265607934502
7,63,188.0,122.76717985494122,65.23282014505878
7,64,187.0,123.30176518183809,63.69823481816191
7,65,186.0,124.3109850587334,61.689014941266606
7,66,185.0,124.56343201778375,60.436567982216246
7,67,184.0,124.34030805414187,59.65969194585813
7,68,183.0,124.77616380333698,58.223836196663015
7,69,182.0,124.95430122787134,57.04569877212866
7,70,181.0,124.23175881808996,56.76824118191004
7,71,180.0,124.39985456998627,55.600145430013725
7,72,179.0,124.272658490653,54.727341509347
7,73,178.0,124.52982755088206,53.47017244911794
7,74,177.0,124.83118736610547,52.16881263389453
7,75,176.0,122.536785995684,53.463214004316
7,76,175.0,124.5182143300828,50.4817856699172
7,77,174.0,123.35084520044441,50.64915479955559
7,78,173.0,124.54638314994322,48.453616850056775
7,79,172.0,122.8547808640253,49.1452191359747
7,80,171.0,121.90823597468409,49.09176402531591
7,81,170.0,122.13533861964252,47.864661380357475
7,82,169.0,124.7922733232867,44.20772667671331
7,83,168.0,123.09972039288994,44.900279607110065
7,84,167.0,122.23029244277826,44.769707557221736
7,85,166.0,122.21973264009186,43.78026735990814
7,86,165.0,124.11268768496684,40.88731231503316
7,87,164.0,124.64048162572529,39.359518374274714
7,88,163.0,121.57721362634977,41.422786373650226
7,89,162.0,120.93617797486229,41.06382202513771
7,90,161.0,121.71761712616605,39.28238287383395
7,91,160.0,122.26952115298671,37.73047884701329
7,92,159.0,121.8363215046693,37.1636784953307
7,93,158.0,120.46576932946367,37.53423067053633
7,94,157.0,120.3455938598633,36.6544061401367
7,95,156.0,119.86501046822745,36.13498953177255
7,96,155.0,121.47263486627891,33.52736513372109
7,97,154.0,120.02339325000007,33.97660674999993
7,98,153.0,119.82519611687535,33.17480388312465
7,99,152.0,117.3579207383925,34.642079261607506
7,100,151.0,112.28651435703961,38.71348564296039
7,101,150.0,119.8151826720186,30.184817327981406
7,102,149.0,113.57024676254413,35.42975323745587
7,103,148.0,119.08065111800165,28.919348881998346
7,104,147.0,120.87608429707745,26.123915702922545
7,105,146.0,121.52071331972083,24.479286680279174
7,106,145.0,122.40010942072342,22.599890579276575
7,107,144.0,123.68535582882511,20.31464417117489
7,108,143.0,118.65685278979656,24.34314721020344
7,109,142.0,120.59376610692036,21.406233893079644
7,110,141.0,120.65678886367358,20.343211136326417
7,111,140.0,116.73628564128099,23.263714358719014
7,112,139.0,118.60559380470377,20.394406195296227
7,113,138.0,115.72550007957287,22.274499920427132
7,114,137.0,117.91336399184675,19.08663600815325
7,115,136.0,111.44010145203978,24.559898547960216
7,116,135.0,113.00122176455307,21.998778235446935
7,117,134.0,112.69889801692003,21.301101983079974
7,118,133.0,112.90871884287388,20.09128115712612
7,119,132.0,109.11125253905264,22.888747460947357
7,120,131.0,110.90914606968113,20.090853930318872
7,121,130.0,114.01000326613452,15.989996733865482
7,122,129.0,116.54023269520106,12.459767304798945
7,123,128.0,116.37244516124282,11.627554838757177
7,124,127.0,114.07412864822071,12.925871351779293
7,125,126.0,109.34089485679249,16.659105143207512
7,126,125.0,115.17461594720764,9.825384052792359
7,127,124.0,113.5176078700238,10.482392129976205
7,128,123.0,110.06111310276505,12.938886897234951
7,129,122.0,112.00948992702897,9.990510072971034
7,130,121.0,107.59382878029064,13.406171219709364
7,131,120.0,111.35772018189488,8.642279818105123
7,132,119.0,113.13050580007594,5.869494199924063
7,133,118.0,112.07665364869243,5.923346351307572
7,134,117.0,113.78064454311468,3.2193554568853244
7,135,116.0,111.87833767200321,4.121662327996788
7,136,115.0,114.80151843072713,0.19848156927287164
7,137,114.0,107.30267866633102,6.697321333668981
7,138,113.0,102.0754931213504,10.924506878649595
7,139,112.0,106.04823774006364,5.951762259936359
7,140,111.0,110.6985130799159,0.30148692008410194
7,141,110.0,99.7769647462065,10.223035253793498
7,142,109.0,98.61816389632834,10.38183610367166
7,143,108.0,101.17616895149754,6.823831048502456
7,144,107.0,100.41330280601923,6.586697193980768
7,145,106.0,96.6794809621119,9.320519037888104
7,146,105.0,101.4296270569237,3.5703729430762934
7,147,104.0,100.94319273764745,3.0568072623525495
7,148,103.0,100.27229260342764,2.727707396572356
7,149,102.0,98.02653647878199,3.973463521218008
7,150,101.0,99.67243876270129,1.3275612372987098
7,151,100.0,104.73957778487514,-4.739577784875138
7,152,99.0,111.13916969185098,-12.13916969185098
7,153,98.0,102.11858664129682,-4.118586641296815
7,154,97.0,105.9265253309806,-8.926525330980596
7,155,96.0,110.06047569828398,-14.06047569828398
7,156,95.0,109.74019477075744,-14.74019477075744
7,157,94.0,105.37307444143543,-11.373074441435435
7,158,93.0,106.7934926627043,-13.793492662704296
7,159,92.0,109.0372729527853,-17.0372729527853
7,160,91.0,109.07772033066466,-18.07772033066466
8,1,260.0,125.0,135.0
8,2,259.0,122.64886673677681,136.35113326322318
8,3,258.0,125.0,133.0
8,4,257.0,125.0,132.0
8,5,256.0,125.0,131.0
8,6,255.0,125.0,130.0
8,7,254.0,125.0,129.0
8,8,253.0,124.5459879767613,128.4540120232387
8,9,252.0,125.0,127.0
8,10,251.0,125.0,126.0
8,11,250.0,125.0,125.0
8,12,249.0,122.99703723319158,126.00296276680842
8,13,248.0,122.28101981063003,125.71898018936997
8,14,247.0,116.05294822417339,130.9470517758266
8,15,246.0,125.0,121.0
8,16,245.0,124.46651166088206,120.53348833911794
8,17,244.0,124.74167633358397,119.25832366641603
8,18,243.0,122.15103095622511,120.84896904377489
8,19,242.0,125.0,117.0
8,20,241.0,125.0,116.0
8,21,240.0,125.0,115.0
8,22,239.0,124.34026509376272,114.65973490623728
8,23,238.0,125.0,113.0
8,24,237.0,125.0,112.0
8,25,236.0,125.0,111.0
8,26,235.0,124.33835339601582,110.66164660398418
8,27,234.0,125.0,109.0
8,28,233.0,125.0,108.0
8,29,232.0,125.0,107.0
8,30,231.0,125.0,106.0
8,31,230.0,125.0,105.0
8,32,229.0,124.64915536735536,104.35084463264464
8,33,228.0,123.57652517080155,104.42347482919845
8,34,227.0,123.40061482645801,103.59938517354199
8,35,226.0,124.7836690826327,101.2163309173673
8,36,225.0,123.91348134308092,101.08651865691908
8,37,224.0,124.933389875632,99.066610124368
8,38,223.0,124.9626927249793,98.0373072750207
8,39,222.0,125.0,97.0
8,40,221.0,125.0,96.0
8,41,220.0,125.0,95.0
8,42,219.0,125.0,94.0
8,43,218.0,125.0,93.0
8,44,217.0,125.0,92.0
8,45,216.0,125.0,91.0
8,46,215.0,125.0,90.0
8,47,214.0,124.71473345766675,89.28526654233325
8,48,213.0,123.67194625376104,89.32805374623896
8,49,212.0,124.87346330692102,87.12653669307898
8,50,211.0,124.09163373781303,86.90836626218697
8,51,210.0,123.30224989780014,86.69775010219986
8,52,209.0,121.42685829167733,87.57314170832267
8,53,208.0,122.46706404537862,85.53293595462138
8,54,207.0,121.88914451839258,85.11085548160742
8,55,206.0,122.40507001972357,83.59492998027643
8,56,205.0,122.26638977056855,82.73361022943145
8,57,204.0,117.64096298588625,86.35903701411375
8,58,203.0,120.15052536043814,82.84947463956186
8,59,202.0,121.11239464843585,80.88760535156415
8,60,201.0,118.6844485830867,82.3155514169133
8,61,200.0,119.20067469068297,80.79932530931703
8,62,199.0,118.36709643528563,80.63290356471437
8,63,198.0,117.5053638170515,80.4946361829485
8,64,197.0,116.8888869225587,80.1111130774413
8,65,196.0,115.9531210952804,80.0468789047196
8,66,195.0,118.29757670483652,76.70242329516348
8,67,194.0,115.16848585056046,78.83151414943954
8,68,193.0,116.07621188240215,76.92378811759785
8,69,192.0,116.64702190495332,75.35297809504668
8,70,191.0,119.4297175522046,71.5702824477954
8,71,190.0,110.85028967708477,79.14971032291523
8,72,189.0,117.86237371952286,71.13762628047714
8,73,188.0,112.23552409534285,75.76447590465715
8,74,187.0,115.84844177594215,71.15155822405785
8,75,186.0,120.44005607009397,65.55994392990603
8,76,185.0,115.74078511484056,69.25921488515944
8,77,184.0,115.71561436620158,68.28438563379842
8,78,183.0,114.39244628551087,68.60755371448913
8,79,182.0,114.22788644296169,67.77211355703831
8,80,181.0,116.07904722525035,64.92095277474965
8,81,180.0,112.88507237430598,67.11492762569402
8,82,179.0,113.44799130196381,65.55200869803619
8,83,178.0,108.74484383671233,69.25515616328767
8,84,177.0,111.53076345280301,65.46923654719699
8,85,176.0,113.11196891427164,62.88803108572836
8,86,175.0,114.8931290517743,60.106870948225705
8,87,174.0,116.0984767455531,57.9015232544469
8,88,173.0,114.91155571163578,58.088444288364215
8,89,172.0,118.71397056910189,53.28602943089811
8,90,171.0,110.68412773638914,60.315872263610856
8,91,170.0,119.30969850644317,50.69030149355683
8,92,169.0,119.78930934172786,49.21069065827214
8,93,168.0,118.34238137560283,49.65761862439717
8,94,167.0,117.52132864452908,49.47867135547092
8,95,166.0,114.13959707288247,51.86040292711753
8,96,165.0,117.20164942706838,47.798350572931625
8,97,164.0,113.5123392698041,50.4876607301959
8,98,163.0,113.12532369714077,49.87467630285923
8,99,162.0,117.85233195706222,44.14766804293778
8,100,161.0,117.7183856387874,43.281614361212604
8,101,160.0,112.99758559961157,47.00241440038843
8,102,159.0,113.1126194477619,45.8873805522381
8,103,158.0,117.7726347002942,40.227365299705795
8,104,157.0,114.98532146121075,42.014678538789255
8,105,156.0,109.76627283436048,46.23372716563952
8,106,155.0,110.7561953737805,44.2438046262195
8,107,154.0,113.15439776484516,40.84560223515484
8,108,153.0,107.01052029422058,45.98947970577942
8,109,152.0,105.94484518358021,46.05515481641979
8,110,151.0,108.27763932393101,42.72236067606899
8,111,150.0,107.47424258025559,42.52575741974441
8,112,149.0,112.29047837267942,36.70952162732058
8,113,148.0,109.05173826452614,38.948261735473864
8,114,147.0,108.8568849037531,38.1431150962469
8,115,146.0,112.51145256388085,33.48854743611915
8,116,145.0,107.11171999023415,37.88828000976585
8,117,144.0,110.47371908030308,33.526280919696916
8,118,143.0,117.36756917184152,25.632430828158476
8,119,142.0,114.42567770874142,27.574322291258582
8,120,141.0,120.02577641143233,20.974223588567668
8,121,140.0,120.38772886750016,19.612271132499842
8,122,139.0,115.32378461875619,23.676215381243807
8,123,138.0,118.86022341351467,19.139776586485326
8,124,137.0,117.87747777434582,19.12252222565418
8,125,136.0,118.7792788980773,17.220721101922706
8,126,135.0,118.07262605314658,16.92737394685342
8,127,134.0,119.69443620466787,14.305563795332134
8,128,133.0,122.69622770700175,10.303772292998246
8,129,132.0,120.28285651567747,11.717143484322534
8,130,131.0,119.38614113156865,11.61385886843135
8,131,130.0,120.03680776681166,9.963192233188337
8,132,129.0,122.6583233833198,6.341676616680203
8,133,128.0,119.00634202005871,8.99365797994129
8,134,127.0,119.23678426632702,7.763215733672979
8,135,126.0,121.63053537233878,4.369464627661216
8,136,125.0,120.83696907427353,4.163030925726474
8,137,124.0,117.19057577376819,6.809424226231812
8,138,123.0,119.17959446014444,3.8204055398555568
8,139,122.0,120.31040899648868,1.6895910035113246
8,140,121.0,118.78188669528842,2.2181133047115793
8,141,120.0,119.15493604732136,0.8450639526786432
8,142,119.0,118.87715032699711,0.1228496730028894
8,143,118.0,117.90745422950978,0.09254577049021862
8,144,117.0,118.90941185254954,-1.909411852549539
8,145,116.0,110.99686985305735,5.003130146942652
8,146,115.0,113.60608374750935,1.393916252490655
8,147,114.0,110.86811457138695,3.131885428613046
8,148,113.0,116.70378173565479,-3.703781735654786
8,149,112.0,113.46782057871829,-1.467820578718289
8,150,111.0,114.10922431423546,-3.109224314235462
8,151,110.0,107.33745426153601,2.66254573846399
8,152,109.0,103.71902739869573,5.280972601304271
8,153,108.0,106.45928245654626,1.540717543453738
8,154,107.0,96.97011706758495,10.029882932415049
8,155,106.0,101.3370770575764,4.662922942423606
8,156,105.0,109.32455060144855,-4.32455060144855
8,157,104.0,106.15492420742584,-2.154924207425836
8,158,103.0,101.79369936695377,1.2063006330462258
8,159,102.0,100.64414933704163,1.3558506629583746
8,160,101.0,100.91337153434992,0.08662846565007953
8,161,100.0,95.02992275334185,4.97007724665815
8,162,99.0,103.81008835045104,-4.810088350451039
8,163,98.0,104.03989449525176,-6.039894495251758
8,164,97.0,101.39585118311416,-4.395851183114161
8,165,96.0,96.61716548047644,-0.6171654804764444
8,166,95.0,93.13177480163856,1.8682251983614435
9,1,165.0,122.5405763907319,42.4594236092681
9,2,164.0,108.58367103786108,55.41632896213892
9,3,163.0,118.34485821864881,44.65514178135119
9,4,162.0,124.09131684627377,37.90868315372623
9,5,161.0,125.0,36.0
9,6,160.0,124.35132270479686,35.64867729520314
9,7,159.0,125.0,34.0
9,8,158.0,125.0,33.0
9,9,157.0,124.22394710010599,32.77605289989401
9,10,156.0,124.99580912497744,31.00419087502256
9,11,155.0,124.56354851544772,30.43645148455228
9,12,154.0,121.86809472998242,32.13190527001758
9,13,153.0,122.3996508128215,30.600349187178495
9,14,152.0,121.40462744256239,30.595372557437614
9,15,151.0,116.1053501077921,34.894649892207894
9,16,150.0,120.60814937854629,29.391850621453713
9,17,149.0,120.9815715035295,28.018428496470506
9,18,148.0,119.43636896271208,28.56363103728792
9,19,147.0,119.94162723396398,27.058372766036015
9,20,146.0,120.48600812655403,25.513991873445974
9,21,145.0,125.0,20.0
9,22,144.0,124.35984552681731,19.64015447318269
9,23,143.0,123.49351602613685,19.506483973863155
9,24,142.0,121.57824289099572,20.421757109004275
9,25,141.0,124.96950558861069,16.030494411389313
9,26,140.0,121.60862166580664,18.391378334193362
9,27,139.0,122.56800841193404,16.431991588065955
9,28,138.0,120.81408937785933,17.185910622140668
9,29,137.0,120.41706606478833,16.58293393521167
9,30,136.0,120.50612047595781,15.493879524042185
9,31,135.0,122.04255484981671,12.95744515018329
9,32,134.0,119.99586360925318,14.004136390746822
9,33,133.0,122.56979119621802,10.43020880378198
9,34,132.0,121.05629961026185,10.943700389738154
9,35,131.0,121.88247473007002,9.117525269929985
9,36,130.0,123.14311587802116,6.856884121978837
9,37,129.0,123.59857351944842,5.401426480551578
9,38,128.0,118.9692200123956,9.030779987604404
9,39,127.0,118.60101372369965,8.398986276300349
9,40,126.0,120.4500971836337,5.5499028163662985
9,41,125.0,118.7873372345155,6.212662765484495
9,42,124.0,121.2137557277943,2.786244272205707
9,43,123.0,117.94957336335959,5.05042663664041
9,44,122.0,112.71759819686991,9.282401803130085
9,45,121.0,113.76358747137917,7.236412528620832
9,46,120.0,118.88800188155241,1.1119981184475876
9,47,119.0,118.59465498083475,0.405345019165253
9,48,118.0,117.07241098036832,0.9275890196316823
9,49,117.0,122.33581936690464,-5.335819366904644
9,50,116.0,120.29981461730083,-4.299814617300825
9,51,115.0,121.61229264261651,-6.612292642616509
9,52,114.0,121.76429941477917,-7.764299414779174
9,53,113.0,119.0461544009202,-6.0461544009202015
9,54,112.0,120.25162399023337,-8.25162399023337
9,55,111.0,117.78251875101293,-6.78251875101293
10,1,287.0,125.0,162.0
10,2,286.0,125.0,161.0
10,3,285.0,125.0,160.0
10,4,284.0,122.44058840282526,161.55941159717474
10,5,283.0,123.67991724958925,159.32008275041073
10,6,282.0,122.4738687820483,159.5261312179517
10,7,281.0,124.09452598797554,156.90547401202446
10,8,280.0,123.21215250607811,156.7878474939219
10,9,279.0,125.0,154.0
10,10,278.0,125.0,153.0
10,11,277.0,125.0,152.0
10,12,276.0,123.56526418425237,152.43473581574762
10,13,275.0,124.47790464690803,150.52209535309197
10,14,274.0,125.0,149.0
10,15,273.0,124.95986070069107,148.04013929930892
10,16,272.0,124.33186706808452,147.66813293191547
10,17,271.0,125.0,146.0
10,18,270.0,124.733468201909,145.266531798091
10,19,269.0,125.0,144.0
10,20,268.0,125.0,143.0
10,21,267.0,125.0,142.0
10,22,266.0,125.0,141.0
10,23,265.0,124.38746732071903,140.61253267928097
10,24,264.0,124.76764377987631,139.23235622012368
10,25,263.0,124.4480093388457,138.55199066115432
10,26,262.0,121.98370102785967,140.01629897214033
10,27,261.0,123.58134542889515,137.41865457110487
10,28,260.0,122.57673474260675,137.42326525739327
10,29,259.0,121.6475307277451,137.3524692722549
10,30,258.0,122.82625811524593,135.17374188475407
10,31,257.0,121.42126432492273,135.57873567507727
10,32,256.0,121.94060841532512,134.05939158467487
10,33,255.0,122.56592063913746,132.43407936086254
10,34,254.0,122.75384655961508,131.24615344038492
10,35,253.0,119.03732565425615,133.96267434574384
10,36,252.0,120.4434376265598,131.55656237344022
10,37,251.0,121.70592221663107,129.29407778336895
10,38,250.0,122.13591460342988,127.86408539657012
10,39,249.0,118.83529651819066,130.16470348180934
10,40,248.0,118.25641411746037,129.74358588253963
10,41,247.0,120.52789622652598,126.47210377347402
10,42,246.0,117.98651553814028,128.01348446185972
10,43,245.0,119.86355555382124,125.13644444617876
10,44,244.0,120.92705362716865,123.07294637283135
10,45,243.0,120.24350901219262,122.75649098780738
10,46,242.0,119.12477153686461,122.87522846313539
10,47,241.0,119.1218598338137,121.8781401661863
10,48,240.0,118.5338631460779,121.4661368539221
10,49,239.0,118.62057568452073,120.37942431547927
10,50,238.0,121.45398906843887,116.54601093156113
10,51,237.0,119.30418376490235,117.69581623509765
10,52,236.0,117.98507730530197,118.01492269469803
10,53,235.0,115.71009712869771,119.28990287130229
10,54,234.0,115.96667899993169,118.03332100006831
10,55,233.0,116.01214516789555,116.98785483210445
10,56,232.0,117.2593558164401,114.7406441835599
10,57,231.0,120.86760652426737,110.13239347573263
10,58,230.0,120.50443783471302,109.49556216528698
10,59,229.0,120.73719121454869,108.26280878545131
10,60,228.0,121.65920210908364,106.34079789091636
10,61,227.0,121.72606490666419,105.27393509333581
10,62,226.0,119.77638470862618,106.22361529137382
10,63,225.0,120.30011513361443,104.69988486638557
10,64,224.0,120.0664988607172,103.9335011392828
10,65,223.0,123.51570947419545,99.48429052580455
10,66,222.0,122.38901348456785,99.61098651543215
10,67,221.0,121.37133590127534,99.62866409872466
10,68,220.0,121.60269861642715,98.39730138357285
10,69,219.0,123.37105470690001,95.62894529309999
10,70,218.0,124.33069215739008,93.66930784260992
10,71,217.0,125.0,92.0
10,72,216.0,124.51907851676657,91.48092148323343
10,73,215.0,123.94704698967406,91.05295301032594
10,74,214.0,123.32747646200784,90.67252353799216
10,75,213.0,123.47815093617415,89.52184906382585
10,76,212.0,123.0415931070951,88.9584068929049
10,77,211.0,123.71596230675347,87.28403769324653
10,78,210.0,123.72584369884578,86.27415630115422
10,79,209.0,123.10241763551736,85.89758236448264
10,80,208.0,121.54839469948914,86.45160530051086
10,81,207.0,124.78514293405516,82.21485706594484
10,82,206.0,120.76560099165265,85.23439900834735
10,83,205.0,120.94938123077452,84.05061876922548
10,84,204.0,123.47475947960582,80.52524052039418
10,85,203.0,122.13808658930157,80.86191341069843
10,86,202.0,123.14571591010656,78.85428408989344
10,87,201.0,122.58967312200325,78.41032687799675
10,88,200.0,123.64714957162033,76.35285042837967
10,89,199.0,122.14257210706228,76.85742789293772
10,90,198.0,121.43405925229138,76.56594074770862
10,91,197.0,116.95460860810626,80.04539139189374
10,92,196.0,119.30089437001844,76.69910562998156
10,93,195.0,119.28877950047344,75.71122049952656
10,94,194.0,119.24382631528096,74.75617368471904
10,95,193.0,119.53684151173883,73.46315848826117
10,96,192.0,120.51061886486336,71.48938113513664
10,97,191.0,119.47327851012452,71.52672148987548
10,98,190.0,120.3274826126765,69.6725173873235
10,99,189.0,119.46871331654752,69.53128668345248
10,100,188.0,119.09170514728739,68.90829485271261
10,101,187.0,117.77367334555208,69.22632665444792
10,102,186.0,116.66162949107614,69.33837050892386
10,103,185.0,114.73718044278495,70.26281955721505
10,104,184.0,113.30030318025254,70.69969681974746
10,105,183.0,110.83314405970913,72.16685594029087
10,106,182.0,113.61658138257167,68.38341861742833
10,107,181.0,114.57192224854495,66.42807775145505
10,108,180.0,113.5570852909471,66.4429147090529
10,109,179.0,116.70177417622146,62.29822582377854
10,110,178.0,117.7107166534296,60.2892833465704
10,111,177.0,118.60437096678875,58.39562903321125
10,112,176.0,117.90551960887824,58.09448039112176
10,113,175.0,122.21853373492164,52.781466265078365
10,114,174.0,121.36635111737894,52.63364888262106
10,115,173.0,122.79893947453539,50.20106052546461
10,116,172.0,122.98228440805558,49.01771559194442
10,117,171.0,123.53883339738987,47.461166602610135
10,118,170.0,118.83958231174121,51.16041768825879
10,119,169.0,120.5710229007206,48.42897709927939
10,120,168.0,122.27352123584126,45.72647876415874
10,121,167.0,118.88342232323451,48.11657767676549
10,122,166.0,119.00881735692397,46.99118264307603
10,123,165.0,120.57011717219854,44.429882827801464
10,124,164.0,120.00156338351401,43.99843661648599
10,125,163.0,120.1420215801149,42.8579784198851
10,126,162.0,120.14709472057706,41.85290527942294
10,127,161.0,121.27230383125402,39.72769616874598
10,128,160.0,118.19189564495399,41.80810435504601
10,129,159.0,118.88364438242621,40.11635561757379
10,130,158.0,120.66204332932766,37.33795667067234
10,131,157.0,118.77534452757862,38.224655472421375
10,132,156.0,117.3765548671564,38.6234451328436
10,133,155.0,117.44204178375976,37.55795821624024
10,134,154.0,117.9253929007383,36.0746070992617
10,135,153.0,116.9669795880611,36.03302041193891
10,136,152.0,114.82147223768256,37.178527762317444
10,137,151.0,116.90534669324812,34.09465330675188
10,138,150.0,121.4009637570876,28.599036242912405
10,139,149.0,118.49935110758618,30.50064889241382
10,140,148.0,116.68927347504464,31.310726524955356
10,141,147.0,117.36439397662109,29.635606023378912
10,142,146.0,114.40126035927128,31.598739640728724
10,143,145.0,114.36159982808925,30.638400171910746
10,144,144.0,111.76142505005697,32.23857494994303
10,145,143.0,115.06530629914268,27.934693700857324
10,146,142.0,118.65288418380628,23.34711581619372
10,147,141.0,111.63198627996242,29.36801372003758
10,148,140.0,114.0202390673865,25.9797609326135
10,149,139.0,115.70400950251602,23.295990497483984
10,150,138.0,114.54595274745643,23.454047252543575
10,151,137.0,116.89995810346798,20.10004189653202
10,152,136.0,115.93314060312912,20.066859396870882
10,153,135.0,116.75487860071874,18.24512139928126
10,154,134.0,111.99609238734197,22.003907612658026
10,155,133.0,116.51329908624282,16.486700913757176
10,156,132.0,105.21804205295963,26.781957947040368
10,157,131.0,106.63793454957268,24.362065450427323
10,158,130.0,109.46720546599384,20.532794534006158
10,159,129.0,109.99303999648356,19.00696000351644
10,160,128.0,100.87524433509566,27.12475566490434
10,161,127.0,94.82071196415197,32.17928803584803
10,162,126.0,95.75160322125971,30.248396778740286
10,163,125.0,100.22051738847146,24.779482611528536
10,164,124.0,100.64860984644412,23.351390153555883
10,165,123.0,100.76267582673111,22.237324173268888
10,166,122.0,99.8147676853236,22.185232314676398
10,167,121.0,110.30728518840849,10.692714811591514
10,168,120.0,96.58494244987689,23.41505755012311
10,169,119.0,90.18041338371856,28.81958661628144
10,170,118.0,92.59443614857544,25.40556385142456
10,171,117.0,96.68353004876296,20.31646995123704
10,172,116.0,93.84099462877518,22.159005371224822
10,173,115.0,99.03916432535273,15.96083567464727
10,174,114.0,100.83130372116736,13.168696278832641
10,175,113.0,93.69442676886233,19.30557323113767
10,176,112.0,104.25143403493219,7.748565965067812
10,177,111.0,91.96980311023991,19.03019688976009
10,178,110.0,103.70038049598585,6.299619504014146
10,179,109.0,103.95527126868458,5.044728731315416
10,180,108.0,100.58446153973684,7.415538460263164
10,181,107.0,105.86531965099492,1.1346803490050803
10,182,106.0,102.99115249246093,3.0088475075390733
10,183,105.0,96.41724827501523,8.582751724984774
10,184,104.0,99.5271807086134,4.4728192913866
10,185,103.0,101.01385391779561,1.9861460822043853
10,186,102.0,97.62464698895137,4.375353011048631
10,187,101.0,78.51430127155211,22.485698728447886
10,188,100.0,93.89294575475716,6.107054245242836
10,189,99.0,87.99105355935922,11.008946440640784
10,190,98.0,87.030551431204,10.969448568795997
10,191,97.0,80.48268988200496,16.517310117995038
10,192,96.0,77.1822786781522,18.8177213218478
11,1,179.0,119.87574038547189,59.124259614528114
11,2,178.0,124.83679035073838,53.16320964926162
11,3,177.0,125.0,52.0
11,4,176.0,125.0,51.0
11,5,175.0,125.0,50.0
11,6,174.0,125.0,49.0
11,7,173.0,125.0,48.0
11,8,172.0,125.0,47.0
11,9,171.0,120.67283719739471,50.32716280260529
11,10,170.0,125.0,45.0
11,11,169.0,125.0,44.0
11,12,168.0,125.0,43.0
11,13,167.0,125.0,42.0
11,14,166.0,125.0,41.0
11,15,165.0,125.0,40.0
11,16,164.0,125.0,39.0
11,17,163.0,125.0,38.0
11,18,162.0,124.88350151783598,37.11649848216402
11,19,161.0,125.0,36.0
11,20,160.0,125.0,35.0
11,21,159.0,125.0,34.0
11,22,158.0,122.35587951463003,35.64412048536997
11,23,157.0,124.56562197148418,32.43437802851582
11,24,156.0,122.57553995579842,33.42446004420158
11,25,155.0,123.25570980791616,31.744290192083838
11,26,154.0,119.1364997262199,34.863500273780105
11,27,153.0,117.60100181896698,35.39899818103302
11,28,152.0,119.45805571850646,32.54194428149354
11,29,151.0,122.76182836230143,28.23817163769857
11,30,150.0,119.27076012754793,30.72923987245207
11,31,149.0,123.36624199739322,25.633758002606783
11,32,148.0,122.18811429003469,25.81188570996531
11,33,147.0,123.37669467202888,23.623305327971124
11,34,146.0,123.65947433685267,22.340525663147332
11,35,145.0,122.28585312212756,22.714146877872437
11,36,144.0,124.03082182174026,19.96917817825974
11,37,143.0,124.88352598894672,18.116474011053285
11,38,142.0,124.90271943522335,17.097280564776653
11,39,141.0,124.26299593965955,16.737004060340453
11,40,140.0,124.41693466747965,15.583065332520349
11,41,139.0,124.54811880971366,14.451881190286343
11,42,138.0,123.98676866714034,14.013231332859661
11,43,137.0,121.13010679528331,15.86989320471669
11,44,136.0,123.19106387623665,12.808936123763345
11,45,135.0,123.84028863862552,11.159711361374477
11,46,134.0,122.63323430547564,11.36676569452436
11,47,133.0,123.29036417199232,9.709635828007677
11,48,132.0,122.7131838922244,9.286816107775607
11,49,131.0,122.31256711373028,8.687432886269718
11,50,130.0,122.90645769204905,7.093542307950955
11,51,129.0,120.32988529597642,8.670114704023575
11,52,128.0,116.82186900569688,11.178130994303118
11,53,127.0,120.06946880706919,6.930531192930815
11,54,126.0,122.13268192458557,3.867318075414431
11,55,125.0,118.33252737740263,6.667472622597373
11,56,124.0,119.24969696542104,4.7503030345789625
11,57,123.0,120.26738407611481,2.7326159238851915
11,58,122.0,120.87227755310624,1.1277224468937561
11,59,121.0,118.13889306100697,2.861106938993032
11,60,120.0,118.58913444351042,1.4108655564895827
11,61,119.0,121.22466714958281,-2.224667149582814
11,62,118.0,117.40518634983343,0.5948136501665715
11,63,117.0,113.13973127633425,3.8602687236657545
11,64,116.0,119.761808754694,-3.7618087546940018
11,65,115.0,118.99568844968866,-3.9956884496886573
11,66,114.0,121.6644640658832,-7.664464065883195
11,67,113.0,122.45084745649207,-9.45084745649207
11,68,112.0,122.61287807064834,-10.612878070648335
11,69,111.0,125.0,-14.0
11,70,110.0,123.91930841740559,-13.919308417405588
11,71,109.0,123.97313295058645,-14.973132950586447
11,72,108.0,121.64022525332126,-13.640225253321262
11,73,107.0,117.47103399550899,-10.47103399550899
11,74,106.0,114.80105462078886,-8.801054620788861
11,75,105.0,112.55184385117991,-7.55184385117991
11,76,104.0,113.76320975567461,-9.763209755674609
11,77,103.0,111.41743301706859,-8.41743301706859
11,78,102.0,109.69848510385594,-7.698485103855944
11,79,101.0,104.30168980635425,-3.301689806354247
11,80,100.0,101.71802937097415,-1.7180293709741505
11,81,99.0,100.89939939855587,-1.8993993985558717
11,82,98.0,102.7512925716454,-4.7512925716453935
11,83,97.0,94.75146651197626,2.248533488023739
12,1,340.0,124.80155274430587,215.19844725569413
12,2,339.0,113.0441724006977,225.9558275993023
12,3,338.0,125.0,213.0
12,4,337.0,120.69035127453704,216.30964872546298
12,5,336.0,125.0,211.0
12,6,335.0,124.81918329589523,210.18081670410476
12,7,334.0,125.0,209.0
12,8,333.0,125.0,208.0
12,9,332.0,125.0,207.0
12,10,331.0,125.0,206.0
12,11,330.0,125.0,205.0
12,12,329.0,125.0,204.0
12,13,328.0,125.0,203.0
12,14,327.0,125.0,202.0
12,15,326.0,125.0,201.0
12,16,325.0,125.0,200.0
12,17,324.0,124.7858434434124,199.2141565565876
12,18,323.0,123.97724666303242,199.02275333696758
12,19,322.0,125.0,197.0
12,20,321.0,125.0,196.0
12,21,320.0,125.0,195.0
12,22,319.0,125.0,194.0
12,23,318.0,123.70112976870814,194.29887023129186
12,24,317.0,124.39446697208196,192.60553302791806
12,25,316.0,125.0,191.0
12,26,315.0,123.91181314575125,191.08818685424876
12,27,314.0,123.62710202258249,190.3728979774175
12,28,313.0,124.64037316594022,188.35962683405978
12,29,312.0,125.0,187.0
12,30,311.0,125.0,186.0
12,31,310.0,125.0,185.0
12,32,309.0,125.0,184.0
12,33,308.0,124.38919216224858,183.61080783775142
12,34,307.0,124.513698488237,182.486301511763
12,35,306.0,124.52505510059673,181.47494489940328
12,36,305.0,123.81692270802978,181.18307729197022
12,37,304.0,124.66436509746742,179.33563490253258
12,38,303.0,125.0,178.0
12,39,302.0,125.0,177.0
12,40,301.0,125.0,176.0
12,41,300.0,125.0,175.0
12,42,299.0,125.0,174.0
12,43,298.0,125.0,173.0
12,44,297.0,125.0,172.0
12,45,296.0,125.0,171.0
12,46,295.0,125.0,170.0
12,47,294.0,125.0,169.0
12,48,293.0,125.0,168.0
12,49,292.0,125.0,167.0
12,50,291.0,124.1972876593054,166.8027123406946
12,51,290.0,124.36575782616107,165.6342421738389
12,52,289.0,123.86905732776125,165.13094267223875
12,53,288.0,123.92247278869341,164.07752721130657
12,54,287.0,124.2589389088768,162.74106109112319
12,55,286.0,124.9396259656017,161.0603740343983
12,56,285.0,125.0,160.0
12,57,284.0,124.81523050783176,159.18476949216824
12,58,283.0,124.74062429100813,158.25937570899185
12,59,282.0,124.1356283075721,157.86437169242788
12,60,281.0,122.89280216821113,158.10719783178888
12,61,280.0,123.73561892747624,156.26438107252375
12,62,279.0,122.93444393556479,156.0655560644352
12,63,278.0,122.77450924106184,155.22549075893818
12,64,277.0,122.88525351817887,154.11474648182113
12,65,276.0,123.06517403328739,152.9348259667126
12,66,275.0,122.39605712051508,152.60394287948492
12,67,274.0,124.45759511744022,149.54240488255977
12,68,273.0,122.02541236582535,150.97458763417467
12,69,272.0,124.0803818191752,147.91961818082478
12,70,271.0,123.30866318828927,147.69133681171073
12,71,270.0,122.96423103206106,147.03576896793894
12,72,269.0,122.55673425891669,146.4432657410833
12,73,268.0,122.08470563763746,145.91529436236254
12,74,267.0,124.64230779840604,142.35769220159398
12,75,266.0,124.60349478354192,141.39650521645808
12,76,265.0,122.17412729987531,142.8258727001247
12,77,264.0,119.83068965382171,144.1693103461783
12,78,263.0,117.93397787504087,145.06602212495915
12,79,262.0,117.96368247472996,144.03631752527002
12,80,261.0,123.51183156509498,137.48816843490502
12,81,260.0,123.99276865941638,136.00723134058362
12,82,259.0,121.9351739053128,137.0648260946872
12,83,258.0,109.40920445037257,148.59079554962744
12,84,257.0,121.53617297826521,135.4638270217348
12,85,256.0,117.36259912814151,138.6374008718585
12,86,255.0,120.51043135861224,134.48956864138776
12,87,254.0,123.23245854562846,130.76754145437155
12,88,253.0,118.94792999187547,134.05207000812453
12,89,252.0,121.1996560491085,130.8003439508915
12,90,251.0,122.03958468839602,128.96041531160398
12,91,250.0,121.67512006687672,128.32487993312327
12,92,249.0,121.13347989658632,127.86652010341368
12,93,248.0,121.37188720710162,126.62811279289838
12,94,247.0,123.12128366139777,123.87871633860223
12,95,246.0,116.82963092833593,129.17036907166408
12,96,245.0,125.0,120.0
12,97,244.0,124.91656297075886,119.08343702924114
12,98,243.0,123.02350538913774,119.97649461086226
12,99,242.0,122.92643654907965,119.07356345092035
12,100,241.0,118.72652703912367,122.27347296087633
12,101,240.0,123.59429992916655,116.40570007083345
12,102,239.0,122.1179405750873,116.8820594249127
12,103,238.0,122.78919697092083,115.21080302907917
12,104,237.0,115.05897418569185,121.94102581430815
12,105,236.0,122.9206311552085,113.0793688447915
12,106,235.0,123.69935586755793,111.30064413244207
12,107,234.0,124.01611875941221,109.98388124058779
12,108,233.0,124.10609684591012,108.89390315408988
12,109,232.0,125.0,107.0
12,110,231.0,125.0,106.0
12,111,230.0,124.20661515155847,105.79338484844153
12,112,229.0,125.0,104.0
12,113,228.0,121.86447824715877,106.13552175284123
12,114,227.0,123.88087766621037,103.11912233378963
12,115,226.0,119.80972019027428,106.19027980972572
12,116,225.0,124.51497008312042,100.48502991687958
12,117,224.0,125.0,99.0
12,118,223.0,125.0,98.0
12,119,222.0,124.65366782059523,97.34633217940477
12,120,221.0,119.57624571779346,101.42375428220654
12,121,220.0,124.47978839216034,95.52021160783966
12,122,219.0,123.21201828184682,95.78798171815318
12,123,218.0,122.0167747145171,95.9832252854829
12,124,217.0,123.60036764351908,93.39963235648092
12,125,216.0,122.81350098348254,93.18649901651746
12,126,215.0,124.0983191653512,90.9016808346488
12,127,214.0,123.73158726834573,90.26841273165427
12,128,213.0,124.68137011427697,88.31862988572303
12,129,212.0,122.27717794180653,89.72282205819347
12,130,211.0,122.44913264814828,88.55086735185172
12,131,210.0,122.8277636532233,87.1722363467767
12,132,209.0,122.2376094736308,86.7623905263692
12,133,208.0,124.42357537751221,83.57642462248779
12,134,207.0,122.78758658617409,84.21241341382591
12,135,206.0,121.58355506942662,84.41644493057338
12,136,205.0,121.19189015103618,83.80810984896382
12,137,204.0,124.0755771413856,79.9244228586144
12,138,203.0,123.37261186431408,79.62738813568592
12,139,202.0,122.1921476559409,79.8078523440591
12,140,201.0,120.95285467647838,80.04714532352162
12,141,200.0,118.46085125806748,81.53914874193252
12,142,199.0,121.35484647284633,77.64515352715367
12,143,198.0,122.64581726209684,75.35418273790316
12,144,197.0,121.96404169235123,75.03595830764877
12,145,196.0,121.55822580895305,74.44177419104695
12,146,195.0,122.16193083776186,72.83806916223814
12,147,194.0,120.53756522226078,73.46243477773922
12,148,193.0,121.76800325833315,71.23199674166685
12,149,192.0,122.28195299652667,69.71804700347333
12,150,191.0,120.04627547340066,70.95372452659934
12,151,190.0,118.6342860072408,71.3657139927592
12,152,189.0,116.0344670390592,72.9655329609408
12,153,188.0,114.39916905011654,73.60083094988346
12,154,187.0,115.46775922267824,71.53224077732176
12,155,186.0,112.16414787599545,73.83585212400455
12,156,185.0,116.86977118278529,68.13022881721471
12,157,184.0,119.20709996273705,64.79290003726295
12,158,183.0,111.49806698948191,71.50193301051809
12,159,182.0,115.01016430933772,66.98983569066228
12,160,181.0,118.84944595517743,62.15055404482257
12,161,180.0,113.93193786454245,66.06806213545755
12,162,179.0,115.52666763865106,63.47333236134894
12,163,178.0,116.17801576140938,61.821984238590616
12,164,177.0,111.47999365022227,65.52000634977773
12,165,176.0,113.44243177549646,62.55756822450354
12,166,175.0,108.21331490787162,66.78668509212838
12,167,174.0,114.30905912405676,59.69094087594324
12,168,173.0,110.57408089819212,62.42591910180788
12,169,172.0,113.66500789383993,58.33499210616007
12,170,171.0,110.2006725467216,60.799327453278394
12,171,170.0,115.54415350279203,54.45584649720797
12,172,169.0,115.9548293972648,53.0451706027352
12,173,168.0,117.0921313823894,50.9078686176106
12,174,167.0,115.03195428079309,51.96804571920691
12,175,166.0,111.64658630391132,54.35341369608868
12,176,165.0,109.04286701389312,55.957132986106885
12,177,164.0,112.63642058625025,51.36357941374975
12,178,163.0,112.86857804682363,50.13142195317637
12,179,162.0,107.95123659499257,54.048763405007435
12,180,161.0,113.14463655374523,47.85536344625477
12,181,160.0,115.56022374385344,44.43977625614656
12,182,159.0,110.41186965721892,48.588130342781085
12,183,158.0,107.3800314226259,50.619968577374095
12,184,157.0,102.94029263909398,54.05970736090602
12,185,156.0,108.9181152728022,47.0818847271978
12,186,155.0,105.40935823564975,49.59064176435025
12,187,154.0,109.60991006156307,44.39008993843693
12,188,153.0,107.33968321775819,45.66031678224181
12,189,152.0,107.61408045905037,44.38591954094963
12,190,151.0,106.12065387580299,44.87934612419701
12,191,150.0,107.16198532799295,42.83801467200705
12,192,149.0,107.93717135057136,41.06282864942864
12,193,148.0,112.21155402664155,35.78844597335845
12,194,147.0,111.98707081834101,35.01292918165899
12,195,146.0,106.34860348791993,39.65139651208007
12,196,145.0,103.5234285110191,41.476571488980895
12,197,144.0,101.75835098793533,42.24164901206467
12,198,143.0,90.5269353070665,52.473064692933505
12,199,142.0,92.59948585798784,49.400514142012156
12,200,141.0,95.30093874052716,45.69906125947284
12,201,140.0,99.13880315378097,40.86119684621903
12,202,139.0,99.8633285131541,39.1366714868459
12,203,138.0,95.9530878074205,42.0469121925795
12,204,137.0,89.23952895801811,47.76047104198189
12,205,136.0,89.79087317664529,46.20912682335471
12,206,135.0,92.98456700222341,42.015432997776585
12,207,134.0,97.23625517093339,36.76374482906661
12,208,133.0,85.65681664085693,47.34318335914307
12,209,132.0,87.85952538844488,44.14047461155512
12,210,131.0,102.13418206285176,28.865817937148236
12,211,130.0,99.19564410801297,30.80435589198703
12,212,129.0,87.48347374447286,41.51652625552714
12,213,128.0,87.6691792852354,40.3308207147646
12,214,127.0,88.24221992896152,38.75778007103848
12,215,126.0,88.39359056998242,37.60640943001758
12,216,125.0,78.14208167043488,46.85791832956512
12,217,124.0,86.30734359336802,37.69265640663198
13,1,289.0,125.0,164.0
13,2,288.0,123.8546151896836,164.1453848103164
13,3,287.0,125.0,162.0
13,4,286.0,115.16202943791477,170.83797056208522
13,5,285.0,124.30951310657905,160.69048689342094
13,6,284.0,125.0,159.0
13,7,283.0,124.03106878807188,158.96893121192812
13,8,282.0,125.0,157.0
13,9,281.0,120.534750402826,160.465249597174
13,10,280.0,119.84091813297294,160.15908186702706
13,11,279.0,123.70866809927655,155.29133190072343
13,12,278.0,119.82232883332651,158.1776711666735
13,13,277.0,125.0,152.0
13,14,276.0,119.37714587280601,156.622854127194
13,15,275.0,122.85084881191277,152.14915118808722
13,16,274.0,121.6272437405897,152.3727562594103
13,17,273.0,123.86509408100991,149.13490591899009
13,18,272.0,122.9316458899581,149.0683541100419
13,19,271.0,125.0,146.0
13,20,270.0,125.0,145.0
13,21,269.0,124.07692820741872,144.92307179258128
13,22,268.0,124.78897689354218,143.21102310645782
13,23,267.0,124.72575814912298,142.27424185087702
13,24,266.0,123.9688812101031,142.03111878989688
13,25,265.0,121.32110479480389,143.6788952051961
13,26,264.0,124.48383890405977,139.51616109594022
13,27,263.0,124.37941050993327,138.62058949006672
13,28,262.0,125.0,137.0
13,29,261.0,122.98354759161624,138.01645240838377
13,30,260.0,123.16020059721379,136.8397994027862
13,31,259.0,121.99795568584294,137.00204431415705
13,32,258.0,122.10291319125096,135.89708680874904
13,33,257.0,122.45514280450962,134.54485719549038
13,34,256.0,122.74289117138106,133.25710882861893
13,35,255.0,121.71378334093802,133.28621665906198
13,36,254.0,123.19129524968484,130.80870475031514
13,37,253.0,122.2116101519772,130.7883898480228
13,38,252.0,122.36564373108816,129.63435626891186
13,39,251.0,123.77906343753448,127.22093656246552
13,40,250.0,123.78973056154828,126.21026943845172
13,41,249.0,123.16518778818742,125.83481221181258
13,42,248.0,124.49968429368845,123.50031570631155
13,43,247.0,123.67681458517839,123.32318541482161
13,44,246.0,123.43922540836866,122.56077459163134
13,45,245.0,123.816591038136,121.183408961864
13,46,244.0,123.297177207355,120.702822792645
13,47,243.0,123.14265495487334,119.85734504512666
13,48,242.0,123.46282777378768,118.53717222621232
13,49,241.0,123.64761966962027,117.35238033037973
13,50,240.0,122.16389472053146,117.83610527946854
13,51,239.0,123.79008327681994,115.20991672318006
13,52,238.0,124.78727037599805,113.21272962400195
13,53,237.0,123.8111588659624,113.1888411340376
13,54,236.0,124.20873464279552,111.79126535720448
13,55,235.0,125.0,110.0
13,56,234.0,125.0,109.0
13,57,233.0,125.0,108.0
13,58,232.0,125.0,107.0
13,59,231.0,124.31054112160487,106.68945887839513
13,60,230.0,125.0,105.0
13,61,229.0,125.0,104.0
13,62,228.0,124.3374276804127,103.6625723195873
13,63,227.0,123.92405169296515,103.07594830703485
13,64,226.0,124.60274975410329,101.39725024589671
13,65,225.0,125.0,100.0
13,66,224.0,124.11761993160488,99.88238006839512
13,67,223.0,123.43191788143685,99.56808211856315
13,68,222.0,125.0,97.0
13,69,221.0,123.71845274548296,97.28154725451704
13,70,220.0,124.5930460628878,95.4069539371122
13,71,219.0,124.66385230831847,94.33614769168153
13,72,218.0,124.79788410753042,93.20211589246958
13,73,217.0,125.0,92.0
13,74,216.0,122.13630958572534,93.86369041427466
13,75,215.0,122.61399807799208,92.38600192200792
13,76,214.0,121.70181385943927,92.29818614056073
13,77,213.0,123.09911223747665,89.90088776252335
13,78,212.0,122.27908009895911,89.72091990104089
13,79,211.0,122.86425294979531,88.13574705020469
13,80,210.0,123.82932283214416,86.17067716785584
13,81,209.0,122.88552849479076,86.11447150520924
13,82,208.0,121.82843543794364,86.17156456205636
13,83,207.0,122.15931446414803,84.84068553585197
13,84,206.0,121.50806472740857,84.49193527259143
13,85,205.0,121.35851496544913,83.64148503455087
13,86,204.0,123.5025891720897,80.4974108279103
13,87,203.0,122.27986942847042,80.72013057152958
13,88,202.0,122.56976241786504,79.43023758213496
13,89,201.0,123.35350393736967,77.64649606263033
13,90,200.0,122.12249901239277,77.87750098760723
13,91,199.0,123.39379073146404,75.60620926853596
13,92,198.0,122.21695850214222,75.78304149785778
13,93,197.0,121.91837752500918,75.08162247499082
13,94,196.0,121.51611352435414,74.48388647564586
13,95,195.0,119.09001075153441,75.90998924846559
13,96,194.0,119.33218801975839,74.66781198024161
13,97,193.0,117.24432003848759,75.75567996151241
13,98,192.0,117.8553714658178,74.1446285341822
13,99,191.0,117.31453818527228,73.68546181472772
13,100,190.0,115.444480042798,74.555519957202
13,101,189.0,114.91074312078358,74.08925687921642
13,102,188.0,112.68127622912506,75.31872377087494
13,103,187.0,111.66717216038893,75.33282783961107
13,104,186.0,115.34731092639757,70.65268907360243
13,105,185.0,120.59329739039433,64.40670260960567
13,106,184.0,120.96790524783941,63.03209475216059
13,107,183.0,121.73304509435603,61.26695490564397
13,108,182.0,120.96461542200353,61.03538457799647
13,109,181.0,120.43175541265332,60.56824458734668
13,110,180.0,121.41155588809782,58.58844411190218
13,111,179.0,120.85978974106008,58.140210258939916
13,112,178.0,121.81451191738427,56.185488082615734
13,113,177.0,121.34276071058737,55.65723928941263
13,114,176.0,121.83497509747349,54.16502490252651
13,115,175.0,122.17134956781135,52.82865043218865
13,116,174.0,119.91736459692021,54.08263540307979
13,117,173.0,118.6481557431262,54.351844256873804
13,118,172.0,116.63885844852376,55.36114155147624
13,119,171.0,116.28215485659032,54.717845143409676
13,120,170.0,116.12905779037453,53.87094220962547
13,121,169.0,117.47897925671613,51.52102074328387
13,122,168.0,118.88129143582675,49.11870856417325
13,123,167.0,117.29111539692707,49.70888460307293
13,124,166.0,112.60342681910099,53.39657318089901
13,125,165.0,112.86507747067108,52.13492252932892
13,126,164.0,114.52107037232967,49.478929627670325
13,127,163.0,111.60365099567356,51.39634900432644
13,128,162.0,112.08045260724491,49.91954739275509
13,129,161.0,116.39118692506106,44.608813074938936
13,130,160.0,111.76020256481578,48.239797435184215
13,131,159.0,110.59019765925217,48.40980234074783
13,132,158.0,108.92148858487049,49.07851141512951
13,133,157.0,109.03347543386012,47.96652456613988
13,134,156.0,96.04930387740677,59.95069612259323
13,135,155.0,95.86207265074817,59.137927349251825
13,136,154.0,99.79230000668781,54.20769999331219
13,137,153.0,98.87170049462715,54.12829950537285
13,138,152.0,99.3829210681549,52.6170789318451
13,139,151.0,96.71146713555012,54.28853286444988
13,140,150.0,98.52064575686316,51.47935424313684
13,141,149.0,110.39520110016163,38.60479889983837
13,142,148.0,108.51605575518303,39.48394424481697
13,143,147.0,108.2943232671108,38.7056767328892
13,144,146.0,109.36538635908627,36.63461364091373
13,145,145.0,106.51343763323528,38.486562366764716
13,146,144.0,111.9237724159095,32.0762275840905
13,147,143.0,107.03351722944244,35.96648277055756
13,148,142.0,108.78486214868416,33.215137851315845
13,149,141.0,106.61562945431548,34.38437054568452
13,150,140.0,108.4254820431532,31.574517956846805
13,151,139.0,105.09806812121751,33.90193187878249
13,152,138.0,101.11606049380265,36.88393950619735
13,153,137.0,101.17904295103929,35.82095704896071
13,154,136.0,105.1305974414607,30.869402558539306
13,155,135.0,108.38666372017083,26.61333627982917
13,156,134.0,106.77724854392149,27.222751456078512
13,157,133.0,112.24734503284911,20.75265496715089
13,158,132.0,109.2030318052673,22.7969681947327
13,159,131.0,105.52609855775859,25.473901442241413
13,160,130.0,101.0480049719453,28.951995028054696
13,161,129.0,101.77586387611898,27.224136123881024
13,162,128.0,107.19977438995618,20.800225610043825
13,163,127.0,103.96161360106645,23.038386398933554
13,164,126.0,111.3299602037936,14.670039796206396
13,165,125.0,109.38339227826194,15.616607721738063
13,166,124.0,117.75813879996072,6.241861200039281
13,167,123.0,109.85868514223465,13.141314857765352
13,168,122.0,104.11303572417016,17.88696427582984
13,169,121.0,105.41589647402115,15.584103525978847
13,170,120.0,114.15676430023466,5.843235699765344
13,171,119.0,112.13642170714083,6.863578292859174
13,172,118.0,107.75226183752343,10.247738162476566
13,173,117.0,98.47049889671082,18.529501103289178
13,174,116.0,101.04750418482654,14.952495815173464
13,175,115.0,96.74960645727096,18.250393542729043
13,176,114.0,100.17956818167855,13.820431818321453
13,177,113.0,101.69727020856148,11.302729791438523
13,178,112.0,105.41147761352174,6.58852238647826
13,179,111.0,100.27583992681022,10.724160073189779
13,180,110.0,98.3268101870345,11.673189812965504
13,181,109.0,100.9512636417273,8.048736358272706
13,182,108.0,98.67823924335117,9.321760756648828
13,183,107.0,102.02695960628036,4.973040393719643
13,184,106.0,99.69060306742668,6.309396932573321
13,185,105.0,101.32561158283822,3.6743884171617793
13,186,104.0,99.94688151739302,4.053118482606976
13,187,103.0,97.81198040793623,5.1880195920637675
13,188,102.0,94.63828345525845,7.3617165447415545
13,189,101.0,92.16379161934076,8.836208380659244
13,190,100.0,93.58306840409554,6.416931595904458
13,191,99.0,95.91405928377031,3.085940716229686
13,192,98.0,92.79757594461128,5.202424055388718
13,193,97.0,93.33030839497887,3.6696916050211286
13,194,96.0,89.31873060812482,6.681269391875176
13,195,95.0,86.69780750770336,8.30219249229664
14,1,152.0,121.0916432308976,30.908356769102397
14,2,151.0,113.91604943254313,37.08395056745687
14,3,150.0,125.0,25.0
14,4,149.0,124.29932502668383,24.70067497331617
14,5,148.0,125.0,23.0
14,6,147.0,123.38919100224035,23.610808997759648
14,7,146.0,125.0,21.0
14,8,145.0,125.0,20.0
14,9,144.0,125.0,19.0
14,10,143.0,125.0,18.0
14,11,142.0,125.0,17.0
14,12,141.0,125.0,16.0
14,13,140.0,121.0568588712866,18.943141128713407
14,14,139.0,124.37741874793912,14.622581252060883
14,15,138.0,119.25445801461292,18.745541985387078
14,16,137.0,122.25733969698773,14.742660303012272
14,17,136.0,123.79445238608874,12.205547613911264
14,18,135.0,117.47635996559814,17.523640034401865
14,19,134.0,112.48022684618125,21.519773153818747
14,20,133.0,115.21135181740947,17.788648182590535
14,21,132.0,116.48088476204217,15.519115237957834
14,22,131.0,119.56489259639507,11.435107403604931
14,23,130.0,97.36561389139383,32.634386108606165
14,24,129.0,115.06852999753012,13.93147000246988
14,25,128.0,118.42328410934189,9.576715890658107
14,26,127.0,117.6936097143506,9.3063902856494
14,27,126.0,117.31705378963993,8.682946210360072
14,28,125.0,119.72733030514686,5.2726696948531355
14,29,124.0,121.24365890185994,2.756341098140055
14,30,123.0,118.71213370801058,4.287866291989417
14,31,122.0,119.27305148095364,2.72694851904636
14,32,121.0,118.81725420617781,2.1827457938221926
14,33,120.0,118.51843670871044,1.4815632912895609
14,34,119.0,118.81932172621012,0.18067827378988
14,35,118.0,121.53686131026393,-3.53686131026393
14,36,117.0,119.17994434565048,-2.1799443456504832
14,37,116.0,118.58073393589052,-2.580733935890521
14,38,115.0,120.73042084704713,-5.730420847047128
14,39,114.0,120.16121919861303,-6.161219198613026
14,40,113.0,116.24557264576497,-3.245572645764966
14,41,112.0,116.11061593435889,-4.11061593435889
14,42,111.0,107.25592172805071,3.7440782719492915
14,43,110.0,115.23482802653598,-5.234828026535979
14,44,109.0,114.29246894722749,-5.292468947227491
14,45,108.0,116.70467818980771,-8.704678189807709
14,46,107.0,111.21473540001637,-4.214735400016366
15,1,158.0,124.17677495627201,33.82322504372799
15,2,157.0,125.0,32.0
15,3,156.0,125.0,31.0
15,4,155.0,124.78881240601622,30.21118759398378
15,5,154.0,124.46776516835129,29.532234831648708
15,6,153.0,124.58116659016247,28.418833409837532
15,7,152.0,124.37351997288528,27.626480027114724
15,8,151.0,125.0,26.0
15,9,150.0,124.14954378020963,25.850456219790374
15,10,149.0,123.81958849171195,25.180411508288046
15,11,148.0,122.30018893465846,25.699811065341535
15,12,147.0,121.689862050289,25.310137949711006
15,13,146.0,121.83759331531006,24.16240668468994
15,14,145.0,117.53345077680252,27.466549223197475
15,15,144.0,122.97473915212937,21.025260847870626
15,16,143.0,122.74995578054428,20.250044219455717
15,17,142.0,125.0,17.0
15,18,141.0,123.20011001073769,17.79988998926231
15,19,140.0,122.22592111209603,17.77407888790397
15,20,139.0,121.29913643722179,17.70086356277821
15,21,138.0,119.24239072934367,18.75760927065633
15,22,137.0,121.69710891611658,15.302891083883424
15,23,136.0,122.52665044168438,13.473349558315618
15,24,135.0,123.57020456954163,11.42979543045837
15,25,134.0,121.38676728787587,12.61323271212413
15,26,133.0,124.61743037089106,8.382569629108943
15,27,132.0,124.81398834972988,7.1860116502701175
15,28,131.0,124.30173316204119,6.698266837958812
15,29,130.0,122.03635540412968,7.963644595870321
15,30,129.0,124.08803886647,4.911961133529999
15,31,128.0,121.73912622538472,6.260873774615277
15,32,127.0,121.31583453863391,5.684165461366092
15,33,126.0,121.79524471930804,4.2047552806919555
15,34,125.0,124.25365392307276,0.7463460769272388
15,35,124.0,122.95192453745378,1.0480754625462225
15,36,123.0,123.53987320502712,-0.5398732050271207
15,37,122.0,123.04089468506659,-1.0408946850665899
15,38,121.0,119.3536047205016,1.6463952794984067
15,39,120.0,118.63438827162902,1.365611728370979
15,40,119.0,118.23117165297522,0.7688283470247796
15,41,118.0,118.9514859885042,-0.9514859885042029
15,42,117.0,114.89618604228343,2.103813957716568
15,43,116.0,121.07808436868777,-5.078084368687769
15,44,115.0,118.52763251327389,-3.527632513273886
15,45,114.0,116.60189276505754,-2.601892765057542
15,46,113.0,115.44777327399332,-2.4477732739933202
15,47,112.0,117.20893841358424,-5.208938413584235
15,48,111.0,111.20069734583821,-0.20069734583820775
15,49,110.0,105.43582273300552,4.564177266994477
15,50,109.0,109.29232571978379,-0.29232571978378985
15,51,108.0,113.00142404686024,-5.001424046860237
15,52,107.0,113.38002138136186,-6.380021381361857
15,53,106.0,115.49857145827886,-9.49857145827886
15,54,105.0,117.15179855098431,-12.15179855098431
15,55,104.0,109.92682492182392,-5.926824921823922
15,56,103.0,119.16464877870789,-16.164648778707885
15,57,102.0,119.44802143658272,-17.44802143658272
15,58,101.0,117.50885229273146,-16.50885229273146
15,59,100.0,120.01956979232149,-20.01956979232149
15,60,99.0,116.27894243104575,-17.27894243104575
15,61,98.0,117.40853031917916,-19.408530319179164
15,62,97.0,117.13841028550361,-20.13841028550361
15,63,96.0,115.84479922191751,-19.844799221917512
15,64,95.0,120.42063243051304,-25.420632430513038
15,65,94.0,119.55869737246306,-25.558697372463058
15,66,93.0,117.80601886144393,-24.80601886144393
15,67,92.0,116.53103181039477,-24.531031810394765
15,68,91.0,119.67387002869374,-28.67387002869374
15,69,90.0,117.35833401953579,-27.35833401953579
15,70,89.0,111.09465203642702,-22.09465203642702
15,71,88.0,112.27297272357984,-24.27297272357984
15,72,87.0,99.41026347206157,-12.410263472061573
15,73,86.0,106.62815349119117,-20.62815349119117
15,74,85.0,108.35437607038938,-23.354376070389378
15,75,84.0,110.99748372051775,-26.99748372051775
15,76,83.0,108.78836122800618,-25.78836122800618
16,1,196.0,125.0,71.0
16,2,195.0,125.0,70.0
16,3,194.0,124.73893000545706,69.26106999454294
16,4,193.0,124.2653025260544,68.7346974739456
16,5,192.0,122.55677064451781,69.44322935548219
16,6,191.0,123.19707115976699,67.80292884023301
16,7,190.0,123.51608421010827,66.48391578989173
16,8,189.0,125.0,64.0
16,9,188.0,125.0,63.0
16,10,187.0,125.0,62.0
16,11,186.0,123.39983729842281,62.60016270157719
16,12,185.0,125.0,60.0
16,13,184.0,125.0,59.0
16,14,183.0,124.40970531680036,58.590294683199645
16,15,182.0,123.40237875799207,58.59762124200793
16,16,181.0,125.0,56.0
16,17,180.0,125.0,55.0
16,18,179.0,124.12736711170722,54.872632888292785
16,19,178.0,125.0,53.0
16,20,177.0,124.14178537673092,52.85821462326908
16,21,176.0,122.26776278215749,53.73223721784251
16,22,175.0,122.24114536570545,52.75885463429455
16,23,174.0,123.32112448023264,50.67887551976736
16,24,173.0,125.0,48.0
16,25,172.0,124.54725529970263,47.45274470029737
16,26,171.0,123.09290655987934,47.90709344012066
16,27,170.0,125.0,45.0
16,28,169.0,124.6801529170718,44.319847082928206
16,29,168.0,125.0,43.0
16,30,167.0,125.0,42.0
16,31,166.0,125.0,41.0
16,32,165.0,125.0,40.0
16,33,164.0,125.0,39.0
16,34,163.0,125.0,38.0
16,35,162.0,119.2653713839045,42.734628616095506
16,36,161.0,123.96250272415607,37.03749727584393
16,37,160.0,123.79647828319605,36.20352171680395
16,38,159.0,123.01621153235934,35.983788467640665
16,39,158.0,123.71858393811074,34.28141606188926
16,40,157.0,123.50850192740201,33.49149807259799
16,41,156.0,123.42864947921348,32.571350520786524
16,42,155.0,121.5163462956856,33.483653704314406
16,43,154.0,122.9117646609705,31.088235339029495
16,44,153.0,121.88864875512176,31.111351244878236
16,45,152.0,120.88454118194923,31.11545881805077
16,46,151.0,120.5142391373497,30.485760862650295
16,47,150.0,121.74287332057916,28.257126679420836
16,48,149.0,122.21324913437738,26.786750865622622
16,49,148.0,120.64101693146804,27.358983068531955
16,50,147.0,118.3839214090281,28.616078590971895
16,51,146.0,119.25303705319585,26.746962946804146
16,52,145.0,121.19739655265421,23.80260344734579
16,53,144.0,121.0329855205131,22.967014479486906
16,54,143.0,121.29027403225712,21.709725967742884
16,55,142.0,120.83910315236126,21.16089684763874
16,56,141.0,121.8043469032627,19.195653096737303
16,57,140.0,122.84289203936494,17.15710796063506
16,58,139.0,121.84947148112406,17.150528518875944
16,59,138.0,122.8668277927855,15.1331722072145
16,60,137.0,122.55747931711177,14.44252068288823
16,61,136.0,120.61304596015773,15.386954039842266
16,62,135.0,121.4221777482302,13.577822251769803
16,63,134.0,119.0658899115752,14.934110088424802
16,64,133.0,121.5151225061337,11.484877493866307
16,65,132.0,120.9081650408327,11.0918349591673
16,66,131.0,120.02675348140107,10.973246518598927
16,67,130.0,124.82970232527303,5.170297674726967
16,68,129.0,124.70017576051723,4.299824239482774
16,69,128.0,125.0,3.0
16,70,127.0,122.75838136426945,4.241618635730546
16,71,126.0,121.1030689163636,4.896931083636403
16,72,125.0,118.18135922629737,6.818640773702626
16,73,124.0,117.96676742758221,6.033232572417788
16,74,123.0,117.33431611898061,5.66568388101939
16,75,122.0,119.99831999118997,2.001680008810027
16,76,121.0,118.92056763310227,2.079432366897734
16,77,120.0,117.73554363692435,2.2644563630756522
16,78,119.0,118.80980983129032,0.19019016870967675
16,79,118.0,125.0,-7.0
16,80,117.0,123.74519477031762,-6.7451947703176245
16,81,116.0,120.56594077933559,-4.565940779335591
16,82,115.0,120.33827438218374,-5.338274382183741
16,83,114.0,121.58582481968106,-7.585824819681065
16,84,113.0,120.88513778117844,-7.885137781178443
16,85,112.0,119.8946096573871,-7.894609657387093
16,86,111.0,120.38614756000796,-9.386147560007956
16,87,110.0,122.44030274730022,-12.440302747300223
16,88,109.0,123.55216784894704,-14.552167848947036
16,89,108.0,120.85986314918429,-12.859863149184292
16,90,107.0,121.5247571205292,-14.524757120529202
16,91,106.0,116.67051941265868,-10.670519412658678
16,92,105.0,120.5676965723518,-15.567696572351807
16,93,104.0,121.28995679050527,-17.289956790505272
16,94,103.0,113.72049475309196,-10.720494753091955
16,95,102.0,113.10034590175289,-11.100345901752888
16,96,101.0,114.46841147841953,-13.468411478419526
16,97,100.0,113.31681245192762,-13.316812451927618
16,98,99.0,119.23453116039262,-20.23453116039262
16,99,98.0,117.42950727225171,-19.429507272251712
16,100,97.0,114.63275799052201,-17.63275799052201
16,101,96.0,108.72091869851221,-12.720918698512207
16,102,95.0,110.57981060742618,-15.579810607426182
16,103,94.0,109.63945104148652,-15.639451041486524
16,104,93.0,109.6832678902399,-16.683267890239904
16,105,92.0,111.67178583628632,-19.67178583628632
16,106,91.0,111.63951145499897,-20.639511454998967
16,107,90.0,111.52917541160912,-21.529175411609117
16,108,89.0,110.96738009313518,-21.967380093135176
16,109,88.0,107.62604633016193,-19.626046330161927
16,110,87.0,98.84287998384988,-11.842879983849883
16,111,86.0,103.64603100254483,-17.64603100254483
16,112,85.0,102.29110311898613,-17.29110311898613
16,113,84.0,95.35497739428725,-11.354977394287246
17,1,214.0,124.7180861350249,89.2819138649751
17,2,213.0,123.97916776482485,89.02083223517515
17,3,212.0,124.99060287930546,87.00939712069454
17,4,211.0,124.77391234092325,86.22608765907675
17,5,210.0,124.5114715272848,85.4885284727152
17,6,209.0,121.0549892469793,87.9450107530207
17,7,208.0,125.0,83.0
17,8,207.0,125.0,82.0
17,9,206.0,124.21029594798875,81.78970405201125
17,10,205.0,123.62597166522099,81.37402833477901
17,11,204.0,123.54959065921174,80.45040934078826
17,12,203.0,123.88997609756852,79.11002390243148
17,13,202.0,125.0,77.0
17,14,201.0,125.0,76.0
17,15,200.0,125.0,75.0
17,16,199.0,123.4361214337072,75.5638785662928
17,17,198.0,125.0,73.0
17,18,197.0,125.0,72.0
17,19,196.0,125.0,71.0
17,20,195.0,123.90808119697004,71.09191880302996
17,21,194.0,125.0,69.0
17,22,193.0,123.46021853783584,69.53978146216416
17,23,192.0,123.53338712337705,68.46661287662295
17,24,191.0,125.0,66.0
17,25,190.0,125.0,65.0
17,26,189.0,125.0,64.0
17,27,188.0,125.0,63.0
17,28,187.0,125.0,62.0
17,29,186.0,125.0,61.0
17,30,185.0,124.46387601870184,60.53612398129816
17,31,184.0,125.0,59.0
17,32,183.0,125.0,58.0
17,33,182.0,125.0,57.0
17,34,181.0,125.0,56.0
17,35,180.0,125.0,55.0
17,36,179.0,125.0,54.0
17,37,178.0,125.0,53.0
17,38,177.0,125.0,52.0
17,39,176.0,124.88478370814197,51.11521629185803
17,40,175.0,125.0,50.0
17,41,174.0,125.0,49.0
17,42,173.0,125.0,48.0
17,43,172.0,125.0,47.0
17,44,171.0,125.0,46.0
17,45,170.0,124.65583117510623,45.34416882489377
17,46,169.0,123.94997983602163,45.050020163978374
17,47,168.0,123.13777998582287,44.862220014177126
17,48,167.0,121.87491510107128,45.12508489892872
17,49,166.0,121.59850629651642,44.40149370348358
17,50,165.0,124.74898651193178,40.251013488068224
17,51,164.0,123.32933758180233,40.670662418197665
17,52,163.0,123.74411554830003,39.25588445169997
17,53,162.0,123.87507822616693,38.124921773833066
17,54,161.0,124.9918275958996,36.00817240410041
17,55,160.0,125.0,35.0
17,56,159.0,123.87528189738376,35.12471810261624
17,57,158.0,122.89745184279086,35.10254815720914
17,58,157.0,123.88308785063239,33.11691214936761
17,59,156.0,121.14124654619073,34.85875345380927
17,60,155.0,119.58334912943832,35.41665087056168
17,61,154.0,119.04577157421927,34.95422842578073
17,62,153.0,122.77547126550397,30.224528734496033
17,63,152.0,121.44745747946803,30.552542520531972
17,64,151.0,124.75542293507594,26.24457706492406
17,65,150.0,123.25547802251924,26.74452197748076
17,66,149.0,122.93323952020982,26.066760479790176
17,67,148.0,121.68593693555808,26.314063064441925
17,68,147.0,122.9513123650615,24.048687634938503
17,69,146.0,124.34794132375984,21.65205867624016
17,70,145.0,124.18051996142674,20.81948003857326
17,71,144.0,124.27403803914915,19.725961960850853
17,72,143.0,123.84095426222636,19.15904573777364
17,73,142.0,122.35073270161573,19.649267298384274
17,74,141.0,123.0302054900151,17.969794509984894
17,75,140.0,124.21343554398098,15.786564456019022
17,76,139.0,114.79285178752002,24.20714821247998
17,77,138.0,118.44665289183396,19.553347108166037
17,78,137.0,120.18227386980952,16.81772613019048
17,79,136.0,121.96331416549256,14.036685834507438
17,80,135.0,119.18448441921048,15.815515580789523
17,81,134.0,121.01859884547035,12.98140115452965
17,82,133.0,120.53610914754387,12.463890852456132
17,83,132.0,120.93220762714216,11.067792372857838
17,84,131.0,120.03983526406182,10.960164735938179
17,85,130.0,121.59822760260695,8.401772397393046
17,86,129.0,121.35915321738722,7.640846782612783
17,87,128.0,123.20081479425242,4.799185205747577
17,88,127.0,121.93459942549627,5.065400574503727
17,89,126.0,119.87326277171805,6.126737228281954
17,90,125.0,122.33611417545242,2.6638858245475774
17,91,124.0,120.98749156037299,3.0125084396270125
17,92,123.0,121.72431635147282,1.2756836485271776
17,93,122.0,123.90588521331813,-1.905885213318129
17,94,121.0,124.33093602750378,-3.330936027503782
17,95,120.0,121.70470616848556,-1.7047061684855578
17,96,119.0,121.76116329082794,-2.7611632908279375
17,97,118.0,120.97796576594553,-2.9779657659455268
17,98,117.0,120.6178739361817,-3.617873936181695
17,99,116.0,117.55384822114681,-1.5538482211468079
17,100,115.0,117.92048395001036,-2.9204839500103645
17,101,114.0,115.90606904837324,-1.90606904837324
17,102,113.0,114.16910832015367,-1.1691083201536685
17,103,112.0,114.69827106630457,-2.698271066304571
17,104,111.0,114.7328143693225,-3.7328143693224973
17,105,110.0,114.61363513155105,-4.6136351315510495
17,106,109.0,115.12462967064674,-6.1246296706467405
17,107,108.0,105.80171466670296,2.1982853332970365
17,108,107.0,107.34399609750129,-0.34399609750128946
17,109,106.0,107.34521467306084,-1.3452146730608376
17,110,105.0,102.55058195390178,2.4494180460982165
17,111,104.0,95.51789956322509,8.482100436774914
17,112,103.0,95.96563808626995,7.034361913730052
17,113,102.0,99.11306548092286,2.886934519077144
17,114,101.0,103.15434477822053,-2.1543447782205334
17,115,100.0,106.49994425169095,-6.499944251690948
17,116,99.0,100.60637732291313,-1.6063773229131328
17,117,98.0,102.50671940491608,-4.506719404916083
17,118,97.0,104.38000015076366,-7.380000150763664
17,119,96.0,101.87725259418954,-5.877252594189542
17,120,95.0,100.50043070475199,-5.500430704751992
17,121,94.0,98.9924729961256,-4.992472996125599
17,122,93.0,98.72854288514715,-5.728542885147149
17,123,92.0,96.96896878753272,-4.968968787532717
17,124,91.0,97.30263805936536,-6.302638059365364
17,125,90.0,92.52261078657459,-2.522610786574589
17,126,89.0,74.73562833610448,14.264371663895517
17,127,88.0,72.82968431566157,15.170315684338433
17,128,87.0,74.09863682357712,12.901363176422876
17,129,86.0,78.48303609673005,7.516963903269954
17,130,85.0,81.980311922373,3.019688077626995
17,131,84.0,79.79387694929248,4.206123050707518
17,132,83.0,87.04867913841233,-4.048679138412325
17,133,82.0,82.53494200435897,-0.5349420043589674
17,134,81.0,90.289874378548,-9.289874378548006
17,135,80.0,92.63244919497134,-12.632449194971343
17,136,79.0,92.96886276603264,-13.968862766032643
17,137,78.0,94.18716161740642,-16.187161617406417
17,138,77.0,89.6560617428294,-12.656061742829394
17,139,76.0,82.91695706407415,-6.916957064074154
17,140,75.0,96.18235899913816,-21.18235899913816
17,141,74.0,89.9240165628769,-15.9240165628769
17,142,73.0,93.58644216306685,-20.58644216306685
17,143,72.0,86.49603536645795,-14.496035366457946
17,144,71.0,81.20244311225649,-10.20244311225649
17,145,70.0,87.47546843295243,-17.475468432952425
17,146,69.0,82.85193318490894,-13.851933184908944
17,147,68.0,86.99239657144948,-18.992396571449476
17,148,67.0,83.16694486688706,-16.166944866887064
17,149,66.0,81.91285577835447,-15.91285577835447
17,150,65.0,85.19944366224857,-20.19944366224857
17,151,64.0,80.58832659741302,-16.588326597413015
17,152,63.0,73.42315891293866,-10.42315891293866
17,153,62.0,76.02581596349006,-14.02581596349006
17,154,61.0,74.72726542905778,-13.72726542905778
17,155,60.0,70.64993205663724,-10.64993205663724
17,156,59.0,70.19783737675279,-11.197837376752787
17,157,58.0,64.73140141100534,-6.731401411005336
17,158,57.0,65.37443732258743,-8.374437322587426
17,159,56.0,63.783523259995484,-7.783523259995484
17,160,55.0,63.78164163021009,-8.781641630210089
17,161,54.0,65.85816761466775,-11.85816761466775
17,162,53.0,62.7085168579744,-9.708516857974402
17,163,52.0,60.44531177743541,-8.445311777435407
17,164,51.0,59.718306467686496,-8.718306467686496
17,165,50.0,60.89428208388117,-10.894282083881173
18,1,160.0,123.89088253738237,36.10911746261763
18,2,159.0,111.37135000467472,47.628649995325276
18,3,158.0,117.76937468009785,40.230625319902146
18,4,157.0,116.16390601784603,40.83609398215397
18,5,156.0,111.0325457795531,44.967454220446896
18,6,155.0,118.66076335418782,36.33923664581218
18,7,154.0,114.95774639373325,39.042253606266755
18,8,153.0,121.14276455799012,31.85723544200988
18,9,152.0,123.73021595941348,28.269784040586515
18,10,151.0,121.59154208954122,29.40845791045878
18,11,150.0,123.29591997825388,26.704080021746122
18,12,149.0,124.16974301715005,24.830256982849946
18,13,148.0,125.0,23.0
18,14,147.0,124.1595880201527,22.840411979847303
18,15,146.0,125.0,21.0
18,16,145.0,123.88217440151074,21.11782559848926
18,17,144.0,124.82154708298164,19.17845291701836
18,18,143.0,125.0,18.0
18,19,142.0,120.5743887657697,21.425611234230303
18,20,141.0,115.98752951589088,25.012470484109116
18,21,140.0,118.36955880768059,21.63044119231941
18,22,139.0,124.1737407428332,14.826259257166797
18,23,138.0,125.0,13.0
18,24,137.0,125.0,12.0
18,25,136.0,124.63447695979174,11.36552304020826
18,26,135.0,125.0,10.0
18,27,134.0,125.0,9.0
18,28,133.0,125.0,8.0
18,29,132.0,125.0,7.0
18,30,131.0,124.84835094531985,6.151649054680149
18,31,130.0,123.47969336817485,6.52030663182515
18,32,129.0,124.38443676445861,4.615563235541387
18,33,128.0,124.59738352801745,3.4026164719825545
18,34,127.0,123.62854392335652,3.371456076643483
18,35,126.0,121.7497860023587,4.250213997641296
18,36,125.0,123.43767680733737,1.5623231926626318
18,37,124.0,124.00571415975182,-0.005714159751818215
18,38,123.0,123.02198763532728,-0.0219876353272781
18,39,122.0,116.80389569726704,5.196104302732962
18,40,121.0,124.31049604696145,-3.310496046961447
18,41,120.0,124.01338243615288,-4.013382436152881
18,42,119.0,121.50264276807411,-2.502642768074111
18,43,118.0,120.02498032558536,-2.0249803255853607
18,44,117.0,124.06400676615434,-7.0640067661543355
18,45,116.0,123.67496933056401,-7.674969330564011
18,46,115.0,119.98541168402483,-4.985411684024825
18,47,114.0,121.7752591829197,-7.775259182919697
18,48,113.0,120.4246195470307,-7.4246195470307015
18,49,112.0,120.03439859084581,-8.03439859084581
18,50,111.0,117.64688973705928,-6.646889737059283
18,51,110.0,119.21079307052725,-9.210793070527245
18,52,109.0,116.81277444052176,-7.812774440521764
18,53,108.0,122.74623521859766,-14.746235218597661
18,54,107.0,120.30601650799458,-13.306016507994585
18,55,106.0,121.44340515796489,-15.44340515796489
18,56,105.0,119.83074008092788,-14.830740080927882
18,57,104.0,120.23337117691287,-16.23337117691287
18,58,103.0,111.74548688857193,-8.745486888571932
18,59,102.0,113.86974238995614,-11.869742389956144
18,60,101.0,114.65343812939221,-13.653438129392214
18,61,100.0,114.43471064294751,-14.434710642947508
18,62,99.0,113.746833790667,-14.746833790666997
18,63,98.0,106.91966470685047,-8.919664706850469
18,64,97.0,107.80170050651283,-10.80170050651283
18,65,96.0,98.64622508034998,-2.6462250803499785
18,66,95.0,111.08877701970715,-16.088777019707152
18,67,94.0,113.06427512138593,-19.064275121385933
18,68,93.0,107.56426569663394,-14.564265696633939
18,69,92.0,116.15888936556917,-24.158889365569166
18,70,91.0,109.39895550626063,-18.398955506260634
18,71,90.0,109.14749898098385,-19.147498980983855
18,72,89.0,107.14229144179177,-18.14229144179177
18,73,88.0,108.9428919203399,-20.942891920339903
18,74,87.0,111.54173048180434,-24.541730481804336
18,75,86.0,112.82966122100605,-26.82966122100605
18,76,85.0,114.19917959125415,-29.19917959125415
18,77,84.0,110.35503431416566,-26.355034314165664
18,78,83.0,121.70371766077764,-38.70371766077764
18,79,82.0,115.69843292197594,-33.698432921975936
18,80,81.0,111.24078649176221,-30.240786491762208
18,81,80.0,111.09229853760277,-31.092298537602773
18,82,79.0,109.12913824295755,-30.129138242957552
18,83,78.0,102.52659249738198,-24.526592497381984
18,84,77.0,102.39844925084316,-25.398449250843157
18,85,76.0,106.95783865502553,-30.957838655025526
18,86,75.0,99.51805183984959,-24.51805183984959
18,87,74.0,97.84728586768905,-23.847285867689052
18,88,73.0,92.00701100006594,-19.007011000065944
18,89,72.0,88.43051187676544,-16.430511876765436
18,90,71.0,81.80511720621509,-10.805117206215087
18,91,70.0,75.68805063005018,-5.688050630050185
18,92,69.0,84.07715489252662,-15.077154892526622
18,93,68.0,71.1555957995632,-3.1555957995632014
18,94,67.0,74.18221005016892,-7.182210050168919
18,95,66.0,72.34758662011276,-6.347586620112764
18,96,65.0,78.60421234288042,-13.604212342880416
18,97,64.0,74.77435181972108,-10.774351819721076
18,98,63.0,71.40331388145547,-8.403313881455475
18,99,62.0,68.07671664044834,-6.076716640448339
18,100,61.0,68.82132222290328,-7.821322222903277
18,101,60.0,69.36670748370105,-9.366707483701049
18,102,59.0,68.60412672565145,-9.604126725651454
18,103,58.0,67.33266778552668,-9.33266778552668
18,104,57.0,67.42717872653205,-10.427178726532048
18,105,56.0,66.78688039387268,-10.786880393872678
18,106,55.0,66.53422194656206,-11.534221946562056
18,107,54.0,70.070206589002,-16.070206589001998
18,108,53.0,64.70802484366001,-11.708024843660013
18,109,52.0,63.70878956577568,-11.708789565775682
18,110,51.0,62.42417336239466,-11.424173362394662
18,111,50.0,64.16830723331408,-14.168307233314081
18,112,49.0,62.8681201081783,-13.868120108178303
18,113,48.0,58.90460738854243,-10.90460738854243
18,114,47.0,54.49404572245397,-7.4940457224539685
18,115,46.0,58.46315207422472,-12.463152074224723
18,116,45.0,56.91294356302818,-11.912943563028179
18,117,44.0,56.86422078738363,-12.86422078738363
18,118,43.0,56.569280973655324,-13.569280973655324
18,119,42.0,53.049102701861294,-11.049102701861294
18,120,41.0,57.32466283361886,-16.32466283361886
18,121,40.0,50.40475053910027,-10.40475053910027
18,122,39.0,50.64003389088071,-11.640033890880709
18,123,38.0,45.50532033241713,-7.505320332417128
18,124,37.0,40.67843720745643,-3.678437207456433
18,125,36.0,39.32141671302735,-3.3214167130273466
18,126,35.0,35.98045196233989,-0.9804519623398917
18,127,34.0,36.29750687516527,-2.2975068751652685
18,128,33.0,38.10009929957994,-5.100099299579938
18,129,32.0,34.705979413069024,-2.7059794130690236
18,130,31.0,32.92273113704527,-1.9227311370452682
18,131,30.0,32.446259247951446,-2.4462592479514456
18,132,29.0,33.94418590065734,-4.944185900657338
18,133,28.0,31.05775887721708,-3.057758877217079
19,1,221.0,125.0,96.0
19,2,220.0,122.6436478884846,97.3563521115154
19,3,219.0,125.0,94.0
19,4,218.0,125.0,93.0
19,5,217.0,125.0,92.0
19,6,216.0,125.0,91.0
19,7,215.0,123.12568937977827,91.87431062022173
19,8,214.0,125.0,89.0
19,9,213.0,125.0,88.0
19,10,212.0,125.0,87.0
19,11,211.0,125.0,86.0
19,12,210.0,125.0,85.0
19,13,209.0,125.0,84.0
19,14,208.0,125.0,83.0
19,15,207.0,125.0,82.0
19,16,206.0,124.33579359794561,81.66420640205439
19,17,205.0,125.0,80.0
19,18,204.0,123.7003682465259,80.2996317534741
19,19,203.0,125.0,78.0
19,20,202.0,119.2849871976034,82.7150128023966
19,21,201.0,113.70146205159942,87.29853794840058
19,22,200.0,118.7379500031837,81.2620499968163
19,23,199.0,121.09863027460958,77.90136972539042
19,24,198.0,123.10791530701364,74.89208469298636
19,25,197.0,115.34262097836844,81.65737902163156
19,26,196.0,116.653284856254,79.346715143746
19,27,195.0,119.60305168239051,75.39694831760949
19,28,194.0,118.32671244672247,75.67328755327753
19,29,193.0,109.22821035162028,83.77178964837972
19,30,192.0,121.00816591635326,70.99183408364674
19,31,191.0,119.69509374846957,71.30490625153043
19,32,190.0,119.43689444337946,70.56310555662054
19,33,189.0,119.85546177696129,69.14453822303871
19,34,188.0,119.84147704993777,68.15852295006223
19,35,187.0,122.12635912453526,64.87364087546474
19,36,186.0,122.56710600102997,63.43289399897003
19,37,185.0,118.56151905599225,66.43848094400775
19,38,184.0,120.50425707566166,63.495742924338344
19,39,183.0,116.34755963867678,66.65244036132322
19,40,182.0,116.85313069932982,65.14686930067018
19,41,181.0,118.84455541198423,62.15544458801577
19,42,180.0,122.73823846609433,57.26176153390567
19,43,179.0,121.44055702823148,57.55944297176852
19,44,178.0,121.43007757606371,56.56992242393629
19,45,177.0,122.48074701030332,54.51925298969668
19,46,176.0,122.21668474303691,53.78331525696309
19,47,175.0,122.03530494648037,52.964695053519634
19,48,174.0,122.66061184286772,51.33938815713228
19,49,173.0,122.70824595428276,50.29175404571724
19,50,172.0,123.13801955317432,48.86198044682568
19,51,171.0,123.31114292788509,47.688857072114914
19,52,170.0,122.51920147418555,47.48079852581445
19,53,169.0,122.87851646805622,46.12148353194378
19,54,168.0,119.84494477251329,48.15505522748671
19,55,167.0,121.78642069812373,45.213579301876266
19,56,166.0,115.3721367347333,50.6278632652667
19,57,165.0,121.24292114851069,43.75707885148931
19,58,164.0,123.65126442121084,40.34873557878916
19,59,163.0,124.03915835816318,38.96084164183682
19,60,162.0,123.58100944930219,38.41899055069781
19,61,161.0,123.11912369438811,37.88087630561189
19,62,160.0,124.49759075737204,35.50240924262796
19,63,159.0,123.79814555624267,35.20185444375733
19,64,158.0,123.93725489554521,34.06274510445479
19,65,157.0,124.76632901089079,32.233670989109214
19,66,156.0,123.53597837357485,32.46402162642515
19,67,155.0,119.15853061599516,35.84146938400484
19,68,154.0,121.7960825540224,32.203917445977595
19,69,153.0,122.47094578233907,30.529054217660928
19,70,152.0,120.75459335325061,31.245406646749387
19,71,151.0,118.68219595892566,32.31780404107434
19,72,150.0,120.06754535542288,29.93245464457712
19,73,149.0,119.06452118926809,29.935478810731908
19,74,148.0,115.99860742955221,32.00139257044779
19,75,147.0,116.67279879019942,30.327201209800577
19,76,146.0,115.56127305828488,30.438726941715117
19,77,145.0,113.95676777809825,31.043232221901746
19,78,144.0,117.36507437841347,26.634925621586532
19,79,143.0,112.31950624188445,30.680493758115546
19,80,142.0,117.41190480107505,24.588095198924947
19,81,141.0,117.03624890067954,23.96375109932046
19,82,140.0,118.08182056876873,21.918179431231266
19,83,139.0,108.56194417534904,30.43805582465096
19,84,138.0,111.19198004883822,26.808019951161782
19,85,137.0,113.30920040154423,23.69079959845577
19,86,136.0,113.38129711987547,22.61870288012453
19,87,135.0,114.98574263451977,20.014257365480233
19,88,134.0,113.5488837747645,20.451116225235495
19,89,133.0,109.59477173909544,23.405228260904565
19,90,132.0,109.6485211892892,22.351478810710802
19,91,131.0,108.21002451145058,22.789975488549416
19,92,130.0,110.7716904070276,19.228309592972394
19,93,129.0,111.90686706190968,17.09313293809032
19,94,128.0,107.92961547287379,20.07038452712621
19,95,127.0,106.70358591266285,20.296414087337155
19,96,126.0,112.14313088065872,13.856869119341283
19,97,125.0,106.16446604052136,18.83553395947864
19,98,124.0,105.84494238679217,18.15505761320783
19,99,123.0,110.61922473083686,12.380775269163138
19,100,122.0,103.69178433327674,18.308215666723257
19,101,121.0,109.97464879816695,11.025351201833047
19,102,120.0,106.74382009314469,13.256179906855309
19,103,119.0,106.43307054752746,12.566929452472536
19,104,118.0,108.5188064278182,9.481193572181795
19,105,117.0,107.53814253854438,9.461857461455622
19,106,116.0,112.17387940490981,3.826120595090188
19,107,115.0,111.71743887556104,3.2825611244389563
19,108,114.0,110.70195311876402,3.298046881235976
19,109,113.0,102.67460125017074,10.325398749829262
19,110,112.0,103.93710009115175,8.062899908848252
19,111,111.0,105.16007406646561,5.8399259335343885
19,112,110.0,109.37749663652048,0.6225033634795238
19,113,109.0,109.89431090044918,-0.8943109004491845
19,114,108.0,104.93681671219771,3.063183287802289
19,115,107.0,102.65889173575367,4.34110826424633
19,116,106.0,97.80013174420165,8.19986825579835
19,117,105.0,100.00931647392935,4.990683526070654
19,118,104.0,102.31105542912738,1.6889445708726214
19,119,103.0,101.13040111154265,1.8695988884573467
19,120,102.0,102.39000664154462,-0.3900066415446162
19,121,101.0,114.11757071900657,-13.117570719006565
19,122,100.0,108.1280563177947,-8.128056317794702
19,123,99.0,108.15984458974513,-9.159844589745134
19,124,98.0,102.47156691268397,-4.4715669126839686
19,125,97.0,94.07348580623511,2.9265141937648878
19,126,96.0,99.21319522683928,-3.213195226839275
19,127,95.0,97.60683629655523,-2.6068362965552296
19,128,94.0,92.65317381756337,1.3468261824366294
19,129,93.0,85.03426733087569,7.965732669124307
19,130,92.0,83.34471462752389,8.655285372476115
19,131,91.0,89.68808622777699,1.3119137722230079
19,132,90.0,88.09211562563128,1.9078843743687202
19,133,89.0,87.51498963448795,1.4850103655120535
19,134,88.0,91.90795366394558,-3.9079536639455767
19,135,87.0,80.65840092569327,6.341599074306728
20,1,199.0,124.38416251481605,74.61583748518395
20,2,198.0,124.81913767611653,73.18086232388347
20,3,197.0,125.0,72.0
20,4,196.0,124.2094972633933,71.7905027366067
20,5,195.0,125.0,70.0
20,6,194.0,122.98654796397658,71.01345203602342
20,7,193.0,120.31393165864824,72.68606834135176
20,8,192.0,125.0,67.0
20,9,191.0,124.1991959873784,66.8008040126216
20,10,190.0,125.0,65.0
20,11,189.0,125.0,64.0
20,12,188.0,119.80014928195152,68.19985071804848
20,13,187.0,121.15100452194194,65.84899547805806
20,14,186.0,123.30395024778852,62.69604975221148
20,15,185.0,122.85635731812903,62.14364268187097
20,16,184.0,124.3718374622687,59.6281625377313
20,17,183.0,124.09861992027582,58.90138007972418
20,18,182.0,124.76750148630482,57.23249851369518
20,19,181.0,125.0,56.0
20,20,180.0,124.41729470282368,55.58270529717632
20,21,179.0,124.8381627416738,54.1618372583262
20,22,178.0,122.96386939489844,55.03613060510156
20,23,177.0,123.31200339755286,53.68799660244714
20,24,176.0,122.79630063316338,53.20369936683662
20,25,175.0,124.03202464360916,50.96797535639084
20,26,174.0,123.56892288971514,50.43107711028486
20,27,173.0,123.77723703340381,49.22276296659619
20,28,172.0,121.7512774172374,50.248722582762596
20,29,171.0,117.65556088821094,53.34443911178906
20,30,170.0,122.19191154936716,47.80808845063284
20,31,169.0,121.59205035507303,47.40794964492697
20,32,168.0,121.23156008715137,46.768439912848635
20,33,167.0,118.14689715933903,48.853102840660966
20,34,166.0,118.31956798780134,47.680432012198665
20,35,165.0,120.05299245100925,44.947007548990754
20,36,164.0,120.01035124158149,43.98964875841851
20,37,163.0,121.26356162265108,41.73643837734892
20,38,162.0,123.47564696790828,38.524353032091724
20,39,161.0,123.21097600213957,37.789023997860426
20,40,160.0,122.51923701114931,37.480762988850685
20,41,159.0,122.88115873116098,36.11884126883902
20,42,158.0,122.57622697335867,35.42377302664133
20,43,157.0,123.68522174999572,33.31477825000428
20,44,156.0,122.12878052259164,33.87121947740836
20,45,155.0,121.94484914266316,33.05515085733684
20,46,154.0,122.77857707184087,31.22142292815913
20,47,153.0,122.0072941400716,30.992705859928407
20,48,152.0,121.68941737194436,30.31058262805564
20,49,151.0,123.1923654385947,27.807634561405294
20,50,150.0,123.3237605633388,26.676239436661206
20,51,149.0,123.05249157816621,25.94750842183379
20,52,148.0,122.81682647774348,25.183173522256524
20,53,147.0,120.84613919414457,26.15386080585543
20,54,146.0,122.6842267870526,23.315773212947406
20,55,145.0,122.0023782043563,22.997621795643695
20,56,144.0,120.88400424894665,23.115995751053347
20,57,143.0,121.95309772470416,21.046902275295835
20,58,142.0,121.14636675577755,20.85363324422245
20,59,141.0,121.0163272096876,19.983672790312397
20,60,140.0,122.92879209072086,17.07120790927914
20,61,139.0,122.8417504159546,16.158249584045393
20,62,138.0,122.99434815207275,15.005651847927254
20,63,137.0,122.02414527098821,14.975854729011786
20,64,136.0,117.62877307869286,18.37122692130714
20,65,135.0,117.77351253339127,17.22648746660873
20,66,134.0,115.68432298329708,18.31567701670292
20,67,133.0,114.3317348354564,18.668265164543598
20,68,132.0,114.47670293198946,17.523297068010535
20,69,131.0,112.32650420353131,18.673495796468686
20,70,130.0,111.94257492193357,18.05742507806643
20,71,129.0,112.39914213020766,16.600857869792335
20,72,128.0,112.98085116884725,15.019148831152748
20,73,127.0,114.29670638719543,12.703293612804572
20,74,126.0,113.88358922948159,12.116410770518414
20,75,125.0,114.70137286861124,10.298627131388756
20,76,124.0,115.48809726177309,8.511902738226908
20,77,123.0,114.89568483692554,8.10431516307446
20,78,122.0,116.52760803694918,5.472391963050825
20,79,121.0,114.43977059050394,6.56022940949606
20,80,120.0,113.59519737779559,6.404802622204414
20,81,119.0,114.0621614951954,4.937838504804603
20,82,118.0,116.22516358873139,1.774836411268609
20,83,117.0,114.82921890005046,2.1707810999495365
20,84,116.0,119.70242542968595,-3.7024254296859453
20,85,115.0,119.6170162191308,-4.617016219130804
20,86,114.0,122.39179208918323,-8.391792089183227
20,87,113.0,122.16086430844663,-9.160864308446634
20,88,112.0,120.91361574580385,-8.913615745803853
20,89,111.0,122.12878259374936,-11.128782593749364
20,90,110.0,121.15048539531276,-11.150485395312757
20,91,109.0,119.39347305564708,-10.393473055647078
20,92,108.0,121.74105341205308,-13.741053412053077
20,93,107.0,121.29776983047408,-14.297769830474081
20,94,106.0,122.90252429030008,-16.90252429030008
20,95,105.0,119.91839294185986,-14.918392941859864
20,96,104.0,117.71274208627601,-13.712742086276009
20,97,103.0,113.24196889975656,-10.241968899756557
20,98,102.0,115.09756275903028,-13.097562759030282
20,99,101.0,109.42404174079957,-8.424041740799566
20,100,100.0,111.67630248699736,-11.676302486997358
20,101,99.0,113.15322713057384,-14.153227130573839
20,102,98.0,117.23567242144144,-19.235672421441436
20,103,97.0,117.58157781015082,-20.58157781015082
20,104,96.0,119.31607993511255,-23.316079935112555
20,105,95.0,112.77398569110674,-17.773985691106745
20,106,94.0,117.36549101395585,-23.365491013955847
20,107,93.0,119.36477131257207,-26.364771312572074
20,108,92.0,117.22985395596882,-25.22985395596882
20,109,91.0,116.42692101393088,-25.42692101393088
20,110,90.0,110.39162844817646,-20.391628448176462
20,111,89.0,115.47855017028766,-26.47855017028766
20,112,88.0,108.85219953924071,-20.852199539240715
20,113,87.0,115.14070318784957,-28.140703187849567
20,114,86.0,109.61379505832879,-23.61379505832879
20,115,85.0,110.9330237897396,-25.933023789739593
20,116,84.0,108.46581646948148,-24.46581646948148
20,117,83.0,107.77687254412619,-24.776872544126192
20,118,82.0,110.16525131797812,-28.165251317978118
20,119,81.0,107.28056823769147,-26.28056823769147
20,120,80.0,111.647639354684,-31.647639354684003
20,121,79.0,115.63728551952701,-36.63728551952701
20,122,78.0,113.48308949158172,-35.48308949158172
20,123,77.0,111.71109692836272,-34.71109692836272
20,124,76.0,98.6324630778923,-22.632463077892297
20,125,75.0,108.9287026869218,-33.928702686921795
20,126,74.0,97.93154918167109,-23.931549181671087
20,127,73.0,88.09300724110918,-15.093007241109177
20,128,72.0,82.52192423165297,-10.521924231652974
20,129,71.0,84.14524588029288,-13.145245880292876
20,130,70.0,80.46687993962665,-10.46687993962665
20,131,69.0,72.68450786296327,-3.6845078629632724
20,132,68.0,69.82464088626574,-1.8246408862657404
20,133,67.0,65.39419903616849,1.6058009638315127
20,134,66.0,65.3454722926195,0.6545277073804954
20,135,65.0,64.1798411327856,0.8201588672144027
20,136,64.0,77.54362970912419,-13.54362970912419
20,137,63.0,64.54005850023403,-1.540058500234025
20,138,62.0,69.36281518172005,-7.362815181720052
20,139,61.0,75.05632562667338,-14.056325626673384
20,140,60.0,70.66888945498354,-10.668889454983542
20,141,59.0,72.44840943590516,-13.448409435905162
20,142,58.0,64.63437151799774,-6.634371517997735
20,143,57.0,64.08350934419259,-7.083509344192592
20,144,56.0,61.23559028098358,-5.23559028098358
20,145,55.0,52.16792606638315,2.8320739336168472
20,146,54.0,64.19735412958433,-10.197354129584326
20,147,53.0,62.075651775165234,-9.075651775165234
20,148,52.0,55.52780518682416,-3.5278051868241604
20,149,51.0,59.1714759128607,-8.1714759128607
20,150,50.0,60.619583434312695,-10.619583434312695
20,151,49.0,53.864913751522494,-4.864913751522494
20,152,48.0,48.56470226238454,-0.564702262384543
20,153,47.0,50.90673821978342,-3.9067382197834206
20,154,46.0,45.25800223315227,0.7419977668477316
20,155,45.0,48.74892022933025,-3.7489202293302526
20,156,44.0,41.01856574288973,2.9814342571102728
20,157,43.0,41.57787251928919,1.422127480710813
20,158,42.0,34.36624062410441,7.633759375895593
20,159,41.0,39.50824939276617,1.4917506072338327
20,160,40.0,40.4217818386374,-0.4217818386374006
20,161,39.0,40.88891949992403,-1.8889194999240289
20,162,38.0,29.090720473320314,8.909279526679686
20,163,37.0,32.407193168402756,4.592806831597244
20,164,36.0,35.87597468954746,0.12402531045253795
20,165,35.0,32.46192504923362,2.5380749507663793
20,166,34.0,32.56006369995494,1.439936300045062
20,167,33.0,31.368921228096053,1.6310787719039475
20,168,32.0,31.647397201735682,0.35260279826431784
20,169,31.0,29.699652003822987,1.3003479961770132
20,170,30.0,28.897721876891442,1.102278123108558
20,171,29.0,31.214829347123874,-2.2148293471238745
20,172,28.0,30.573205320317033,-2.573205320317033
20,173,27.0,32.2165001454134,-5.216500145413399
20,174,26.0,31.775887450824197,-5.775887450824197
20,175,25.0,30.547442986371898,-5.547442986371898
20,176,24.0,29.47776873515408,-5.477768735154079
20,177,23.0,28.431444086787785,-5.431444086787785
20,178,22.0,27.78001186692157,-5.780011866921569
20,179,21.0,24.77029121134957,-3.7702912113495692
20,180,20.0,18.494515441715045,1.5054845582849552
20,181,19.0,15.564776098552782,3.435223901447218
20,182,18.0,14.318970930216734,3.681029069783266
20,183,17.0,12.65020693583664,4.349793064163361
20,184,16.0,11.212089597959253,4.7879104020407475
21,1,204.0,124.4427306221506,79.5572693778494
21,2,203.0,125.0,78.0
21,3,202.0,113.74933105354167,88.25066894645833
21,4,201.0,112.53562603894582,88.46437396105418
21,5,200.0,109.55667250881784,90.44332749118216
21,6,199.0,109.88939928276169,89.11060071723831
21,7,198.0,110.84399778326211,87.15600221673789
21,8,197.0,111.24112233855718,85.75887766144282
21,9,196.0,120.47813853097392,75.52186146902608
21,10,195.0,121.84162244747091,73.15837755252909
21,11,194.0,125.0,69.0
21,12,193.0,125.0,68.0
21,13,192.0,123.33387694337898,68.66612305662102
21,14,191.0,124.36772522217015,66.63227477782985
21,15,190.0,118.3926667720181,71.6073332279819
21,16,189.0,120.23713126518228,68.76286873481772
21,17,188.0,121.53395651318175,66.46604348681825
21,18,187.0,119.6446685488284,67.3553314511716
21,19,186.0,122.13951217719142,63.86048782280858
21,20,185.0,118.85349058229447,66.14650941770553
21,21,184.0,120.31682495795071,63.683175042049285
21,22,183.0,121.43384118977676,61.56615881022324
21,23,182.0,121.7168884305051,60.283111569494906
21,24,181.0,122.43076832581704,58.56923167418296
21,25,180.0,122.56362547018036,57.436374529819645
21,26,179.0,121.49050419114118,57.509495808858816
21,27,178.0,123.49268522875958,54.50731477124042
21,28,177.0,124.03239081997762,52.96760918002238
21,29,176.0,123.06735092834602,52.932649071653984
21,30,175.0,123.40808892513036,51.59191107486964
21,31,174.0,122.56523532435939,51.43476467564061
21,32,173.0,121.11957001387792,51.88042998612208
21,33,172.0,117.43644329385036,54.56355670614964
21,34,171.0,119.70223535184171,51.29776464815829
21,35,170.0,120.92372681809117,49.07627318190883
21,36,169.0,121.82496253173358,47.175037468266424
21,37,168.0,121.1082722751631,46.8917277248369
21,38,167.0,122.90799144298138,44.092008557018616
21,39,166.0,123.56170305967318,42.43829694032682
21,40,165.0,124.07117432965964,40.92882567034036
21,41,164.0,122.0896144317544,41.9103855682456
21,42,163.0,123.98483569018687,39.01516430981313
21,43,162.0,122.57093701581907,39.42906298418093
21,44,161.0,121.76395669449579,39.23604330550421
21,45,160.0,122.39218457533283,37.607815424667166
21,46,159.0,119.8777758546006,39.1222241453994
21,47,158.0,120.73717783733964,37.262822162660356
21,48,157.0,119.73077799600489,37.26922200399511
21,49,156.0,119.01813892352145,36.98186107647855
21,50,155.0,118.78378434893,36.21621565107
21,51,154.0,120.55504486430291,33.444955135697086
21,52,153.0,120.06106821719402,32.93893178280598
21,53,152.0,118.8084135404146,33.191586459585395
21,54,151.0,119.41502169935805,31.58497830064195
21,55,150.0,117.34155157837695,32.65844842162305
21,56,149.0,116.46741476451983,32.53258523548017
21,57,148.0,119.77437057677672,28.225629423223282
21,58,147.0,120.83416280840255,26.165837191597447
21,59,146.0,119.0775935909995,26.9224064090005
21,60,145.0,120.06286328304115,24.937136716958847
21,61,144.0,120.68259029611848,23.317409703881523
21,62,143.0,120.84155024434945,22.15844975565055
21,63,142.0,122.50013322064775,19.499866779352246
21,64,141.0,122.75103165486003,18.24896834513997
21,65,140.0,121.90384969990419,18.096150300095815
21,66,139.0,123.18614480815062,15.813855191849385
21,67,138.0,123.35972212060243,14.640277879397573
21,68,137.0,122.55909959752042,14.440900402479585
21,69,136.0,123.96990403868811,12.030095961311886
21,70,135.0,124.80597865433643,10.194021345663572
21,71,134.0,123.31714448204495,10.682855517955048
21,72,133.0,123.08700799448299,9.912992005517012
21,73,132.0,123.24637585508835,8.753624144911655
21,74,131.0,122.5099589725829,8.490041027417107
21,75,130.0,122.52699858403821,7.4730014159617895
21,76,129.0,122.62792606628912,6.37207393371088
21,77,128.0,122.91880285620738,5.081197143792622
21,78,127.0,122.95710801559242,4.042891984407575
21,79,126.0,122.79025821684723,3.209741783152765
21,80,125.0,122.29593568455734,2.7040643154426647
21,81,124.0,122.34569206036512,1.6543079396348759
21,82,123.0,113.49286329523537,9.507136704764633
21,83,122.0,120.68296197195814,1.317038028041864
21,84,121.0,117.91385239977835,3.0861476002216506
21,85,120.0,117.95585801907842,2.04414198092158
21,86,119.0,117.84454354286652,1.1554564571334822
21,87,118.0,118.47781564050914,-0.47781564050913516
21,88,117.0,121.29075274743677,-4.29075274743677
21,89,116.0,120.50477226569954,-4.504772265699543
21,90,115.0,119.4586061019727,-4.4586061019727055
21,91,114.0,120.85199005272119,-6.851990052721192
21,92,113.0,117.13050865651755,-4.130508656517549
21,93,112.0,117.82929548562394,-5.829295485623945
21,94,111.0,109.81849127474173,1.1815087252582686
21,95,110.0,113.91875500874013,-3.918755008740135
21,96,109.0,109.80955683709738,-0.8095568370973751
21,97,108.0,103.66172905206002,4.338270947939975
21,98,107.0,107.15607825799191,-0.15607825799190778
21,99,106.0,107.6503879827145,-1.6503879827145056
21,100,105.0,107.13130204183908,-2.131302041839078
21,101,104.0,110.6174135880231,-6.617413588023098
21,102,103.0,112.75531392305955,-9.755313923059546
21,103,102.0,112.33651261265494,-10.336512612654943
21,104,101.0,111.8105026836601,-10.810502683660104
21,105,100.0,111.06496283245798,-11.06496283245798
21,106,99.0,112.37742244496415,-13.377422444964154
21,107,98.0,108.50251192181192,-10.502511921811916
21,108,97.0,112.27580441388797,-15.275804413887968
21,109,96.0,107.75855174776001,-11.75855174776001
21,110,95.0,109.06885588421312,-14.068855884213121
21,111,94.0,109.95311011099031,-15.953110110990309
21,112,93.0,109.38074527740194,-16.380745277401942
21,113,92.0,108.94605551544966,-16.946055515449657
21,114,91.0,101.25201614133019,-10.252016141330188
21,115,90.0,96.71599768685499,-6.71599768685499
21,116,89.0,86.1799956189682,2.8200043810317936
21,117,88.0,91.43051896502803,-3.4305189650280283
21,118,87.0,86.87952249736054,0.12047750263946
21,119,86.0,89.91443654810527,-3.9144365481052716
21,120,85.0,102.81319171191146,-17.813191711911458
21,121,84.0,93.77064783978365,-9.77064783978365
21,122,83.0,83.93988977164784,-0.9398897716478416
21,123,82.0,83.8750762014137,-1.8750762014137052
21,124,81.0,82.0837813726131,-1.0837813726131031
21,125,80.0,83.33116186795704,-3.331161867957036
21,126,79.0,83.73774725709642,-4.737747257096416
21,127,78.0,79.69015548360238,-1.690155483602382
21,128,77.0,78.88170087895229,-1.8817008789522873
21,129,76.0,78.09906518422773,-2.099065184227726
21,130,75.0,79.60579363473501,-4.605793634735008
21,131,74.0,80.66083530383267,-6.66083530383267
21,132,73.0,78.35109327086163,-5.351093270861625
21,133,72.0,73.57716726123586,-1.5771672612358572
21,134,71.0,75.40516652769331,-4.405166527693311
21,135,70.0,72.02072698529429,-2.0207269852942886
21,136,69.0,71.10511050530941,-2.105110505309412
21,137,68.0,70.17693693115702,-2.176936931157016
21,138,67.0,72.22431123120744,-5.224311231207437
21,139,66.0,73.08501344876333,-7.085013448763334
21,140,65.0,71.99797058660967,-6.997970586609668
21,141,64.0,70.17112854575375,-6.171128545753746
21,142,63.0,67.96756026338734,-4.967560263387341
21,143,62.0,68.33203127703078,-6.332031277030779
21,144,61.0,65.4677310433518,-4.4677310433518045
21,145,60.0,61.96189257830888,-1.961892578308877
21,146,59.0,65.58635789132168,-6.586357891321683
21,147,58.0,64.95376913151595,-6.953769131515955
21,148,57.0,64.34386595080908,-7.343865950809075
22,1,149.0,124.2188735251418,24.781126474858198
22,2,148.0,123.52059575967728,24.479404240322722
22,3,147.0,114.73240486158403,32.26759513841597
22,4,146.0,125.0,21.0
22,5,145.0,125.0,20.0
22,6,144.0,125.0,19.0
22,7,143.0,125.0,18.0
22,8,142.0,115.55042173123623,26.449578268763773
22,9,141.0,121.79753298288402,19.20246701711598
22,10,140.0,123.88605624765333,16.11394375234667
22,11,139.0,124.20500537582353,14.794994624176468
22,12,138.0,125.0,13.0
22,13,137.0,124.68172677098948,12.318273229010515
22,14,136.0,120.35968236353933,15.640317636460665
22,15,135.0,121.30771542593884,13.692284574061162
22,16,134.0,122.20797306056137,11.792026939438628
22,17,133.0,125.0,8.0
22,18,132.0,125.0,7.0
22,19,131.0,125.0,6.0
22,20,130.0,123.8667484932869,6.133251506713094
22,21,129.0,125.0,4.0
22,22,128.0,125.0,3.0
22,23,127.0,124.73195268185265,2.268047318147353
22,24,126.0,125.0,1.0
22,25,125.0,125.0,0.0
22,26,124.0,124.7012348970597,-0.701234897059706
22,27,123.0,124.86021123865805,-1.860211238658053
22,28,122.0,125.0,-3.0
22,29,121.0,125.0,-4.0
22,30,120.0,124.13619758515861,-4.136197585158612
22,31,119.0,123.62543544541076,-4.6254354454107585
22,32,118.0,123.80409162193287,-5.804091621932869
22,33,117.0,121.5502458221113,-4.550245822111293
22,34,116.0,124.51779538956633,-8.51779538956633
22,35,115.0,123.96362829671287,-8.96362829671287
22,36,114.0,122.98503552972309,-8.985035529723092
22,37,113.0,121.40106514250635,-8.401065142506354
22,38,112.0,123.82655318110561,-11.82655318110561
22,39,111.0,123.98286931737006,-12.98286931737006
23,1,242.0,124.7333551360318,117.2666448639682
23,2,241.0,125.0,116.0
23,3,240.0,113.86646652896995,126.13353347103005
23,4,239.0,125.0,114.0
23,5,238.0,125.0,113.0
23,6,237.0,125.0,112.0
23,7,236.0,125.0,111.0
23,8,235.0,125.0,110.0
23,9,234.0,125.0,109.0
23,10,233.0,125.0,108.0
23,11,232.0,123.9304239666395,108.0695760333605
23,12,231.0,125.0,106.0
23,13,230.0,121.92324975627108,108.07675024372892
23,14,229.0,125.0,104.0
23,15,228.0,125.0,103.0
23,16,227.0,125.0,102.0
23,17,226.0,123.55248645927563,102.44751354072437
23,18,225.0,125.0,100.0
23,19,224.0,124.75260447576764,99.24739552423236
23,20,223.0,125.0,98.0
23,21,222.0,125.0,97.0
23,22,221.0,125.0,96.0
23,23,220.0,125.0,95.0
23,24,219.0,125.0,94.0
23,25,218.0,125.0,93.0
23,26,217.0,125.0,92.0
23,27,216.0,125.0,91.0
23,28,215.0,125.0,90.0
23,29,214.0,124.65553689650284,89.34446310349716
23,30,213.0,124.9178763604332,88.0821236395668
23,31,212.0,123.49740693987042,88.50259306012958
23,32,211.0,124.1450812714063,86.8549187285937
23,33,210.0,123.05224631183629,86.94775368816371
23,34,209.0,125.0,84.0
23,35,208.0,125.0,83.0
23,36,207.0,125.0,82.0
23,37,206.0,125.0,81.0
23,38,205.0,124.7383666185488,80.2616333814512
23,39,204.0,124.06159175678842,79.93840824321158
23,40,203.0,125.0,78.0
23,41,202.0,124.08691188040613,77.91308811959387
23,42,201.0,123.9837241290203,77.0162758709797
23,43,200.0,119.110033726028,80.889966273972
23,44,199.0,121.13654765143325,77.86345234856675
23,45,198.0,121.70878649167832,76.29121350832168
23,46,197.0,124.02900146246337,72.97099853753663
23,47,196.0,123.81797808333145,72.18202191666855
23,48,195.0,124.99800099510968,70.00199900489032
23,49,194.0,125.0,69.0
23,50,193.0,123.67202525631178,69.32797474368822
23,51,192.0,124.33901668722625,67.66098331277375
23,52,191.0,124.92675330768273,66.07324669231727
23,53,190.0,125.0,65.0
23,54,189.0,123.42081849121885,65.57918150878115
23,55,188.0,124.10105680286195,63.89894319713805
23,56,187.0,123.21983348732184,63.780166512678164
23,57,186.0,124.62805673329153,61.37194326670847
23,58,185.0,125.0,60.0
23,59,184.0,123.91368534557415,60.08631465442585
23,60,183.0,124.1718551534959,58.8281448465041
23,61,182.0,121.16064358735959,60.83935641264041
23,62,181.0,123.12130857642342,57.87869142357658
23,63,180.0,122.780960352364,57.219039647635995
23,64,179.0,123.90446630626495,55.09553369373505
23,65,178.0,124.85420808726663,53.14579191273337
23,66,177.0,124.93620620139463,52.063793798605374
23,67,176.0,124.90039248604613,51.09960751395387
23,68,175.0,124.36418368469326,50.63581631530674
23,69,174.0,125.0,49.0
23,70,173.0,123.90511868476086,49.094881315239135
23,71,172.0,124.1776989248626,47.8223010751374
23,72,171.0,122.56987151119202,48.43012848880798
23,73,170.0,123.63375993833228,46.366240061667725
23,74,169.0,123.78843363826613,45.21156636173387
23,75,168.0,124.50852843222299,43.49147156777701
23,76,167.0,121.86079026218447,45.139209737815534
23,77,166.0,123.70854192045124,42.29145807954876
23,78,165.0,122.01181818093256,42.988181819067435
23,79,164.0,121.32173219682953,42.67826780317047
23,80,163.0,119.84252817229753,43.157471827702466
23,81,162.0,121.73669423877854,40.26330576122146
23,82,161.0,121.57816395022242,39.42183604977758
23,83,160.0,119.57900894207661,40.42099105792339
23,84,159.0,121.3993032234925,37.600696776507505
23,85,158.0,124.02437961571387,33.97562038428613
23,86,157.0,121.13972913300925,35.860270866990746
23,87,156.0,120.74569392673254,35.25430607326746
23,88,155.0,121.3017196418701,33.69828035812991
23,89,154.0,120.96123361305695,33.03876638694305
23,90,153.0,122.23745790020968,30.762542099790323
23,91,152.0,120.75585385897126,31.244146141028736
23,92,151.0,120.18107378759203,30.818926212407973
23,93,150.0,118.95003735123854,31.049962648761465
23,94,149.0,120.6387133368656,28.361286663134393
23,95,148.0,121.35893052969318,26.641069470306817
23,96,147.0,121.28811855582876,25.71188144417124
23,97,146.0,122.74824229859465,23.251757701405353
23,98,145.0,123.12590929411158,21.87409070588842
23,99,144.0,122.83864017567903,21.161359824320968
23,100,143.0,123.07984525598734,19.920154744012663
23,101,142.0,122.92226835334307,19.07773164665693
23,102,141.0,122.58175772471907,18.41824227528093
23,103,140.0,121.68000496824459,18.31999503175541
23,104,139.0,120.41904520761433,18.58095479238567
23,105,138.0,119.58305567602247,18.416944323977532
23,106,137.0,118.96707220962585,18.032927790374146
23,107,136.0,119.36936058405799,16.630639415942014
23,108,135.0,118.05957490433981,16.94042509566019
23,109,134.0,116.16027836354874,17.83972163645126
23,110,133.0,117.4943294850298,15.505670514970205
23,111,132.0,114.92037568255422,17.079624317445777
23,112,131.0,116.14006441502715,14.859935584972845
23,113,130.0,117.80317646220236,12.196823537797641
23,114,129.0,118.29304285066438,10.706957149335622
23,115,128.0,120.68848335028854,7.311516649711464
23,116,127.0,119.55120053868568,7.448799461314323
23,117,126.0,121.13588253638261,4.86411746361739
23,118,125.0,119.70595127881597,5.294048721184026
23,119,124.0,119.68816763904155,4.311832360958448
23,120,123.0,121.19903656365383,1.8009634363461657
23,121,122.0,121.24088952897178,0.7591104710282224
23,122,121.0,121.40571478269966,-0.4057147826996612
23,123,120.0,121.93067816263562,-1.9306781626356155
23,124,119.0,117.32748595023338,1.6725140497666189
23,125,118.0,114.6134196787869,3.3865803212131027
23,126,117.0,115.61350385283454,1.3864961471654595
23,127,116.0,113.64491500042628,2.3550849995737195
23,128,115.0,116.82702711462377,-1.8270271146237747
23,129,114.0,118.62956619169995,-4.629566191699951
23,130,113.0,118.2746738998177,-5.274673899817699
24,1,205.0,124.45614768249555,80.54385231750445
24,2,204.0,125.0,79.0
24,3,203.0,125.0,78.0
24,4,202.0,125.0,77.0
24,5,201.0,125.0,76.0
24,6,200.0,123.8799216792187,76.1200783207813
24,7,199.0,124.42603079818305,74.57396920181695
24,8,198.0,125.0,73.0
24,9,197.0,125.0,72.0
24,10,196.0,125.0,71.0
24,11,195.0,125.0,70.0
24,12,194.0,125.0,69.0
24,13,193.0,125.0,68.0
24,14,192.0,125.0,67.0
24,15,191.0,125.0,66.0
24,16,190.0,125.0,65.0
24,17,189.0,124.33099456201988,64.66900543798012
24,18,188.0,122.42642377981588,65.57357622018412
24,19,187.0,120.79649972105952,66.20350027894048
24,20,186.0,119.07036475555678,66.92963524444322
24,21,185.0,121.53327862344197,63.46672137655803
24,22,184.0,124.67871523851836,59.321284761481635
24,23,183.0,123.41245672390507,59.587543276094934
24,24,182.0,124.20732054492662,57.79267945507338
24,25,181.0,123.10221968226894,57.89778031773106
24,26,180.0,123.1702853543956,56.8297146456044
24,27,179.0,119.26226890165864,59.73773109834136
24,28,178.0,123.8230089614613,54.1769910385387
24,29,177.0,124.08622562184337,52.91377437815663
24,30,176.0,124.77119935351664,51.228800646483364
24,31,175.0,123.44756980125389,51.55243019874611
24,32,174.0,124.0349003798365,49.9650996201635
24,33,173.0,123.04591760760985,49.95408239239015
24,34,172.0,122.31608123984364,49.68391876015636
24,35,171.0,124.11460817035841,46.88539182964159
24,36,170.0,124.2069491695262,45.7930508304738
24,37,169.0,123.1560464893907,45.843953510609296
24,38,168.0,124.39551940904258,43.60448059095742
24,39,167.0,123.50558666912045,43.49441333087955
24,40,166.0,124.10857604093998,41.89142395906002
24,41,165.0,124.31429147239258,40.68570852760742
24,42,164.0,123.33493859412134,40.66506140587866
24,43,163.0,121.87164521125689,41.12835478874311
24,44,162.0,123.32667292559437,38.673327074405634
24,45,161.0,124.82051852008384,36.17948147991616
24,46,160.0,124.62553370265131,35.37446629734869
24,47,159.0,124.56210870633484,34.43789129366516
24,48,158.0,124.8793622777576,33.12063772224241
24,49,157.0,124.36901299808638,32.630987001913624
24,50,156.0,124.33616254056501,31.663837459434987
24,51,155.0,124.95502353695154,30.044976463048457
24,52,154.0,124.54071067747476,29.459289322525237
24,53,153.0,124.1102680993656,28.889731900634402
24,54,152.0,124.87101368806702,27.128986311932977
24,55,151.0,124.62419473971207,26.375805260287933
24,56,150.0,122.99005220849993,27.009947791500068
24,57,149.0,123.30642418610996,25.693575813890035
24,58,148.0,122.86240761524667,25.137592384753333
24,59,147.0,123.17437938584497,23.825620614155028
24,60,146.0,123.53293153935762,22.46706846064238
24,61,145.0,123.8958795797188,21.104120420281205
24,62,144.0,120.3645768452473,23.6354231547527
24,63,143.0,120.74762114071206,22.252378859287944
24,64,142.0,119.83655761330903,22.163442386690974
24,65,141.0,124.61878123538617,16.381218764613834
24,66,140.0,125.0,15.0
24,67,139.0,125.0,14.0
24,68,138.0,124.3180578243816,13.681942175618403
24,69,137.0,124.81859784598501,12.18140215401499
24,70,136.0,125.0,11.0
24,71,135.0,124.75193324181913,10.248066758180869
24,72,134.0,124.17171002713678,9.828289972863217
24,73,133.0,123.3596699075449,9.640330092455102
24,74,132.0,124.73667493887815,7.263325061121847
24,75,131.0,123.16966718349983,7.830332816500174
24,76,130.0,124.02896689314899,5.97103310685101
24,77,129.0,122.43551908578358,6.564480914216418
24,78,128.0,123.8009179594786,4.199082040521404
24,79,127.0,123.97672816759344,3.0232718324065644
24,80,126.0,123.22517587222025,2.774824127779752
24,81,125.0,122.27722464179126,2.722775358208736
24,82,124.0,121.69892798002562,2.3010720199743844
24,83,123.0,121.36683495756093,1.6331650424390745
24,84,122.0,119.41246119119074,2.5875388088092564
24,85,121.0,119.42172658014583,1.5782734198541704
24,86,120.0,115.28467372327388,4.715326276726117
24,87,119.0,116.23779928296356,2.7622007170364355
24,88,118.0,116.13670186931978,1.8632981306802208
24,89,117.0,117.49026054820611,-0.4902605482061091
24,90,116.0,116.37397030536468,-0.37397030536467923
24,91,115.0,119.65521051078292,-4.655210510782922
24,92,114.0,120.00653018041247,-6.006530180412469
24,93,113.0,118.83455557674532,-5.834555576745316
24,94,112.0,116.90040375568644,-4.90040375568644
24,95,111.0,119.93831168171218,-8.938311681712179
24,96,110.0,120.07501746014323,-10.07501746014323
24,97,109.0,120.52428026576666,-11.524280265766663
24,98,108.0,113.1530621967499,-5.1530621967499
24,99,107.0,117.81027608336716,-10.810276083367157
24,100,106.0,107.77529077988684,-1.775290779886845
24,101,105.0,115.73614363938916,-10.736143639389155
24,102,104.0,113.40219170493108,-9.402191704931084
24,103,103.0,112.84386097220533,-9.843860972205334
24,104,102.0,113.37449408552533,-11.374494085525328
24,105,101.0,104.44025673992827,-3.440256739928273
24,106,100.0,114.05715608017191,-14.057156080171907
24,107,99.0,115.92742691423133,-16.927426914231333
24,108,98.0,110.16170398032321,-12.16170398032321
24,109,97.0,112.94688874544025,-15.946888745440248
24,110,96.0,111.71555572758321,-15.715555727583208
24,111,95.0,113.017978068171,-18.017978068171004
24,112,94.0,104.40294912815074,-10.402949128150738
24,113,93.0,108.26071943929833,-15.260719439298327
24,114,92.0,105.55255887011195,-13.552558870111952
24,115,91.0,103.33028149809275,-12.330281498092745
24,116,90.0,103.82395953493432,-13.823959534934318
24,117,89.0,102.74915293837702,-13.749152938377023
24,118,88.0,102.25757533325917,-14.257575333259169
24,119,87.0,97.06534377211183,-10.06534377211183
24,120,86.0,103.1969846532025,-17.196984653202506
24,121,85.0,97.93723240859372,-12.937232408593715
24,122,84.0,97.70723370359651,-13.707233703596515
24,123,83.0,101.32756256114588,-18.327562561145882
24,124,82.0,99.39204051244698,-17.392040512446982
24,125,81.0,97.5650635796536,-16.565063579653597
24,126,80.0,95.75290581455495,-15.75290581455495
24,127,79.0,84.29567668394836,-5.295676683948358
24,128,78.0,83.70602051056902,-5.706020510569019
24,129,77.0,84.6417217448541,-7.641721744854095
24,130,76.0,79.88209669709418,-3.882096697094184
24,131,75.0,79.19587857350363,-4.195878573503634
24,132,74.0,76.34521035919282,-2.3452103591928193
24,133,73.0,75.32419695467189,-2.3241969546718906
24,134,72.0,74.57790738996425,-2.5779073899642526
24,135,71.0,76.54581297200056,-5.545812972000562
24,136,70.0,74.77987536724879,-4.779875367248792
24,137,69.0,75.23526605188685,-6.235266051886853
24,138,68.0,75.01136703595856,-7.011367035958557
24,139,67.0,71.0513573526555,-4.051357352655501
24,140,66.0,70.32358989852327,-4.323589898523267
24,141,65.0,68.05583856813904,-3.0558385681390376
24,142,64.0,65.61852383747576,-1.6185238374757631
24,143,63.0,63.27573526493869,-0.27573526493868883
24,144,62.0,62.36537900666838,-0.36537900666837686
24,145,61.0,57.4205563086353,3.579443691364702
24,146,60.0,58.951502108360096,1.0484978916399044
24,147,59.0,61.67788969713294,-2.6778896971329402
24,148,58.0,59.03276219084785,-1.0327621908478477
24,149,57.0,52.62290814310922,4.377091856890779
24,150,56.0,48.960101932567405,7.0398980674325955
24,151,55.0,53.919075754808304,1.0809242451916958
24,152,54.0,54.79861333096581,-0.7986133309658072
24,153,53.0,51.66969054879455,1.3303094512054514
24,154,52.0,51.667543999104055,0.3324560008959452
24,155,51.0,50.01254888162426,0.9874511183757377
24,156,50.0,49.640985390934134,0.35901460906586635
24,157,49.0,53.034188385880675,-4.034188385880675
24,158,48.0,51.95226595804195,-3.9522659580419486
24,159,47.0,48.34620668282128,-1.3462066828212826
24,160,46.0,46.606473482528386,-0.6064734825283864
24,161,45.0,44.40360839778863,0.5963916022113693
24,162,44.0,45.400262739727026,-1.400262739727026
24,163,43.0,41.33321917093647,1.6667808290635335
24,164,42.0,41.09828985813558,0.9017101418644202
24,165,41.0,38.52375800587784,2.4762419941221623
24,166,40.0,39.97522423516508,0.02477576483492072
24,167,39.0,39.951577048773885,-0.9515770487738848
24,168,38.0,39.11967671740975,-1.119676717409753
24,169,37.0,35.63530027044585,1.3646997295541468
24,170,36.0,38.521664027774925,-2.521664027774925
24,171,35.0,35.07926493484368,-0.07926493484367825
24,172,34.0,32.419553923508,1.5804460764920023
24,173,33.0,32.71788563203398,0.28211436796601674
24,174,32.0,37.10303735679698,-5.103037356796982
24,175,31.0,30.711273909744392,0.2887260902556079
24,176,30.0,33.047021298741704,-3.0470212987417042
24,177,29.0,30.262799975189267,-1.2627999751892673
24,178,28.0,31.768420303837026,-3.7684203038370256
24,179,27.0,35.31501057695955,-8.315010576959551
24,180,26.0,26.57156476165945,-0.5715647616594488
24,181,25.0,22.12431851375426,2.875681486245739
24,182,24.0,22.59815876536661,1.401841234633391
24,183,23.0,21.539470923248334,1.4605290767516657
24,184,22.0,20.740184228794227,1.2598157712057727
24,185,21.0,19.44569148417077,1.5543085158292307
24,186,20.0,19.1392583342466,0.8607416657534017
25,1,192.0,124.63027213198278,67.36972786801722
25,2,191.0,124.6295082956726,66.3704917043274
25,3,190.0,122.59106353315747,67.40893646684253
25,4,189.0,121.53489305707038,67.46510694292962
25,5,188.0,125.0,63.0
25,6,187.0,123.49674265812887,63.503257341871134
25,7,186.0,123.15498568186227,62.84501431813773
25,8,185.0,125.0,60.0
25,9,184.0,125.0,59.0
25,10,183.0,121.1972486079188,61.802751392081205
25,11,182.0,124.37795163606802,57.62204836393198
25,12,181.0,123.54252172146194,57.45747827853806
25,13,180.0,124.17945099318209,55.82054900681791
25,14,179.0,124.92442299801836,54.07557700198164
25,15,178.0,125.0,53.0
25,16,177.0,125.0,52.0
25,17,176.0,124.99269942839352,51.00730057160648
25,18,175.0,125.0,50.0
25,19,174.0,125.0,49.0
25,20,173.0,125.0,48.0
25,21,172.0,125.0,47.0
25,22,171.0,125.0,46.0
25,23,170.0,125.0,45.0
25,24,169.0,124.76504368000798,44.23495631999202
25,25,168.0,123.4573019932789,44.542698006721096
25,26,167.0,124.56516199353135,42.43483800646865
25,27,166.0,123.35138855803795,42.648611441962046
25,28,165.0,124.94944150975378,40.05055849024622
25,29,164.0,123.49421805292896,40.50578194707104
25,30,163.0,124.34280485461639,38.65719514538361
25,31,162.0,124.0463827978801,37.9536172021199
25,32,161.0,125.0,36.0
25,33,160.0,125.0,35.0
25,34,159.0,123.89899561281707,35.101004387182925
25,35,158.0,124.66109772316894,33.338902276831064
25,36,157.0,125.0,32.0
25,37,156.0,125.0,31.0
25,38,155.0,125.0,30.0
25,39,154.0,125.0,29.0
25,40,153.0,125.0,28.0
25,41,152.0,125.0,27.0
25,42,151.0,125.0,26.0
25,43,150.0,125.0,25.0
25,44,149.0,125.0,24.0
25,45,148.0,124.35331411644368,23.646685883556316
25,46,147.0,124.84382145065008,22.156178549349917
25,47,146.0,124.71597181909435,21.28402818090565
25,48,145.0,124.98838107698182,20.011618923018176
26,1,194.0,124.93712657111216,69.06287342888784
26,2,193.0,125.0,68.0
26,3,192.0,124.79413621871164,67.20586378128836
26,4,191.0,124.58682331734875,66.41317668265125
26,5,190.0,121.43676960961504,68.56323039038496
26,6,189.0,125.0,64.0
26,7,188.0,122.70007729383987,65.29992270616013
26,8,187.0,118.86740294112995,68.13259705887005
26,9,186.0,124.47617190891633,61.52382809108367
26,10,185.0,124.74964015476769,60.25035984523231
26,11,184.0,125.0,59.0
26,12,183.0,123.04908330277031,59.95091669722969
26,13,182.0,123.47113388288432,58.52886611711568
26,14,181.0,118.79308150553572,62.206918494464276
26,15,180.0,114.54515365625245,65.45484634374755
26,16,179.0,112.04151298895685,66.95848701104315
26,17,178.0,109.99626585319722,68.00373414680278
26,18,177.0,103.81907208201959,73.18092791798041
26,19,176.0,105.48652605414706,70.51347394585294
26,20,175.0,114.3899752043446,60.610024795655406
26,21,174.0,112.98724703389796,61.01275296610204
26,22,173.0,110.60453956173568,62.39546043826432
26,23,172.0,110.47729739037321,61.52270260962679
26,24,171.0,110.93132977161142,60.068670228388584
26,25,170.0,114.68781160527247,55.31218839472753
26,26,169.0,114.63001677721142,54.369983222788576
26,27,168.0,109.00601535328983,58.993984646710175
26,28,167.0,114.99860483613651,52.00139516386349
26,29,166.0,119.50336729760616,46.49663270239384
26,30,165.0,113.91795206448917,51.08204793551083
26,31,164.0,119.53243135932418,44.46756864067582
26,32,163.0,120.67970887627465,42.320291123725355
26,33,162.0,119.8911613562237,42.108838643776295
26,34,161.0,121.22868487419561,39.77131512580439
26,35,160.0,120.25862304358364,39.74137695641636
26,36,159.0,120.50993026986893,38.49006973013107
26,37,158.0,115.87215710511549,42.12784289488451
26,38,157.0,121.43609327732368,35.56390672267632
26,39,156.0,122.33279323959663,33.667206760403374
26,40,155.0,121.54261413207519,33.45738586792481
26,41,154.0,122.39662174950564,31.60337825049436
26,42,153.0,122.38418973980167,30.61581026019833
26,43,152.0,122.02725184195883,29.97274815804117
26,44,151.0,121.62693166740146,29.373068332598535
26,45,150.0,123.30710255582157,26.692897444178428
26,46,149.0,123.2604182836542,25.739581716345796
26,47,148.0,123.87150503625121,24.128494963748793
26,48,147.0,124.63201317685427,22.367986823145728
26,49,146.0,123.84101811063607,22.15898188936393
26,50,145.0,123.33977261512227,21.66022738487773
26,51,144.0,124.42830995120337,19.571690048796626
26,52,143.0,123.97990027619682,19.020099723803185
26,53,142.0,123.98338344716798,18.01661655283202
26,54,141.0,124.01290381822629,16.98709618177371
26,55,140.0,124.77960597184578,15.220394028154217
26,56,139.0,125.0,14.0
26,57,138.0,125.0,13.0
26,58,137.0,125.0,12.0
26,59,136.0,124.29681148011203,11.703188519887973
26,60,135.0,124.42887301879898,10.571126981201019
26,61,134.0,124.36164552664982,9.638354473350176
26,62,133.0,124.7832203996917,8.2167796003083
26,63,132.0,125.0,7.0
26,64,131.0,125.0,6.0
26,65,130.0,123.59715060513456,6.4028493948654415
26,66,129.0,123.30841649425575,5.691583505744248
26,67,128.0,123.69963577352561,4.300364226474386
26,68,127.0,122.15235672486298,4.847643275137017
26,69,126.0,123.55957323776424,2.4404267622357594
26,70,125.0,121.6216881485066,3.378311851493393
26,71,124.0,121.62754477984394,2.3724552201560556
26,72,123.0,123.31500477010815,-0.3150047701081462
26,73,122.0,124.13658546833206,-2.1365854683320578
26,74,121.0,125.0,-4.0
26,75,120.0,122.86618025102472,-2.8661802510247156
26,76,119.0,123.85708593209164,-4.8570859320916355
27,1,205.0,124.59355792632422,80.40644207367578
27,2,204.0,125.0,79.0
27,3,203.0,125.0,78.0
27,4,202.0,122.73923628456721,79.26076371543279
27,5,201.0,119.95786366218847,81.04213633781153
27,6,200.0,122.72768949314148,77.27231050685852
27,7,199.0,123.04242358206146,75.95757641793854
27,8,198.0,125.0,73.0
27,9,197.0,107.2539392256921,89.7460607743079
27,10,196.0,121.53846852860873,74.46153147139127
27,11,195.0,123.38320261323776,71.61679738676224
27,12,194.0,122.77577195372324,71.22422804627676
27,13,193.0,117.85393962828405,75.14606037171595
27,14,192.0,121.43175189435915,70.56824810564085
27,15,191.0,124.71159691774186,66.28840308225814
27,16,190.0,121.94833759330768,68.05166240669232
27,17,189.0,122.71883188939334,66.28116811060666
27,18,188.0,124.5676901109462,63.4323098890538
27,19,187.0,125.0,62.0
27,20,186.0,123.43867100368271,62.561328996317286
27,21,185.0,125.0,60.0
27,22,184.0,125.0,59.0
27,23,183.0,125.0,58.0
27,24,182.0,124.37929146171085,57.62070853828915
27,25,181.0,125.0,56.0
27,26,180.0,125.0,55.0
27,27,179.0,125.0,54.0
27,28,178.0,124.77877465632868,53.22122534367132
27,29,177.0,122.55872949606609,54.44127050393391
27,30,176.0,125.0,51.0
27,31,175.0,124.03038828363583,50.96961171636417
27,32,174.0,125.0,49.0
27,33,173.0,125.0,48.0
27,34,172.0,125.0,47.0
27,35,171.0,123.33781686478606,47.66218313521394
27,36,170.0,124.41091539539127,45.58908460460873
27,37,169.0,125.0,44.0
27,38,168.0,124.4610226386058,43.5389773613942
27,39,167.0,125.0,42.0
27,40,166.0,125.0,41.0
27,41,165.0,124.66730237422227,40.332697625777726
27,42,164.0,125.0,39.0
27,43,163.0,125.0,38.0
27,44,162.0,123.94227124344886,38.05772875655114
27,45,161.0,125.0,36.0
27,46,160.0,124.64063790453505,35.359362095464945
27,47,159.0,123.56651723083833,35.43348276916167
27,48,158.0,124.20881807087137,33.791181929128626
27,49,157.0,125.0,32.0
27,50,156.0,124.39937419426505,31.60062580573495
27,51,155.0,124.85865601972088,30.141343980279117
27,52,154.0,124.75377596701915,29.246224032980848
27,53,153.0,124.82251286753898,28.177487132461025
27,54,152.0,125.0,27.0
27,55,151.0,125.0,26.0
27,56,150.0,124.28031565081399,25.71968434918601
27,57,149.0,125.0,24.0
27,58,148.0,124.97846725925267,23.021532740747332
27,59,147.0,124.45087932818079,22.54912067181921
27,60,146.0,123.814707649956,22.185292350043994
27,61,145.0,123.18643413586484,21.813565864135157
27,62,144.0,123.57535203097362,20.42464796902638
27,63,143.0,123.42125370245756,19.578746297542438
27,64,142.0,120.40566488906863,21.594335110931368
27,65,141.0,119.38339206999693,21.61660793000307
27,66,140.0,121.5593168008021,18.440683199197906
27,67,139.0,120.51136111187964,18.488638888120363
27,68,138.0,120.78294174552711,17.21705825447289
27,69,137.0,118.4502888109983,18.549711189001698
27,70,136.0,119.10626149696604,16.89373850303396
27,71,135.0,113.74228824615719,21.257711753842813
27,72,134.0,117.74821494583284,16.251785054167158
27,73,133.0,116.68028861014471,16.319711389855286
27,74,132.0,121.13550434889738,10.864495651102615
27,75,131.0,112.2695282087813,18.730471791218704
27,76,130.0,118.49771363984229,11.502286360157711
27,77,129.0,114.48010240524174,14.519897594758262
27,78,128.0,112.50856175897937,15.491438241020631
27,79,127.0,107.45195309041466,19.548046909585338
27,80,126.0,112.10993784524331,13.890062154756691
27,81,125.0,109.28892334468077,15.711076655319232
27,82,124.0,106.10725092213809,17.892749077861907
27,83,123.0,111.2406776705359,11.759322329464098
27,84,122.0,108.9580874462472,13.041912553752795
27,85,121.0,112.89319473466905,8.106805265330948
27,86,120.0,109.13840761115165,10.86159238884835
27,87,119.0,109.40613381863808,9.593866181361918
27,88,118.0,109.94555308213006,8.054446917869939
27,89,117.0,111.54320450954054,5.456795490459456
27,90,116.0,109.44728497009051,6.552715029909493
27,91,115.0,107.7489745063196,7.251025493680402
27,92,114.0,104.7344901090917,9.265509890908305
27,93,113.0,113.20386436985635,-0.2038643698563476
27,94,112.0,110.72402755355262,1.2759724464473834
27,95,111.0,116.12396894423001,-5.123968944230015
27,96,110.0,111.39113878703921,-1.3911387870392105
27,97,109.0,109.73708454280538,-0.7370845428053769
27,98,108.0,107.94678608887787,0.053213911122128366
27,99,107.0,103.02216181300884,3.977838186991164
27,100,106.0,109.23725584275799,-3.237255842757989
27,101,105.0,111.55320308687497,-6.553203086874973
27,102,104.0,109.60680815597574,-5.606808155975742
27,103,103.0,112.35751965140177,-9.357519651401773
27,104,102.0,113.36283277620271,-11.362832776202708
27,105,101.0,111.9962897071552,-10.9962897071552
27,106,100.0,111.98446936294148,-11.984469362941482
27,107,99.0,112.97770834196557,-13.977708341965567
27,108,98.0,117.1515271371107,-19.151527137110705
27,109,97.0,114.91835892861654,-17.91835892861654
27,110,96.0,116.69412143751197,-20.694121437511967
27,111,95.0,109.52143609737712,-14.52143609737712
27,112,94.0,113.65165760789309,-19.651657607893085
27,113,93.0,116.95785029344702,-23.957850293447024
27,114,92.0,111.89248449506023,-19.89248449506023
27,115,91.0,111.26367028643003,-20.263670286430028
27,116,90.0,118.52107409381622,-28.521074093816225
27,117,89.0,113.30273697968377,-24.302736979683772
27,118,88.0,109.95437934491603,-21.954379344916035
27,119,87.0,118.13803714675136,-31.13803714675136
27,120,86.0,111.31844729965931,-25.31844729965931
27,121,85.0,97.9602486489338,-12.9602486489338
27,122,84.0,101.55146023880349,-17.551460238803486
27,123,83.0,103.78401059366938,-20.78401059366938
27,124,82.0,96.97152525125786,-14.971525251257859
27,125,81.0,89.16498139740563,-8.164981397405626
27,126,80.0,93.39487220247064,-13.394872202470637
27,127,79.0,86.40997611585287,-7.409976115852871
27,128,78.0,89.27895280253239,-11.278952802532388
27,129,77.0,79.93875335394391,-2.938753353943909
27,130,76.0,86.19616693087814,-10.196166930878135
27,131,75.0,75.22822940869096,-0.22822940869096442
27,132,74.0,76.85121024570526,-2.8512102457052606
27,133,73.0,70.62282712742194,2.3771728725780576
27,134,72.0,78.54967419016688,-6.549674190166883
27,135,71.0,73.12025781624362,-2.1202578162436225
27,136,70.0,64.3368051135154,5.663194886484604
27,137,69.0,67.90685534791014,1.0931446520898618
27,138,68.0,70.44079904983838,-2.4407990498383754
27,139,67.0,71.19696399709353,-4.196963997093533
27,140,66.0,69.69323220548839,-3.6932322054883855
28,1,254.0,125.0,129.0
28,2,253.0,125.0,128.0
28,3,252.0,125.0,127.0
28,4,251.0,125.0,126.0
28,5,250.0,125.0,125.0
28,6,249.0,124.33879645515475,124.66120354484525
28,7,248.0,123.33644915447066,124.66355084552934
28,8,247.0,124.09868098398371,122.90131901601629
28,9,246.0,124.44506541206567,121.55493458793433
28,10,245.0,125.0,120.0
28,11,244.0,125.0,119.0
28,12,243.0,125.0,118.0
28,13,242.0,125.0,117.0
28,14,241.0,124.12325635695595,116.87674364304405
28,15,240.0,125.0,115.0
28,16,239.0,125.0,114.0
28,17,238.0,125.0,113.0
28,18,237.0,120.68058451408938,116.31941548591062
28,19,236.0,122.37444242994148,113.62555757005852
28,20,235.0,119.07536183274873,115.92463816725127
28,21,234.0,118.33009730303644,115.66990269696356
28,22,233.0,110.87273641527746,122.12726358472254
28,23,232.0,115.21017482906537,116.78982517093463
28,24,231.0,114.94671917701976,116.05328082298024
28,25,230.0,115.3454565212318,114.6545434787682
28,26,229.0,119.38653172460776,109.61346827539224
28,27,228.0,121.31487455070781,106.68512544929219
28,28,227.0,115.24816475108636,111.75183524891364
28,29,226.0,120.04799089946859,105.95200910053141
28,30,225.0,121.24406851309699,103.75593148690301
28,31,224.0,123.58726463615558,100.41273536384442
28,32,223.0,124.7718526312213,98.2281473687787
28,33,222.0,122.18843347489535,99.81156652510465
28,34,221.0,122.98879654158368,98.01120345841632
28,35,220.0,123.50286975298368,96.49713024701632
28,36,219.0,123.1547771883268,95.8452228116732
28,37,218.0,125.0,93.0
28,38,217.0,122.49051401576826,94.50948598423174
28,39,216.0,122.60952429241051,93.39047570758949
28,40,215.0,120.9229224427008,94.0770775572992
28,41,214.0,124.12468888512791,89.87531111487209
28,42,213.0,124.91686416168362,88.08313583831638
28,43,212.0,123.93805892513008,88.06194107486992
28,44,211.0,122.70747130517296,88.29252869482704
28,45,210.0,125.0,85.0
28,46,209.0,124.74412406873161,84.25587593126839
28,47,208.0,124.60430677649882,83.39569322350118
28,48,207.0,123.82676886678153,83.17323113321847
28,49,206.0,122.58957840281764,83.41042159718236
28,50,205.0,124.20880485007888,80.79119514992112
28,51,204.0,123.85275655389242,80.14724344610758
28,52,203.0,122.7821663349711,80.2178336650289
28,53,202.0,121.36239958278156,80.63760041721844
28,54,201.0,124.469897542463,76.530102457537
28,55,200.0,124.06328456377295,75.93671543622705
28,56,199.0,122.4464432296629,76.5535567703371
28,57,198.0,123.98548670702307,74.01451329297693
28,58,197.0,124.22014741748012,72.77985258251988
28,59,196.0,122.60830085875021,73.39169914124979
28,60,195.0,123.29951260259644,71.70048739740356
28,61,194.0,123.04613412148942,70.95386587851058
28,62,193.0,123.48545162676437,69.51454837323563
28,63,192.0,124.19023708163454,67.80976291836546
28,64,191.0,123.84875255952373,67.15124744047627
28,65,190.0,123.90669702977597,66.09330297022403
28,66,189.0,123.92077763234492,65.07922236765508
28,67,188.0,123.93015539229556,64.06984460770444
28,68,187.0,124.26945315906752,62.730546840932476
28,69,186.0,125.0,61.0
28,70,185.0,122.57234067930679,62.42765932069321
28,71,184.0,123.48203225495112,60.51796774504888
28,72,183.0,121.90304854346842,61.096951456531585
28,73,182.0,124.45024188543209,57.54975811456791
28,74,181.0,124.07466185127662,56.925338148723384
28,75,180.0,123.14789913856661,56.852100861433385
28,76,179.0,125.0,54.0
28,77,178.0,124.5220773881024,53.4779226118976
28,78,177.0,123.30136166240075,53.69863833759925
28,79,176.0,125.0,51.0
28,80,175.0,125.0,50.0
28,81,174.0,125.0,49.0
28,82,173.0,124.29856529319804,48.70143470680196
28,83,172.0,124.67805286779054,47.32194713220946
28,84,171.0,124.9732804920579,46.026719507942104
28,85,170.0,125.0,45.0
28,86,169.0,125.0,44.0
28,87,168.0,123.17026348168993,44.82973651831007
28,88,167.0,124.73531845756928,42.26468154243072
28,89,166.0,123.86289529272453,42.13710470727547
28,90,165.0,122.21557920699757,42.784420793002425
28,91,164.0,121.23330095346584,42.76669904653416
28,92,163.0,122.43975518931981,40.56024481068019
28,93,162.0,123.9825145843702,38.01748541562981
28,94,161.0,124.70400178626245,36.29599821373755
28,95,160.0,121.27356805554629,38.72643194445371
28,96,159.0,122.14629466934494,36.85370533065506
28,97,158.0,123.69687282063582,34.30312717936418
28,98,157.0,124.15074261190625,32.84925738809375
28,99,156.0,121.41282828662057,34.58717171337943
28,100,155.0,119.78500100702136,35.214998992978636
28,101,154.0,120.30870493024227,33.69129506975773
28,102,153.0,120.06708107847405,32.93291892152595
28,103,152.0,115.91008919518937,36.08991080481063
28,104,151.0,117.8430476053269,33.1569523946731
28,105,150.0,117.83440398734523,32.165596012654774
28,106,149.0,117.28406382571929,31.715936174280714
28,107,148.0,117.2680568968736,30.731943103126397
28,108,147.0,117.98453128765918,29.01546871234082
28,109,146.0,115.1036308696165,30.896369130383505
28,110,145.0,115.08788014931618,29.912119850683823
28,111,144.0,116.05500648284392,27.944993517156078
28,112,143.0,116.36526649456962,26.634733505430376
28,113,142.0,110.90241958668025,31.097580413319747
28,114,141.0,111.93955198449606,29.060448015503937
28,115,140.0,115.80813008494461,24.191869915055392
28,116,139.0,115.2899277548263,23.710072245173706
28,117,138.0,113.81421080557834,24.18578919442166
28,118,137.0,117.48181897174096,19.518181028259036
28,119,136.0,115.24185654138486,20.758143458615137
28,120,135.0,115.8370388935982,19.162961106401795
28,121,134.0,115.07761137861534,18.922388621384655
28,122,133.0,116.68848370957016,16.311516290429836
28,123,132.0,119.0190598281281,12.980940171871893
28,124,131.0,107.44013152560045,23.55986847439955
28,125,130.0,115.16794258414254,14.832057415857463
28,126,129.0,111.72003674203418,17.279963257965818
28,127,128.0,109.88315616681506,18.116843833184944
28,128,127.0,114.51711151375426,12.482888486245741
28,129,126.0,114.42385761627165,11.576142383728353
28,130,125.0,108.02157547306815,16.978424526931846
28,131,124.0,113.81513529380864,10.184864706191362
28,132,123.0,108.7977564560172,14.202243543982803
28,133,122.0,112.92538769644533,9.074612303554673
28,134,121.0,115.53849301429567,5.461506985704332
28,135,120.0,114.50645599262229,5.493544007377707
28,136,119.0,111.26481328698041,7.735186713019587
28,137,118.0,112.87081247057239,5.129187529427611
28,138,117.0,111.24228684975515,5.757713150244854
28,139,116.0,111.64813703157907,4.351862968420932
28,140,115.0,110.01700177754208,4.982998222457923
28,141,114.0,110.61360144062493,3.386398559375067
28,142,113.0,107.90875223558355,5.091247764416451
28,143,112.0,101.12520497193128,10.874795028068718
28,144,111.0,109.9158231862337,1.0841768137663053
28,145,110.0,112.94201223005868,-2.9420122300586797
28,146,109.0,108.76477335716926,0.2352266428307388
28,147,108.0,110.34988715988457,-2.349887159884574
28,148,107.0,105.06002382530019,1.939976174699808
28,149,106.0,110.75431063934137,-4.754310639341369
28,150,105.0,101.91396226841243,3.0860377315875667
28,151,104.0,101.41454104949179,2.5854589505082117
28,152,103.0,106.14878479041293,-3.1487847904129325
28,153,102.0,103.52969111236172,-1.5296911123617178
28,154,101.0,103.76377821250632,-2.763778212506324
28,155,100.0,95.45671852488488,4.543281475115123
28,156,99.0,91.89238419751135,7.107615802488652
28,157,98.0,105.34700020288281,-7.3470002028828105
28,158,97.0,93.3618582513722,3.6381417486278025
29,1,260.0,124.93322418130437,135.06677581869565
29,2,259.0,125.0,134.0
29,3,258.0,124.7232945363273,133.2767054636727
29,4,257.0,125.0,132.0
29,5,256.0,125.0,131.0
29,6,255.0,121.34193943052625,133.65806056947375
29,7,254.0,122.4490784617345,131.5509215382655
29,8,253.0,124.31863220643875,128.68136779356126
29,9,252.0,124.46600987743841,127.53399012256159
29,10,251.0,125.0,126.0
29,11,250.0,125.0,125.0
29,12,249.0,125.0,124.0
29,13,248.0,125.0,123.0
29,14,247.0,114.75399188255597,132.24600811744403
29,15,246.0,124.46605877098305,121.53394122901695
29,16,245.0,125.0,120.0
29,17,244.0,124.3814249016955,119.6185750983045
29,18,243.0,117.9852884668218,125.0147115331782
29,19,242.0,123.71240912412586,118.28759087587414
29,20,241.0,122.90216121046493,118.09783878953507
29,21,240.0,121.47240776870491,118.52759223129509
29,22,239.0,121.62643101634914,117.37356898365086
29,23,238.0,122.56465993095131,115.43534006904869
29,24,237.0,125.0,112.0
29,25,236.0,121.48150484605085,114.51849515394915
29,26,235.0,123.09144505500865,111.90855494499135
29,27,234.0,120.28718913897897,113.71281086102103
29,28,233.0,123.84827314295374,109.15172685704626
29,29,232.0,121.65614209112894,110.34385790887106
29,30,231.0,116.73271348981088,114.26728651018912
29,31,230.0,119.20691979652948,110.79308020347052
29,32,229.0,120.43478231499383,108.56521768500617
29,33,228.0,119.03941874737322,108.96058125262678
29,34,227.0,121.16851931306543,105.83148068693457
29,35,226.0,122.53153867007788,103.46846132992212
29,36,225.0,121.82290592584106,103.17709407415894
29,37,224.0,123.70125600469763,100.29874399530237
29,38,223.0,123.24957855171417,99.75042144828583
29,39,222.0,123.0908851077377,98.9091148922623
29,40,221.0,119.00866303320379,101.99133696679621
29,41,220.0,119.22615467395288,100.77384532604712
29,42,219.0,119.14829605597592,99.85170394402408
29,43,218.0,123.63135098197566,94.36864901802434
29,44,217.0,120.01399046845418,96.98600953154582
29,45,216.0,120.54023623445191,95.45976376554809
29,46,215.0,122.05795296388887,92.94204703611113
29,47,214.0,122.29260994004974,91.70739005995026
29,48,213.0,121.3757547491349,91.6242452508651
29,49,212.0,120.5810708888137,91.4189291111863
29,50,211.0,121.18808396691605,89.81191603308395
29,51,210.0,121.51370359394767,88.48629640605233
29,52,209.0,121.75884657935254,87.24115342064746
29,53,208.0,124.54499489441149,83.45500510558851
29,54,207.0,124.21456168493208,82.78543831506792
29,55,206.0,123.74968045162595,82.25031954837405
29,56,205.0,123.14312948081266,81.85687051918734
29,57,204.0,122.27805876648364,81.72194123351636
29,58,203.0,121.2944440833848,81.7055559166152
29,59,202.0,121.65731417424274,80.34268582575726
29,60,201.0,123.33562871461994,77.66437128538006
29,61,200.0,125.0,75.0
29,62,199.0,120.45732531605469,78.54267468394531
29,63,198.0,123.00331592544921,74.99668407455079
29,64,197.0,122.31441824302337,74.68558175697663
29,65,196.0,123.41258665836177,72.58741334163823
29,66,195.0,119.90902442836934,75.09097557163066
29,67,194.0,123.23626564019352,70.76373435980648
29,68,193.0,123.54667390825496,69.45332609174504
29,69,192.0,123.17306354182524,68.82693645817476
29,70,191.0,123.66727201208191,67.33272798791809
29,71,190.0,121.85845927106777,68.14154072893223
29,72,189.0,122.82488771129077,66.17511228870923
29,73,188.0,123.96010573958353,64.03989426041647
29,74,187.0,124.95500243772089,62.04499756227911
29,75,186.0,123.8386891989535,62.1613108010465
29,76,185.0,123.34687871396646,61.65312128603354
29,77,184.0,117.43036379442091,66.56963620557909
29,78,183.0,120.9498186446937,62.05018135530629
29,79,182.0,120.39882544247874,61.60117455752126
29,80,181.0,118.74503337172946,62.25496662827054
29,81,180.0,120.68746106652883,59.312538933471174
29,82,179.0,120.28692360671025,58.713076393289754
29,83,178.0,120.20882754573825,57.791172454261755
29,84,177.0,119.81955395624489,57.18044604375511
29,85,176.0,120.20651715918946,55.79348284081054
29,86,175.0,122.43044379962802,52.56955620037198
29,87,174.0,121.19736040801169,52.80263959198831
29,88,173.0,122.31413410258419,50.68586589741581
29,89,172.0,121.46079066238985,50.539209337610146
29,90,171.0,121.53774116741468,49.46225883258532
29,91,170.0,118.96871453071076,51.031285469289244
29,92,169.0,118.77257274303642,50.22742725696358
29,93,168.0,119.39647340017088,48.603526599829124
29,94,167.0,121.37117268876281,45.62882731123719
29,95,166.0,120.6520868831515,45.3479131168485
29,96,165.0,120.26210676396865,44.737893236031354
29,97,164.0,109.43270568699995,54.56729431300005
29,98,163.0,123.16773677693656,39.832263223063435
29,99,162.0,122.01433684709134,39.98566315290866
29,100,161.0,121.18891880526846,39.81108119473154
29,101,160.0,107.25013818358649,52.749861816413514
29,102,159.0,119.94898309753776,39.05101690246224
29,103,158.0,115.64430704235865,42.35569295764135
29,104,157.0,120.27283905943641,36.72716094056359
29,105,156.0,120.60813187043725,35.39186812956275
29,106,155.0,118.45160285015452,36.548397149845485
29,107,154.0,122.94919227103232,31.050807728967683
29,108,153.0,121.21805852950212,31.781941470497884
29,109,152.0,123.32160579725684,28.678394202743164
29,110,151.0,122.6310640954233,28.368935904576702
29,111,150.0,123.01329527743844,26.986704722561555
29,112,149.0,123.19557843685675,25.80442156314325
29,113,148.0,123.59873276555244,24.40126723444756
29,114,147.0,122.38666171076886,24.613338289231137
29,115,146.0,121.88074926586245,24.11925073413755
29,116,145.0,124.06416547750081,20.935834522499192
29,117,144.0,121.81197636665843,22.188023633341572
29,118,143.0,119.1566782787027,23.8433217212973
29,119,142.0,123.2283599256567,18.771640074343296
29,120,141.0,122.67191593236011,18.328084067639892
29,121,140.0,122.62007610785551,17.37992389214449
29,122,139.0,121.71534840745306,17.284651592546936
29,123,138.0,119.44860450990348,18.551395490096525
29,124,137.0,121.47223978093692,15.527760219063083
29,125,136.0,116.64803099801709,19.35196900198291
29,126,135.0,120.41882114921772,14.58117885078228
29,127,134.0,115.09453510298982,18.905464897010177
29,128,133.0,113.44242039885754,19.557579601142464
29,129,132.0,115.00872901610275,16.99127098389725
29,130,131.0,114.10045466158289,16.899545338417113
29,131,130.0,114.19790540674488,15.80209459325512
29,132,129.0,107.1200596018057,21.879940398194293
29,133,128.0,112.3081308717914,15.691869128208594
29,134,127.0,113.47569331086952,13.524306689130484
29,135,126.0,98.8561418308667,27.143858169133296
29,136,125.0,94.82160467141132,30.178395328588678
29,137,124.0,91.50924702208576,32.49075297791424
29,138,123.0,94.75817970423569,28.241820295764313
29,139,122.0,87.0849222494224,34.915077750577595
29,140,121.0,86.2485621240642,34.75143787593581
29,141,120.0,95.31373484448194,24.686265155518058
29,142,119.0,82.1060253077195,36.893974692280494
29,143,118.0,93.37672840292265,24.62327159707735
29,144,117.0,91.63661174065457,25.363388259345427
29,145,116.0,91.57163602026691,24.428363979733092
29,146,115.0,80.32979689360558,34.670203106394425
29,147,114.0,85.54223923682267,28.457760763177333
29,148,113.0,81.82492582916731,31.175074170832687
29,149,112.0,85.25516976376699,26.744830236233014
29,150,111.0,82.8454246139235,28.154575386076502
29,151,110.0,83.39100479384024,26.60899520615976
29,152,109.0,76.53836491493148,32.46163508506852
29,153,108.0,82.76434396380488,25.235656036195124
29,154,107.0,80.84670058982542,26.153299410174583
29,155,106.0,86.11431902577789,19.88568097422211
29,156,105.0,84.19246579565723,20.807534204342772
29,157,104.0,84.68241938313771,19.317580616862287
29,158,103.0,83.23896594905374,19.761034050946265
29,159,102.0,98.48703799442275,3.5129620055772506
29,160,101.0,84.50284293856609,16.49715706143391
29,161,100.0,84.56039231787163,15.439607682128369
29,162,99.0,81.06871385330248,17.931286146697516
29,163,98.0,89.76442763583881,8.235572364161186
29,164,97.0,94.15795818216037,2.842041817839629
29,165,96.0,100.45685209100421,-4.456852091004208
29,166,95.0,97.64987990614533,-2.6498799061453298
29,167,94.0,91.2928274392647,2.7071725607353017
29,168,93.0,97.28011383958311,-4.280113839583109
29,169,92.0,95.78233024570875,-3.7823302457087493
29,170,91.0,95.70645871366655,-4.706458713666549
29,171,90.0,97.78948943401868,-7.789489434018677
30,1,257.0,124.88279549043429,132.1172045095657
30,2,256.0,125.0,131.0
30,3,255.0,125.0,130.0
30,4,254.0,125.0,129.0
30,5,253.0,125.0,128.0
30,6,252.0,125.0,127.0
30,7,251.0,120.92791017530632,130.07208982469368
30,8,250.0,125.0,125.0
30,9,249.0,125.0,124.0
30,10,248.0,125.0,123.0
30,11,247.0,125.0,122.0
30,12,246.0,125.0,121.0
30,13,245.0,125.0,120.0
30,14,244.0,125.0,119.0
30,15,243.0,125.0,118.0
30,16,242.0,123.9585859929041,118.0414140070959
30,17,241.0,123.09914202634333,117.90085797365667
30,18,240.0,122.03624136394953,117.96375863605047
30,19,239.0,121.29149690998406,117.70850309001594
30,20,238.0,117.00449505716429,120.99550494283571
30,21,237.0,120.65170898642145,116.34829101357855
30,22,236.0,121.69756988586809,114.30243011413191
30,23,235.0,119.8140889128104,115.1859110871896
30,24,234.0,123.18563254436567,110.81436745563433
30,25,233.0,120.61884322690685,112.38115677309315
30,26,232.0,120.39107909315575,111.60892090684425
30,27,231.0,118.88735316749398,112.11264683250602
30,28,230.0,119.42238915745621,110.57761084254379
30,29,229.0,120.48558532177228,108.51441467822772
30,30,228.0,122.47631409103565,105.52368590896435
30,31,227.0,121.2296442404981,105.7703557595019
30,32,226.0,123.26729437403378,102.73270562596622
30,33,225.0,122.87132876463029,102.12867123536971
30,34,224.0,123.39017592260225,100.60982407739775
30,35,223.0,122.59437439145458,100.40562560854542
30,36,222.0,122.98900503004151,99.01099496995849
30,37,221.0,124.66629364705807,96.33370635294193
30,38,220.0,120.78973375931768,99.21026624068232
30,39,219.0,122.52167691711033,96.47832308288967
30,40,218.0,122.70675746461885,95.29324253538115
30,41,217.0,121.9125941892288,95.0874058107712
30,42,216.0,120.77515083786967,95.22484916213033
30,43,215.0,122.94994949756816,92.05005050243184
30,44,214.0,122.65119341318857,91.34880658681143
30,45,213.0,124.54980357010236,88.45019642989764
30,46,212.0,123.50791289444737,88.49208710555263
30,47,211.0,122.52615497284907,88.47384502715093
30,48,210.0,123.62853491453814,86.37146508546186
30,49,209.0,124.96539086939988,84.03460913060012
30,50,208.0,117.5418500611601,90.4581499388399
30,51,207.0,121.37048521967711,85.62951478032289
30,52,206.0,123.24673435385954,82.75326564614046
30,53,205.0,121.57312279951752,83.42687720048248
30,54,204.0,117.9241072482982,86.0758927517018
30,55,203.0,120.52451846876949,82.47548153123051
30,56,202.0,121.21518530443026,80.78481469556974
30,57,201.0,120.28054979034026,80.71945020965974
30,58,200.0,120.64590962116975,79.35409037883025
30,59,199.0,120.14309821372609,78.85690178627391
30,60,198.0,117.40844810624979,80.59155189375021
30,61,197.0,118.35206140759588,78.64793859240412
30,62,196.0,117.59952645193346,78.40047354806654
30,63,195.0,120.03439788007485,74.96560211992515
30,64,194.0,117.44870118611836,76.55129881388164
30,65,193.0,118.4933173633612,74.5066826366388
30,66,192.0,115.15584451136279,76.84415548863721
30,67,191.0,119.35301302890211,71.64698697109789
30,68,190.0,119.02825727969446,70.97174272030554
30,69,189.0,118.12010930600754,70.87989069399246
30,70,188.0,120.89037935329917,67.10962064670083
30,71,187.0,119.78994739201502,67.21005260798498
30,72,186.0,121.98452152771785,64.01547847228215
30,73,185.0,121.61355079167451,63.38644920832549
30,74,184.0,118.56815145372656,65.43184854627344
30,75,183.0,118.62733031728624,64.37266968271376
30,76,182.0,115.47041154683306,66.52958845316694
30,77,181.0,118.73900588824384,62.26099411175616
30,78,180.0,117.68477134539029,62.31522865460971
30,79,179.0,120.14548964699955,58.85451035300045
30,80,178.0,118.92910161928722,59.07089838071278
30,81,177.0,117.00989844572021,59.99010155427979
30,82,176.0,118.46628596779357,57.53371403220643
30,83,175.0,120.3438615430493,54.6561384569507
30,84,174.0,119.87335523631617,54.12664476368383
30,85,173.0,119.70370258084907,53.29629741915093
30,86,172.0,120.05914782278377,51.94085217721623
30,87,171.0,119.0620959982822,51.9379040017178
30,88,170.0,121.25712779353071,48.742872206469286
30,89,169.0,120.1233495849657,48.876650415034305
30,90,168.0,121.12574532709493,46.87425467290507
30,91,167.0,121.21660692933426,45.78339307066574
30,92,166.0,120.76331570000178,45.23668429999822
30,93,165.0,120.35376579696636,44.64623420303364
30,94,164.0,121.79401399153952,42.205986008460485
30,95,163.0,122.82444145962121,40.17555854037879
30,96,162.0,124.25700575677058,37.74299424322942
30,97,161.0,123.74364541146447,37.25635458853553
30,98,160.0,121.6378771063942,38.3621228936058
30,99,159.0,119.97322354558915,39.02677645441085
30,100,158.0,123.9634305020071,34.0365694979929
30,101,157.0,122.78985847145564,34.210141528544355
30,102,156.0,120.7622526608035,35.2377473391965
30,103,155.0,120.18700629370356,34.81299370629644
30,104,154.0,121.39406766074137,32.60593233925863
30,105,153.0,120.3161872473109,32.68381275268909
30,106,152.0,120.37714886328811,31.622851136711887
30,107,151.0,119.4012405972755,31.598759402724497
30,108,150.0,120.28912349806421,29.710876501935786
30,109,149.0,123.28611683079545,25.71388316920455
30,110,148.0,114.24736244981939,33.75263755018061
30,111,147.0,114.75804833245651,32.24195166754349
30,112,146.0,97.27467724062384,48.725322759376155
30,113,145.0,102.01201596411565,42.98798403588435
30,114,144.0,102.72763472454643,41.272365275453566
30,115,143.0,105.97901117388268,37.02098882611732
30,116,142.0,99.78697848570536,42.21302151429464
30,117,141.0,100.20698008552507,40.793019914474925
30,118,140.0,96.09733844190944,43.90266155809056
30,119,139.0,94.41597043874306,44.58402956125694
30,120,138.0,98.04157947982957,39.958420520170435
30,121,137.0,88.54402046222778,48.45597953777222
30,122,136.0,88.58940681305872,47.410593186941284
30,123,135.0,91.91161419307736,43.088385806922645
30,124,134.0,99.55239044226039,34.44760955773961
30,125,133.0,83.53934280145828,49.460657198541725
30,126,132.0,91.58550679534954,40.414493204650455
30,127,131.0,77.0662974883645,53.9337025116355
30,128,130.0,78.38630392476867,51.61369607523133
30,129,129.0,88.67940134907684,40.32059865092316
30,130,128.0,88.6986450758908,39.301354924109205
30,131,127.0,79.43859545365899,47.56140454634101
30,132,126.0,75.09915369277918,50.90084630722082
30,133,125.0,84.46704014118181,40.53295985881819
30,134,124.0,79.57832611677372,44.421673883226276
30,135,123.0,82.99766286206618,40.00233713793382
30,136,122.0,85.21055612664111,36.78944387335889
30,137,121.0,83.69116187338464,37.308838126615356
30,138,120.0,73.25536652286308,46.744633477136915
30,139,119.0,81.42876923573134,37.57123076426866
30,140,118.0,81.05833126830017,36.941668731699835
30,141,117.0,83.8640264433624,33.135973556637595
30,142,116.0,86.99806937597329,29.001930624026713
30,143,115.0,85.50783032231934,29.492169677680664
31,1,203.0,125.0,78.0
31,2,202.0,125.0,77.0
31,3,201.0,125.0,76.0
31,4,200.0,125.0,75.0
31,5,199.0,123.08670869317683,75.91329130682317
31,6,198.0,123.30297240383263,74.69702759616737
31,7,197.0,125.0,72.0
31,8,196.0,123.21910665001576,72.78089334998424
31,9,195.0,123.59346446096347,71.40653553903653
31,10,194.0,125.0,69.0
31,11,193.0,124.05351144927639,68.94648855072361
31,12,192.0,124.33013731169206,67.66986268830794
31,13,191.0,125.0,66.0
31,14,190.0,125.0,65.0
31,15,189.0,120.48788940145612,68.51211059854388
31,16,188.0,124.65983706994741,63.340162930052585
31,17,187.0,124.07183964264563,62.92816035735437
31,18,186.0,124.6740769697043,61.3259230302957
31,19,185.0,125.0,60.0
31,20,184.0,123.90144222844893,60.09855777155107
31,21,183.0,121.71403632615603,61.285963673843966
31,22,182.0,121.13119306533895,60.86880693466105
31,23,181.0,122.21633532499385,58.78366467500615
31,24,180.0,121.33758018596708,58.662419814032916
31,25,179.0,120.71943544767171,58.280564552328286
31,26,178.0,120.18301667398447,57.81698332601553
31,27,177.0,122.68156398047748,54.31843601952252
31,28,176.0,124.50945561517148,51.490544384828524
31,29,175.0,123.74850276148035,51.25149723851965
31,30,174.0,122.51509844205574,51.484901557944255
31,31,173.0,122.24268287767921,50.757317122320785
31,32,172.0,118.798918895855,53.201081104145004
31,33,171.0,119.33227558517437,51.66772441482563
31,34,170.0,122.53765591740463,47.462344082595365
31,35,169.0,121.51560662937538,47.484393370624616
31,36,168.0,123.14958524300151,44.85041475699849
31,37,167.0,120.57173781440744,46.42826218559256
31,38,166.0,120.62792033987549,45.37207966012451
31,39,165.0,119.68445904563946,45.31554095436054
31,40,164.0,118.62481312466947,45.37518687533053
31,41,163.0,121.2970482237861,41.702951776213894
31,42,162.0,120.75253310233897,41.24746689766103
31,43,161.0,120.99689421466621,40.00310578533379
31,44,160.0,121.44461389975702,38.555386100242984
31,45,159.0,118.6720110225417,40.327988977458304
31,46,158.0,119.47106014549301,38.52893985450699
31,47,157.0,124.04790391125569,32.95209608874431
31,48,156.0,119.99831223317189,36.00168776682811
31,49,155.0,121.13163495399996,33.86836504600004
31,50,154.0,120.18845189110304,33.81154810889696
31,51,153.0,121.28756769558657,31.712432304413426
31,52,152.0,120.85204021331566,31.14795978668434
31,53,151.0,120.82915965599592,30.170840344004077
31,54,150.0,119.7159969043194,30.284003095680603
31,55,149.0,121.15097986666636,27.84902013333364
31,56,148.0,123.15903048274352,24.840969517256482
31,57,147.0,117.20387791583249,29.796122084167507
31,58,146.0,117.6717456064081,28.328254393591905
31,59,145.0,118.50329902193081,26.496700978069185
31,60,144.0,113.23068331606903,30.769316683930967
31,61,143.0,112.56039239213067,30.439607607869334
31,62,142.0,116.40411498790972,25.595885012090278
31,63,141.0,113.76560983038374,27.234390169616262
31,64,140.0,111.45596045325756,28.54403954674244
31,65,139.0,110.58070390813364,28.419296091866357
31,66,138.0,111.89423060384495,26.105769396155054
31,67,137.0,116.55132449310908,20.448675506890922
31,68,136.0,114.50723818132505,21.49276181867495
31,69,135.0,115.76439918128058,19.23560081871942
31,70,134.0,115.46985740818836,18.53014259181164
31,71,133.0,118.0017043327197,14.998295667280303
31,72,132.0,114.2641300164411,17.7358699835589
31,73,131.0,114.31397565879446,16.68602434120554
31,74,130.0,114.34490255726469,15.655097442735311
31,75,129.0,113.78955091401426,15.210449085985744
31,76,128.0,119.20007552496486,8.79992447503514
31,77,127.0,118.53384110996603,8.466158890033967
31,78,126.0,114.32646518251941,11.673534817480586
31,79,125.0,115.74110060100787,9.258899398992128
31,80,124.0,119.37140871639629,4.628591283603711
31,81,123.0,118.20668700928465,4.79331299071535
31,82,122.0,121.41887236872746,0.5811276312725369
31,83,121.0,120.45030158686896,0.5496984131310398
31,84,120.0,121.89247719665124,-1.8924771966512424
31,85,119.0,116.47005752797313,2.5299424720268746
31,86,118.0,121.6967528397845,-3.6967528397844944
31,87,117.0,121.9587441605689,-4.958744160568898
31,88,116.0,119.33241606358412,-3.3324160635841196
31,89,115.0,122.05943351601535,-7.059433516015346
31,90,114.0,123.41495102316449,-9.414951023164491
31,91,113.0,113.82850857005494,-0.8285085700549359
31,92,112.0,117.5471262896575,-5.547126289657498
31,93,111.0,113.25072402461927,-2.2507240246192737
31,94,110.0,113.1343181441533,-3.1343181441532977
31,95,109.0,112.7094835739572,-3.7094835739572005
31,96,108.0,113.57090964301109,-5.570909643011092
31,97,107.0,108.27525291566114,-1.2752529156611416
31,98,106.0,110.79190370743085,-4.791903707430848
31,99,105.0,111.11250800533327,-6.112508005333268
31,100,104.0,110.98208655886425,-6.982086558864253
31,101,103.0,111.65081936116668,-8.650819361166683
31,102,102.0,105.58159464095118,-3.581594640951181
31,103,101.0,106.54945226501424,-5.549452265014239
31,104,100.0,100.0423739799973,-0.04237397999729353
31,105,99.0,107.65282416380151,-8.652824163801512
31,106,98.0,106.17114390647025,-8.171143906470249
31,107,97.0,93.16688191396736,3.8331180860326413
31,108,96.0,100.28535653397444,-4.285356533974436
31,109,95.0,105.90576127726507,-10.905761277265071
31,110,94.0,105.03688569857569,-11.036885698575688
31,111,93.0,107.87458746605944,-14.874587466059438
31,112,92.0,105.31886528623711,-13.318865286237113
31,113,91.0,103.77365128028971,-12.773651280289712
31,114,90.0,106.28768172554315,-16.287681725543152
31,115,89.0,100.40186375769359,-11.40186375769359
31,116,88.0,95.68355113410188,-7.683551134101876
31,117,87.0,95.64028627971614,-8.640286279716136
31,118,86.0,93.39434998515955,-7.39434998515955
31,119,85.0,101.47989823343929,-16.479898233439286
31,120,84.0,89.05001104434483,-5.050011044344828
31,121,83.0,83.63007398351672,-0.6300739835167235
31,122,82.0,82.71993923258597,-0.7199392325859719
31,123,81.0,80.91563861242832,0.08436138757167555
31,124,80.0,81.9302287539233,-1.930228753923302
31,125,79.0,76.06087724152839,2.939122758471612
31,126,78.0,74.48211332267265,3.517886677327354
31,127,77.0,80.40156912176519,-3.401569121765192
31,128,76.0,74.76378197348662,1.2362180265133844
31,129,75.0,75.02791777685667,-0.027917776856668297
31,130,74.0,72.58947618945804,1.4105238105419602
31,131,73.0,68.12965678265635,4.870343217343645
31,132,72.0,68.63851720374883,3.361482796251167
31,133,71.0,66.94823926707336,4.051760732926638
31,134,70.0,70.41425007055358,-0.4142500705535781
31,135,69.0,77.00235789157098,-8.00235789157098
31,136,68.0,80.03872406532481,-12.038724065324814
31,137,67.0,62.67576716558766,4.324232834412342
31,138,66.0,65.0751811544589,0.9248188455410968
31,139,65.0,63.95118123557974,1.0488187644202611
31,140,64.0,69.12061609577805,-5.120616095778047
31,141,63.0,64.51275501664168,-1.5127550166416768
31,142,62.0,65.7506101446591,-3.750610144659106
31,143,61.0,65.62140196734683,-4.621401967346827
31,144,60.0,60.73290418567095,-0.7329041856709466
31,145,59.0,62.95075816425423,-3.950758164254232
31,146,58.0,61.92875961658233,-3.928759616582333
31,147,57.0,64.17331955013718,-7.17331955013718
31,148,56.0,60.34426951294176,-4.344269512941757
31,149,55.0,55.33140144925237,-0.33140144925236825
31,150,54.0,48.03786120551057,5.962138794489427
31,151,53.0,52.203140634624326,0.7968593653756741
31,152,52.0,45.56851563810427,6.431484361895727
31,153,51.0,44.441735609752456,6.558264390247544
31,154,50.0,41.95044651059975,8.049553489400253
31,155,49.0,48.39858355333454,0.6014164466654606
31,156,48.0,48.112689359306124,-0.112689359306124
31,157,47.0,44.51565544695164,2.484344553048359
31,158,46.0,54.809172631233984,-8.809172631233984
31,159,45.0,51.51244779209164,-6.512447792091642
31,160,44.0,49.680091354113635,-5.680091354113635
31,161,43.0,44.94547049914061,-1.9454704991406118
31,162,42.0,43.778886452293264,-1.7788864522932641
31,163,41.0,36.32679741397196,4.67320258602804
31,164,40.0,39.11962485468774,0.8803751453122572
31,165,39.0,39.41239498949128,-0.4123949894912826
31,166,38.0,40.46116135498017,-2.4611613549801703
31,167,37.0,37.15068854962823,-0.15068854962822797
31,168,36.0,32.06043058938341,3.939569410616592
31,169,35.0,30.779999222372147,4.2200007776278525
31,170,34.0,33.43990068324803,0.5600993167519732
31,171,33.0,33.81552147865981,-0.8155214786598108
31,172,32.0,33.43247911527796,-1.4324791152779568
31,173,31.0,32.87741088146041,-1.8774108814604133
31,174,30.0,31.07017892288247,-1.0701789228824694
31,175,29.0,30.90967386111035,-1.909673861110349
31,176,28.0,29.66619511167133,-1.6661951116713283
31,177,27.0,27.127218805853968,-0.1272188058539676
31,178,26.0,26.429215570750713,-0.4292155707507135
31,179,25.0,22.523863411682527,2.4761365883174733
31,180,24.0,20.397797540856946,3.6022024591430544
31,181,23.0,21.6527604851442,1.3472395148558007
31,182,22.0,17.27364936947628,4.726350630523719
31,183,21.0,16.4937155817275,4.5062844182725
31,184,20.0,15.446705221548878,4.5532947784511215
31,185,19.0,13.29927019624375,5.70072980375625
31,186,18.0,13.011395312514514,4.988604687485486
31,187,17.0,12.749589058272136,4.250410941727864
31,188,16.0,13.276435668867153,2.723564331132847
31,189,15.0,12.733026269355546,2.2669737306444535
31,190,14.0,13.474477773587619,0.5255222264123809
31,191,13.0,14.140917477642377,-1.1409174776423772
31,192,12.0,12.970300652943397,-0.9703006529433971
31,193,11.0,11.970069705542386,-0.9700697055423859
31,194,10.0,12.492592302430145,-2.492592302430145
31,195,9.0,12.109262517505943,-3.109262517505943
31,196,8.0,11.338717541750093,-3.3387175417500927
32,1,192.0,125.0,67.0
32,2,191.0,125.0,66.0
32,3,190.0,123.90407009197816,66.09592990802184
32,4,189.0,123.98299390381825,65.01700609618175
32,5,188.0,125.0,63.0
32,6,187.0,124.80491382077975,62.195086179220255
32,7,186.0,125.0,61.0
32,8,185.0,123.23386473266454,61.76613526733546
32,9,184.0,124.67130874942792,59.32869125057208
32,10,183.0,122.39697927880712,60.60302072119288
32,11,182.0,122.02881179554464,59.97118820445536
32,12,181.0,121.77613362831731,59.22386637168269
32,13,180.0,121.26347176668729,58.73652823331271
32,14,179.0,121.27143032747557,57.72856967252443
32,15,178.0,121.15225524136382,56.84774475863618
32,16,177.0,119.57847003862165,57.421529961378354
32,17,176.0,121.41080274940136,54.589197250598644
32,18,175.0,122.07563528849377,52.92436471150623
32,19,174.0,120.3410716307881,53.65892836921191
32,20,173.0,123.20360810144976,49.79639189855024
32,21,172.0,123.68799307500976,48.31200692499024
32,22,171.0,123.91903423110023,47.08096576889977
32,23,170.0,123.14517092369276,46.85482907630724
32,24,169.0,121.14498143364125,47.85501856635875
32,25,168.0,123.16915192676989,44.830848073230115
32,26,167.0,121.78913339126649,45.21086660873351
32,27,166.0,122.97204260867937,43.027957391320626
32,28,165.0,125.0,40.0
32,29,164.0,125.0,39.0
32,30,163.0,125.0,38.0
32,31,162.0,125.0,37.0
32,32,161.0,125.0,36.0
32,33,160.0,125.0,35.0
32,34,159.0,125.0,34.0
32,35,158.0,124.50487826748399,33.49512173251601
32,36,157.0,124.7902032746451,32.209796725354906
32,37,156.0,125.0,31.0
32,38,155.0,125.0,30.0
32,39,154.0,123.78899184563713,30.211008154362872
32,40,153.0,123.06476631109965,29.935233688900354
32,41,152.0,123.76657130810524,28.23342869189476
32,42,151.0,124.0180228317357,26.981977168264294
32,43,150.0,123.90140282958345,26.098597170416554
32,44,149.0,124.84663588248286,24.153364117517143
32,45,148.0,125.0,23.0
32,46,147.0,125.0,22.0
32,47,146.0,124.86650061005179,21.133499389948213
32,48,145.0,125.0,20.0
32,49,144.0,125.0,19.0
32,50,143.0,124.96164015110539,18.038359848894615
32,51,142.0,125.0,17.0
32,52,141.0,125.0,16.0
32,53,140.0,125.0,15.0
32,54,139.0,125.0,14.0
32,55,138.0,125.0,13.0
32,56,137.0,125.0,12.0
32,57,136.0,125.0,11.0
32,58,135.0,125.0,10.0
32,59,134.0,125.0,9.0
32,60,133.0,125.0,8.0
32,61,132.0,125.0,7.0
32,62,131.0,124.90831482398526,6.091685176014735
32,63,130.0,125.0,5.0
32,64,129.0,125.0,4.0
32,65,128.0,125.0,3.0
32,66,127.0,125.0,2.0
32,67,126.0,125.0,1.0
32,68,125.0,125.0,0.0
32,69,124.0,125.0,-1.0
32,70,123.0,125.0,-2.0
32,71,122.0,125.0,-3.0
32,72,121.0,125.0,-4.0
32,73,120.0,124.42625945643815,-4.426259456438146
32,74,119.0,124.97454079622281,-5.974540796222811
32,75,118.0,122.32259996989815,-4.32259996989815
32,76,117.0,123.71991394688877,-6.7199139468887665
32,77,116.0,123.73513626336475,-7.735136263364751
32,78,115.0,120.3108115936112,-5.310811593611206
32,79,114.0,120.67708979568387,-6.6770897956838695
32,80,113.0,122.37081646759083,-9.370816467590828
32,81,112.0,121.69017241527428,-9.690172415274276
32,82,111.0,121.06655804018028,-10.066558040180283
32,83,110.0,120.91240342883911,-10.912403428839113
32,84,109.0,121.45469570252017,-12.45469570252017
32,85,108.0,123.03857072631915,-15.03857072631915
32,86,107.0,123.31275086736548,-16.31275086736548
32,87,106.0,121.84707277081723,-15.847072770817235
32,88,105.0,121.20723806771215,-16.207238067712154
32,89,104.0,122.59971470092876,-18.599714700928757
32,90,103.0,119.8215802744246,-16.821580274424605
32,91,102.0,119.30082527564421,-17.300825275644215
32,92,101.0,117.98987300683697,-16.989873006836973
32,93,100.0,118.54891615072904,-18.548916150729042
32,94,99.0,117.5190297842372,-18.519029784237205
32,95,98.0,114.76792347291988,-16.767923472919875
32,96,97.0,113.80897411256406,-16.80897411256406
32,97,96.0,107.09386613590033,-11.093866135900328
32,98,95.0,110.75199372762238,-15.751993727622377
32,99,94.0,102.68671642173422,-8.686716421734218
32,100,93.0,101.00906814348404,-8.009068143484043
32,101,92.0,101.63994640566342,-9.639946405663423
32,102,91.0,96.90982072819197,-5.909820728191974
32,103,90.0,96.80320776488126,-6.8032077648812646
32,104,89.0,92.64345383929506,-3.643453839295063
32,105,88.0,96.029796980353,-8.029796980352998
32,106,87.0,91.28326670041372,-4.283266700413719
32,107,86.0,91.35672321014967,-5.356723210149667
32,108,85.0,93.95509446434741,-8.955094464347411
32,109,84.0,102.02299333336738,-18.02299333336738
32,110,83.0,94.3967234091739,-11.396723409173902
32,111,82.0,91.17334986533699,-9.173349865336988
32,112,81.0,92.1177476881847,-11.117747688184707
32,113,80.0,92.14214121596389,-12.142141215963889
32,114,79.0,95.95734221304723,-16.957342213047227
32,115,78.0,92.62875691473538,-14.628756914735376
32,116,77.0,97.88379778670549,-20.883797786705486
32,117,76.0,91.68000773271946,-15.68000773271946
32,118,75.0,90.44920637889986,-15.44920637889986
32,119,74.0,82.47600654661585,-8.47600654661585
32,120,73.0,83.76829053366775,-10.768290533667752
32,121,72.0,87.31386293386429,-15.313862933864286
32,122,71.0,84.675613255391,-13.675613255391
32,123,70.0,78.05404768693982,-8.054047686939825
32,124,69.0,82.24694438229598,-13.246944382295979
32,125,68.0,84.47807826104938,-16.478078261049376
32,126,67.0,84.40326453084062,-17.403264530840616
32,127,66.0,80.5206957946097,-14.520695794609694
32,128,65.0,80.28544418682624,-15.28544418682624
32,129,64.0,74.97264262898143,-10.972642628981433
32,130,63.0,73.56038960737374,-10.560389607373736
32,131,62.0,76.10197593383465,-14.101975933834652
32,132,61.0,67.9736149379666,-6.973614937966602
32,133,60.0,68.27921428867388,-8.279214288673884
32,134,59.0,66.52278901841203,-7.522789018412027
32,135,58.0,67.30992848029756,-9.309928480297557
32,136,57.0,65.20319150054719,-8.203191500547192
32,137,56.0,66.28875725747642,-10.28875725747642
32,138,55.0,64.50382921148669,-9.50382921148669
32,139,54.0,76.26798280404793,-22.267982804047932
32,140,53.0,68.13225946870605,-15.132259468706053
32,141,52.0,64.03759264671667,-12.037592646716675
32,142,51.0,59.397429799448275,-8.397429799448275
32,143,50.0,58.06149803313343,-8.061498033133432
32,144,49.0,55.67721595502048,-6.677215955020479
32,145,48.0,55.86227344909345,-7.8622734490934505
33,1,155.0,122.45000601836689,32.54999398163311
33,2,154.0,115.97092931981072,38.02907068018928
33,3,153.0,125.0,28.0
33,4,152.0,106.90565002069201,45.09434997930799
33,5,151.0,111.5511136734604,39.44888632653959
33,6,150.0,125.0,25.0
33,7,149.0,122.2023976804788,26.797602319521204
33,8,148.0,120.20046932845057,27.799530671549434
33,9,147.0,122.61543023520323,24.384569764796765
33,10,146.0,114.57301623101841,31.426983768981586
33,11,145.0,125.0,20.0
33,12,144.0,121.72778635319283,22.272213646807174
33,13,143.0,125.0,18.0
33,14,142.0,125.0,17.0
33,15,141.0,123.4597089157077,17.540291084292306
33,16,140.0,122.04507603929962,17.954923960700384
33,17,139.0,124.06863287875484,14.93136712124516
33,18,138.0,120.18589029408017,17.814109705919833
33,19,137.0,110.96333568097104,26.036664319028958
33,20,136.0,118.0130066659662,17.986993334033798
33,21,135.0,109.27651803271517,25.723481967284826
33,22,134.0,117.1165298222891,16.883470177710905
33,23,133.0,116.80468611253173,16.195313887468274
33,24,132.0,119.52440968533696,12.475590314663037
33,25,131.0,124.90770927451754,6.0922907254824565
33,26,130.0,113.35260270834392,16.647397291656077
33,27,129.0,122.32506367256144,6.674936327438559
33,28,128.0,119.44813358165307,8.551866418346933
33,29,127.0,120.28317053622897,6.716829463771035
33,30,126.0,118.41438854294654,7.58561145705346
33,31,125.0,118.02721298917875,6.97278701082125
33,32,124.0,119.4663036059348,4.533696394065203
33,33,123.0,115.81385988368746,7.186140116312544
33,34,122.0,115.65044066120193,6.349559338798073
33,35,121.0,118.79393750292594,2.2060624970740577
33,36,120.0,119.33166639765685,0.6683336023431536
33,37,119.0,119.36014563106643,-0.3601456310664304
33,38,118.0,118.77305883563263,-0.7730588356326251
33,39,117.0,120.83355778075614,-3.833557780756138
33,40,116.0,118.7772338473415,-2.777233847341506
33,41,115.0,121.60732105452085,-6.6073210545208525
33,42,114.0,119.19692014916751,-5.196920149167511
33,43,113.0,117.69430063143298,-4.694300631432981
33,44,112.0,119.90646965537046,-7.906469655370458
33,45,111.0,123.1499797933633,-12.1499797933633
33,46,110.0,124.73297885056206,-14.732978850562063
33,47,109.0,122.09041716186857,-13.090417161868572
33,48,108.0,123.46130203270432,-15.461302032704324
33,49,107.0,122.77996765336617,-15.779967653366171
33,50,106.0,121.23898858723213,-15.238988587232129
34,1,209.0,125.0,84.0
34,2,208.0,123.78234556951972,84.21765443048028
34,3,207.0,124.07525182694877,82.92474817305123
34,4,206.0,125.0,81.0
34,5,205.0,125.0,80.0
34,6,204.0,125.0,79.0
34,7,203.0,125.0,78.0
34,8,202.0,125.0,77.0
34,9,201.0,125.0,76.0
34,10,200.0,125.0,75.0
34,11,199.0,125.0,74.0
34,12,198.0,125.0,73.0
34,13,197.0,124.88388967272996,72.11611032727004
34,14,196.0,125.0,71.0
34,15,195.0,125.0,70.0
34,16,194.0,125.0,69.0
34,17,193.0,125.0,68.0
34,18,192.0,123.7137317715021,68.2862682284979
34,19,191.0,121.8027438282891,69.1972561717109
34,20,190.0,119.7772462906049,70.2227537093951
34,21,189.0,124.00641582466243,64.99358417533757
34,22,188.0,123.94879229928809,64.05120770071191
34,23,187.0,122.274636571772,64.725363428228
34,24,186.0,123.29755828351595,62.702441716484046
34,25,185.0,124.03056351743379,60.96943648256621
34,26,184.0,123.6436519900268,60.3563480099732
34,27,183.0,124.15356876480539,58.846431235194615
34,28,182.0,124.81774356225336,57.182256437746645
34,29,181.0,124.44993699733901,56.55006300266099
34,30,180.0,125.0,55.0
34,31,179.0,125.0,54.0
34,32,178.0,125.0,53.0
34,33,177.0,124.05183656188959,52.94816343811041
34,34,176.0,123.75522841393143,52.244771586068566
34,35,175.0,123.6545956860597,51.34540431394031
34,36,174.0,123.38316417687592,50.61683582312408
34,37,173.0,123.30562911428801,49.69437088571199
34,38,172.0,123.25088562814896,48.749114371851036
34,39,171.0,123.32452655756448,47.67547344243552
34,40,170.0,123.11727930252556,46.88272069747444
34,41,169.0,121.87102157705682,47.12897842294318
34,42,168.0,122.07713560899829,45.92286439100171
34,43,167.0,120.38794537770167,46.61205462229833
34,44,166.0,122.97767494421066,43.02232505578934
34,45,165.0,122.80175922788406,42.19824077211594
34,46,164.0,122.5111230457266,41.488876954273394
34,47,163.0,122.9501521867305,40.049847813269494
34,48,162.0,121.03879551890344,40.96120448109656
34,49,161.0,117.75355067359662,43.24644932640338
34,50,160.0,119.39638502274997,40.60361497725003
34,51,159.0,121.6972282599474,37.302771740052606
34,52,158.0,120.85257733189125,37.147422668108746
34,53,157.0,118.96537929553418,38.03462070446582
34,54,156.0,118.62094671894273,37.37905328105727
34,55,155.0,118.91753100567546,36.08246899432454
34,56,154.0,119.91662029057925,34.083379709420754
34,57,153.0,115.97251266167743,37.02748733832257
34,58,152.0,120.4458053631292,31.554194636870804
34,59,151.0,118.66902482207561,32.33097517792439
34,60,150.0,117.47196799841906,32.52803200158094
34,61,149.0,114.98999279269182,34.01000720730818
34,62,148.0,114.03130957822668,33.96869042177332
34,63,147.0,117.4078176559401,29.592182344059907
34,64,146.0,116.94397887771885,29.05602112228115
34,65,145.0,116.6473203063872,28.3526796936128
34,66,144.0,116.71569368221851,27.284306317781486
34,67,143.0,117.00492660175503,25.99507339824497
34,68,142.0,113.42822278164466,28.571777218355336
34,69,141.0,115.07259762842195,25.927402371578054
34,70,140.0,116.58334082760872,23.416659172391277
34,71,139.0,116.82938048202165,22.170619517978352
34,72,138.0,122.44335570509055,15.556644294909447
34,73,137.0,121.5596520330497,15.440347966950299
34,74,136.0,121.90489645847074,14.095103541529255
34,75,135.0,121.22612076949704,13.773879230502956
34,76,134.0,121.38744712439538,12.61255287560462
34,77,133.0,121.73432082720811,11.265679172791891
34,78,132.0,122.81224740105372,9.187752598946275
34,79,131.0,121.69711765202074,9.302882347979263
34,80,130.0,121.6583308283913,8.3416691716087
34,81,129.0,122.21992570053509,6.780074299464914
34,82,128.0,121.8065601602422,6.193439839757801
34,83,127.0,121.77125952575489,5.2287404742451145
34,84,126.0,122.16819875795935,3.8318012420406546
34,85,125.0,121.93734356248075,3.0626564375192515
34,86,124.0,121.7399383428434,2.260061657156598
34,87,123.0,119.90986934477128,3.0901306552287195
34,88,122.0,120.62206231311018,1.3779376868898225
34,89,121.0,123.19685121802777,-2.196851218027774
34,90,120.0,120.68702045456475,-0.6870204545647454
34,91,119.0,117.54195737344462,1.4580426265553825
34,92,118.0,120.74825923315869,-2.7482592331586915
34,93,117.0,119.03872516173293,-2.038725161732927
34,94,116.0,117.54300026927281,-1.5430002692728095
34,95,115.0,116.75271453481032,-1.7527145348103232
34,96,114.0,115.12374703683832,-1.1237470368383242
34,97,113.0,115.92147358467652,-2.9214735846765194
34,98,112.0,116.77177512410687,-4.771775124106867
34,99,111.0,114.96752871644578,-3.967528716445784
34,100,110.0,106.78376578948921,3.216234210510791
34,101,109.0,101.91769862122392,7.08230137877608
34,102,108.0,109.77035954330572,-1.770359543305716
34,103,107.0,110.6128004361111,-3.612800436111101
34,104,106.0,109.09973701999832,-3.099737019998315
34,105,105.0,107.11687678702454,-2.1168767870245375
34,106,104.0,109.7898450816319,-5.789845081631896
34,107,103.0,110.13534929849779,-7.135349298497786
34,108,102.0,111.41233523305947,-9.412335233059466
34,109,101.0,109.16872179921421,-8.168721799214211
34,110,100.0,107.63811184237376,-7.63811184237376
34,111,99.0,105.64986197253879,-6.649861972538787
34,112,98.0,96.25109657865778,1.74890342134222
34,113,97.0,96.37955321254073,0.6204467874592723
34,114,96.0,99.43405356675042,-3.4340535667504213
34,115,95.0,102.47405152586654,-7.4740515258665425
34,116,94.0,99.75695772555197,-5.75695772555197
34,117,93.0,88.24877129184532,4.7512287081546845
34,118,92.0,90.47036209292115,1.5296379070788504
34,119,91.0,84.90642602883887,6.093573971161135
34,120,90.0,71.84719051783043,18.152809482169573
34,121,89.0,74.06774928945359,14.932250710546413
34,122,88.0,80.74012036610543,7.25987963389457
34,123,87.0,71.53772538329747,15.46227461670253
34,124,86.0,78.46705109868472,7.5329489013152795
34,125,85.0,73.26354037796531,11.736459622034687
34,126,84.0,74.98012012891783,9.019879871082168
34,127,83.0,78.70550251183488,4.294497488165121
34,128,82.0,75.70286895731147,6.297131042688534
34,129,81.0,81.27655720855515,-0.27655720855514687
34,130,80.0,80.26774303600553,-0.26774303600552685
34,131,79.0,82.2266449822946,-3.2266449822946015
34,132,78.0,83.40206993026317,-5.402069930263167
34,133,77.0,80.50922183929052,-3.509221839290518
34,134,76.0,72.81329074884675,3.186709251153246
34,135,75.0,73.97581011910903,1.0241898808909724
34,136,74.0,59.326454268689766,14.673545731310234
34,137,73.0,70.14214626895466,2.8578537310453385
34,138,72.0,64.64052050489866,7.35947949510134
34,139,71.0,74.79471407292105,-3.794714072921053
34,140,70.0,74.63581127336286,-4.635811273362862
34,141,69.0,70.08948144510546,-1.0894814451054629
34,142,68.0,74.13398396705622,-6.133983967056224
34,143,67.0,65.52498303727727,1.4750169627227336
34,144,66.0,62.57154962592353,3.428450374076469
34,145,65.0,63.78362979923253,1.2163702007674715
34,146,64.0,61.97101310224415,2.02898689775585
34,147,63.0,61.72423063696134,1.2757693630386626
34,148,62.0,66.58371401165515,-4.583714011655147
34,149,61.0,61.690671945410344,-0.6906719454103438
34,150,60.0,62.92596823186848,-2.925968231868481
34,151,59.0,57.41613678697496,1.5838632130250403
34,152,58.0,47.40443846171359,10.595561538286411
34,153,57.0,51.337082676796015,5.662917323203985
34,154,56.0,49.17342842208357,6.826571577916432
34,155,55.0,44.67911412531134,10.320885874688663
34,156,54.0,47.658820738550865,6.341179261449135
34,157,53.0,46.091299009288036,6.908700990711964
34,158,52.0,48.166035312770084,3.8339646872299156
34,159,51.0,45.05135446412413,5.948645535875869
34,160,50.0,44.696626638664746,5.303373361335254
34,161,49.0,46.25042047651279,2.7495795234872134
34,162,48.0,39.50348143976242,8.496518560237583
34,163,47.0,42.718760882374156,4.281239117625844
34,164,46.0,43.346181917095294,2.6538180829047064
34,165,45.0,38.60375196862827,6.3962480313717265
34,166,44.0,42.50086339614678,1.4991366038532234
34,167,43.0,33.339356142046846,9.660643857953154
34,168,42.0,36.364859810962564,5.635140189037436
34,169,41.0,33.71242966055822,7.287570339441778
34,170,40.0,32.47750857243448,7.5224914275655195
34,171,39.0,32.17154152717432,6.82845847282568
34,172,38.0,32.02496821453143,5.975031785468573
34,173,37.0,31.571606871919712,5.4283931280802875
34,174,36.0,40.026126511206535,-4.0261265112065345
34,175,35.0,31.91264974291283,3.08735025708717
34,176,34.0,32.109071442998676,1.890928557001324
34,177,33.0,28.67303473815861,4.326965261841391
34,178,32.0,27.374296198061472,4.625703801938528
34,179,31.0,26.56820978145357,4.431790218546428
34,180,30.0,28.119617377420052,1.8803826225799476
34,181,29.0,26.6187140444039,2.3812859555960983
34,182,28.0,25.805101461565126,2.194898538434874
34,183,27.0,27.143066827354236,-0.14306682735423593
34,184,26.0,24.854320995712296,1.1456790042877039
34,185,25.0,22.815647849614784,2.184352150385216
34,186,24.0,22.655313277248414,1.344686722751586
34,187,23.0,21.481926777925533,1.5180732220744666
34,188,22.0,19.233990478453542,2.766009521546458
34,189,21.0,18.42648727657339,2.57351272342661
34,190,20.0,18.88196127526052,1.1180387247394812
34,191,19.0,18.446052664125755,0.5539473358742448
34,192,18.0,17.196342068855497,0.8036579311445031
34,193,17.0,16.441855476893913,0.5581445231060869
34,194,16.0,15.421310242294886,0.5786897577051135
34,195,15.0,15.409433632655851,-0.4094336326558512
34,196,14.0,14.383564030070199,-0.38356403007019857
34,197,13.0,12.851321612321813,0.14867838767818675
34,198,12.0,11.932546529632027,0.06745347036797256
34,199,11.0,10.758884434592382,0.24111556540761825
34,200,10.0,10.395443838279164,-0.39544383827916363
34,201,9.0,9.317492799821043,-0.31749279982104284
34,202,8.0,9.245812000199171,-1.2458120001991713
34,203,7.0,5.582695336141135,1.4173046638588653
35,1,208.0,123.24021330708331,84.75978669291669
35,2,207.0,125.0,82.0
35,3,206.0,125.0,81.0
35,4,205.0,125.0,80.0
35,5,204.0,125.0,79.0
35,6,203.0,125.0,78.0
35,7,202.0,125.0,77.0
35,8,201.0,125.0,76.0
35,9,200.0,125.0,75.0
35,10,199.0,125.0,74.0
35,11,198.0,120.33796445791005,77.66203554208995
35,12,197.0,120.16200703783363,76.83799296216637
35,13,196.0,123.64259295266385,72.35740704733615
35,14,195.0,119.09443178613343,75.90556821386657
35,15,194.0,117.98522818945646,76.01477181054354
35,16,193.0,122.08175197576585,70.91824802423415
35,17,192.0,119.96593894916049,72.03406105083951
35,18,191.0,120.08159404152698,70.91840595847302
35,19,190.0,117.38774848465445,72.61225151534555
35,20,189.0,110.07783673016297,78.92216326983703
35,21,188.0,121.61227181966316,66.38772818033684
35,22,187.0,112.17653447797315,74.82346552202685
35,23,186.0,114.7674599962445,71.2325400037555
35,24,185.0,115.1400641860861,69.8599358139139
35,25,184.0,115.24422846318595,68.75577153681405
35,26,183.0,122.48434624857785,60.51565375142215
35,27,182.0,117.95926074586505,64.04073925413495
35,28,181.0,123.22349821560728,57.77650178439272
35,29,180.0,122.83278445199339,57.16721554800661
35,30,179.0,116.24243056401951,62.757569435980486
35,31,178.0,118.87849295657605,59.12150704342395
35,32,177.0,119.56079959226007,57.43920040773993
35,33,176.0,118.9525294314531,57.0474705685469
35,34,175.0,117.95139927356121,57.04860072643879
35,35,174.0,115.32581282685508,58.674187173144915
35,36,173.0,117.75050003612311,55.249499963876886
35,37,172.0,118.96480328976786,53.03519671023214
35,38,171.0,118.32495048461554,52.67504951538446
35,39,170.0,115.32871628270937,54.671283717290635
35,40,169.0,113.90447101583212,55.095528984167885
35,41,168.0,114.02783970846822,53.97216029153178
35,42,167.0,116.89166663293244,50.10833336706756
35,43,166.0,117.1278270181486,48.872172981851406
35,44,165.0,115.57130397848529,49.42869602151471
35,45,164.0,113.00552030192699,50.99447969807301
35,46,163.0,111.83642982354435,51.16357017645565
35,47,162.0,117.8115803156471,44.188419684352894
35,48,161.0,115.72359290758475,45.276407092415255
35,49,160.0,115.35210184022232,44.64789815977768
35,50,159.0,112.33576123278787,46.664238767212126
35,51,158.0,117.1082795302849,40.891720469715096
35,52,157.0,119.82388692393883,37.17611307606117
35,53,156.0,110.28425318359771,45.71574681640229
35,54,155.0,114.46100201417478,40.53899798582522
35,55,154.0,110.98695805627352,43.01304194372648
35,56,153.0,106.78324129612636,46.21675870387364
35,57,152.0,103.0097315288953,48.9902684711047
35,58,151.0,99.90495901182882,51.09504098817118
35,59,150.0,109.45084291724663,40.54915708275337
35,60,149.0,115.29133587466323,33.70866412533677
35,61,148.0,113.2984968572383,34.701503142761695
35,62,147.0,108.83261184577817,38.167388154221825
35,63,146.0,111.14082551697678,34.859174483023224
35,64,145.0,111.07812210959247,33.92187789040753
35,65,144.0,109.34645554565355,34.653544454346445
35,66,143.0,113.62332401680773,29.37667598319227
35,67,142.0,111.12951089351489,30.87048910648511
35,68,141.0,108.7525138528026,32.24748614719741
35,69,140.0,108.840321683873,31.159678316127
35,70,139.0,108.84365000084263,30.15634999915737
35,71,138.0,111.99269103415755,26.007308965842455
35,72,137.0,113.20179453103589,23.798205468964113
35,73,136.0,111.18452481166348,24.81547518833652
35,74,135.0,111.64625664535886,23.35374335464114
35,75,134.0,112.8503941536508,21.149605846349203
35,76,133.0,116.11927342260893,16.880726577391073
35,77,132.0,113.65668476966603,18.34331523033397
35,78,131.0,114.50252424112067,16.497475758879332
35,79,130.0,110.50160686885187,19.498393131148134
35,80,129.0,111.08127292793024,17.918727072069757
35,81,128.0,111.89595110450409,16.104048895495907
35,82,127.0,112.90200984792632,14.097990152073677
35,83,126.0,113.29167095419574,12.708329045804263
35,84,125.0,110.88199449074031,14.118005509259689
35,85,124.0,112.96197513438436,11.03802486561564
35,86,123.0,115.47894919084358,7.521050809156421
35,87,122.0,112.3875192381157,9.6124807618843
35,88,121.0,109.90615270915545,11.09384729084455
35,89,120.0,108.6077478984772,11.3922521015228
35,90,119.0,108.58766704259936,10.412332957400636
35,91,118.0,110.31607960462065,7.683920395379346
35,92,117.0,109.5123953736363,7.487604626363705
35,93,116.0,109.56472493657428,6.4352750634257205
35,94,115.0,110.08799478823478,4.912005211765219
35,95,114.0,109.34572562434202,4.654274375657977
35,96,113.0,108.32895049953366,4.671049500466339
35,97,112.0,107.59444655130348,4.405553448696523
35,98,111.0,111.52411205750273,-0.5241120575027338
35,99,110.0,107.38791482401861,2.6120851759813917
35,100,109.0,100.8032626256899,8.196737374310104
35,101,108.0,102.98484502776476,5.015154972235237
35,102,107.0,98.00337650914298,8.996623490857019
35,103,106.0,97.54495851689455,8.455041483105447
35,104,105.0,102.07383049418168,2.926169505818322
35,105,104.0,103.20443002478916,0.7955699752108387
35,106,103.0,106.76693288079922,-3.7669328807992173
35,107,102.0,96.40068717512091,5.599312824879092
35,108,101.0,94.74450792568305,6.2554920743169475
35,109,100.0,93.76232818360694,6.2376718163930605
35,110,99.0,95.85832093341413,3.1416790665858656
35,111,98.0,99.84222458806377,-1.8422245880637718
35,112,97.0,99.41036497152346,-2.410364971523464
35,113,96.0,99.60112831020824,-3.6011283102082388
35,114,95.0,92.57726113308931,2.4227388669106915
35,115,94.0,106.88271358025786,-12.882713580257857
35,116,93.0,102.31225697988344,-9.312256979883443
35,117,92.0,104.52833770308752,-12.528337703087516
35,118,91.0,103.59392645146012,-12.59392645146012
35,119,90.0,99.63721605050291,-9.637216050502914
35,120,89.0,104.25353930566655,-15.25353930566655
35,121,88.0,104.30835264212438,-16.308352642124376
35,122,87.0,109.01128161416682,-22.01128161416682
35,123,86.0,96.00966099886564,-10.009660998865641
35,124,85.0,99.27332852715412,-14.27332852715412
35,125,84.0,101.23939619417831,-17.239396194178312
35,126,83.0,107.32857905623837,-24.328579056238368
35,127,82.0,109.84271359006102,-27.842713590061024
35,128,81.0,107.29349458066335,-26.29349458066335
35,129,80.0,105.9548193195569,-25.954819319556904
35,130,79.0,99.73234015566413,-20.732340155664133
35,131,78.0,99.79547533269002,-21.795475332690017
35,132,77.0,97.7040667047666,-20.704066704766603
35,133,76.0,90.28396786678414,-14.283967866784138
35,134,75.0,94.24367989641377,-19.243679896413767
35,135,74.0,90.34490585488952,-16.344905854889518
35,136,73.0,84.68896407725927,-11.688964077259271
35,137,72.0,79.52715714187202,-7.527157141872024
35,138,71.0,90.40384994195023,-19.403849941950227
35,139,70.0,87.63756512841903,-17.637565128419027
35,140,69.0,75.61776536839658,-6.617765368396576
35,141,68.0,80.6098418570979,-12.609841857097905
35,142,67.0,73.65689357126722,-6.656893571267219
35,143,66.0,67.833500579138,-1.8335005791380041
35,144,65.0,68.0066213339767,-3.006621333976696
35,145,64.0,69.33880612686188,-5.338806126861883
35,146,63.0,65.83405807363776,-2.834058073637763
35,147,62.0,60.751865242261744,1.2481347577382564
35,148,61.0,54.56630621836627,6.433693781633728
35,149,60.0,57.345454776377544,2.6545452236224563
35,150,59.0,55.51134796211201,3.488652037887988
35,151,58.0,52.966190340853544,5.033809659146456
35,152,57.0,50.36027554356025,6.639724456439751
35,153,56.0,50.077643097911505,5.922356902088495
35,154,55.0,50.684949929396275,4.315050070603725
35,155,54.0,49.89745569732551,4.102544302674488
35,156,53.0,49.45382024374163,3.5461797562583683
35,157,52.0,46.925432625972824,5.0745673740271755
35,158,51.0,51.225209703689416,-0.22520970368941562
35,159,50.0,48.87600951105872,1.1239904889412813
35,160,49.0,46.408367807271524,2.5916321927284756
35,161,48.0,41.96187356283748,6.038126437162518
35,162,47.0,39.51598999728324,7.484010002716758
35,163,46.0,40.17535427002478,5.824645729975217
35,164,45.0,38.48753392138887,6.5124660786111335
35,165,44.0,38.44658659618266,5.553413403817338
35,166,43.0,39.928563922898945,3.0714360771010547
35,167,42.0,39.235281338380275,2.7647186616197246
35,168,41.0,36.61946919259569,4.3805308074043126
35,169,40.0,36.462215481016266,3.5377845189837345
35,170,39.0,37.519635901718665,1.4803640982813349
35,171,38.0,37.81073589710853,0.189264102891471
35,172,37.0,33.96888415548975,3.0311158445102535
35,173,36.0,34.902335155722895,1.097664844277105
35,174,35.0,34.623891264751,0.376108735248998
35,175,34.0,37.70162906013173,-3.7016290601317294
35,176,33.0,30.532247658572288,2.467752341427712
35,177,32.0,29.776886844984443,2.2231131550155574
35,178,31.0,32.652102732213166,-1.6521027322131658
35,179,30.0,31.176411412426866,-1.1764114124268659
35,180,29.0,30.233998588681178,-1.2339985886811782
35,181,28.0,26.137078928130762,1.8629210718692377
35,182,27.0,27.38493520827001,-0.3849352082700115
35,183,26.0,20.270929235657267,5.729070764342733
35,184,25.0,22.249097478279165,2.7509025217208354
35,185,24.0,21.24092859737161,2.75907140262839
35,186,23.0,20.3284587941088,2.6715412058911987
35,187,22.0,19.902056347777304,2.097943652222696
35,188,21.0,18.935917540005995,2.0640824599940046
35,189,20.0,18.337553645368242,1.6624463546317578
35,190,19.0,17.642426026848593,1.357573973151407
35,191,18.0,17.31829580485624,0.6817041951437588
35,192,17.0,16.715328340081765,0.28467165991823506
35,193,16.0,17.701924535316554,-1.7019245353165537
35,194,15.0,17.635369496955285,-2.6353694969552848
35,195,14.0,17.18683481022582,-3.1868348102258217
35,196,13.0,17.651673563152286,-4.651673563152286
35,197,12.0,14.113092883994524,-2.1130928839945238
35,198,11.0,13.163574340929175,-2.163574340929175
36,1,144.0,118.36877141228958,25.631228587710424
36,2,143.0,123.92929279862396,19.070707201376038
36,3,142.0,103.99535038442899,38.00464961557101
36,4,141.0,113.15414506489842,27.845854935101585
36,5,140.0,105.30269437067373,34.697305629326266
36,6,139.0,125.0,14.0
36,7,138.0,125.0,13.0
36,8,137.0,125.0,12.0
36,9,136.0,125.0,11.0
36,10,135.0,125.0,10.0
36,11,134.0,125.0,9.0
36,12,133.0,125.0,8.0
36,13,132.0,123.99252226690412,8.007477733095882
36,14,131.0,124.14438049624324,6.855619503756756
36,15,130.0,124.40834624289896,5.591653757101042
36,16,129.0,124.25377095901938,4.746229040980623
36,17,128.0,125.0,3.0
36,18,127.0,125.0,2.0
36,19,126.0,123.22053200162924,2.7794679983707624
36,20,125.0,122.58444506224353,2.4155549377564682
36,21,124.0,124.18840549391476,-0.18840549391475747
36,22,123.0,122.63367179420307,0.3663282057969326
36,23,122.0,120.44990351420121,1.5500964857987896
36,24,121.0,119.91004401260903,1.0899559873909652
36,25,120.0,121.78869753952397,-1.788697539523966
36,26,119.0,122.20317197793817,-3.203171977938169
36,27,118.0,125.0,-7.0
36,28,117.0,124.00638214435972,-7.006382144359719
36,29,116.0,122.88542123980803,-6.885421239808025
36,30,115.0,122.57893420014186,-7.578934200141859
36,31,114.0,123.52472384861458,-9.524723848614585
36,32,113.0,123.93712444183085,-10.937124441830846
36,33,112.0,119.61155319038366,-7.61155319038366
36,34,111.0,114.03222478900472,-3.032224789004715
36,35,110.0,116.27911876688009,-6.279118766880089
36,36,109.0,118.44243727202242,-9.442437272022417
36,37,108.0,115.41205458327546,-7.412054583275463
36,38,107.0,117.68332577973119,-10.683325779731192
36,39,106.0,118.54707990522691,-12.547079905226909
36,40,105.0,114.53750389768616,-9.537503897686165
36,41,104.0,116.44210715881773,-12.442107158817734
36,42,103.0,114.53124324682332,-11.531243246823323
36,43,102.0,115.82890835415087,-13.828908354150869
36,44,101.0,116.52639421090565,-15.52639421090565
36,45,100.0,112.47027872074541,-12.470278720745412
36,46,99.0,114.46055660508941,-15.460556605089408
36,47,98.0,112.13109121975849,-14.131091219758488
36,48,97.0,109.34848278650529,-12.348482786505286
36,49,96.0,112.17146786685105,-16.171467866851046
36,50,95.0,115.549137743574,-20.549137743573993
36,51,94.0,111.46674309267836,-17.466743092678357
36,52,93.0,108.13224583819483,-15.132245838194834
36,53,92.0,107.21035864529064,-15.21035864529064
36,54,91.0,110.59362018163134,-19.593620181631337
36,55,90.0,102.93218309179025,-12.93218309179025
36,56,89.0,101.61037749905556,-12.61037749905556
36,57,88.0,104.4189562912518,-16.418956291251803
36,58,87.0,105.56330038775265,-18.563300387752648
36,59,86.0,108.586720263371,-22.586720263371006
36,60,85.0,107.31743697976667,-22.31743697976667
36,61,84.0,107.24532671077309,-23.245326710773085
36,62,83.0,108.12883836364261,-25.128838363642615
36,63,82.0,108.47566588477086,-26.475665884770862
36,64,81.0,104.51773866308292,-23.517738663082923
36,65,80.0,93.11852551849229,-13.11852551849229
36,66,79.0,107.32140719247698,-28.321407192476983
36,67,78.0,109.7143510154379,-31.7143510154379
36,68,77.0,109.97541401851147,-32.97541401851147
36,69,76.0,111.33638507070799,-35.33638507070799
36,70,75.0,110.735964066522,-35.735964066522
36,71,74.0,108.79434818357942,-34.794348183579416
36,72,73.0,110.5088398609904,-37.508839860990406
36,73,72.0,107.34624054113664,-35.34624054113664
36,74,71.0,105.23203863078449,-34.23203863078449
36,75,70.0,107.24084161184382,-37.24084161184382
36,76,69.0,107.10579753977531,-38.10579753977531
36,77,68.0,102.56617192989219,-34.56617192989219
36,78,67.0,101.46510825748616,-34.465108257486165
36,79,66.0,97.15477257813855,-31.154772578138548
36,80,65.0,99.95933127584904,-34.95933127584904
36,81,64.0,95.3330549531295,-31.333054953129505
36,82,63.0,92.39295880736026,-29.39295880736026
36,83,62.0,87.23338269408553,-25.233382694085535
36,84,61.0,81.05100735008237,-20.051007350082372
36,85,60.0,80.7009942497044,-20.700994249704394
36,86,59.0,85.98277649116062,-26.98277649116062
36,87,58.0,80.01910844321971,-22.019108443219707
36,88,57.0,78.73790503608015,-21.73790503608015
36,89,56.0,78.05085033483628,-22.050850334836284
36,90,55.0,77.31788609441512,-22.317886094415115
36,91,54.0,72.12507279209,-18.125072792089995
36,92,53.0,67.25192553870608,-14.251925538706075
36,93,52.0,63.13546815516099,-11.135468155160993
36,94,51.0,57.96804832167363,-6.968048321673628
36,95,50.0,58.19392648314804,-8.19392648314804
36,96,49.0,58.25574995570947,-9.255749955709469
36,97,48.0,66.27519377065329,-18.27519377065329
36,98,47.0,54.27385674548256,-7.273856745482561
36,99,46.0,50.56214269249919,-4.562142692499187
36,100,45.0,53.16997979453398,-8.16997979453398
36,101,44.0,52.439604086720806,-8.439604086720806
36,102,43.0,51.347275501429074,-8.347275501429074
36,103,42.0,47.22702920372243,-5.227029203722431
36,104,41.0,54.0308407285676,-13.030840728567597
36,105,40.0,54.07540482164173,-14.075404821641733
36,106,39.0,50.91945452441793,-11.91945452441793
36,107,38.0,49.22279314570874,-11.222793145708742
36,108,37.0,48.840265454695185,-11.840265454695185
36,109,36.0,50.41908140456709,-14.419081404567088
36,110,35.0,45.90702404835078,-10.907024048350777
36,111,34.0,42.55713833069269,-8.557138330692688
36,112,33.0,41.28020383351042,-8.28020383351042
36,113,32.0,40.20147643142822,-8.201476431428219
36,114,31.0,41.287597568484394,-10.287597568484394
36,115,30.0,41.98148386458303,-11.981483864583033
36,116,29.0,39.76180223376783,-10.761802233767831
36,117,28.0,40.03015870139598,-12.030158701395983
36,118,27.0,38.34676601077089,-11.346766010770892
36,119,26.0,39.8877900525567,-13.887790052556703
36,120,25.0,40.41300210967424,-15.413002109674238
36,121,24.0,39.9527085320936,-15.952708532093602
36,122,23.0,30.295477229187384,-7.295477229187384
36,123,22.0,32.42703205240021,-10.427032052400207
36,124,21.0,28.182038859951504,-7.182038859951504
36,125,20.0,25.225229641138004,-5.225229641138004
36,126,19.0,24.60530150608446,-5.605301506084459
37,1,141.0,124.83335398297116,16.16664601702884
37,2,140.0,125.0,15.0
37,3,139.0,123.81427791997818,15.185722080021819
37,4,138.0,124.69261728496792,13.307382715032077
37,5,137.0,125.0,12.0
37,6,136.0,125.0,11.0
37,7,135.0,124.11960775961667,10.88039224038333
37,8,134.0,117.66060580163034,16.33939419836966
37,9,133.0,125.0,8.0
37,10,132.0,123.90483646889258,8.095163531107417
37,11,131.0,123.82091616891752,7.17908383108248
37,12,130.0,122.98068664634705,7.019313353652947
37,13,129.0,124.27312852388901,4.726871476110986
37,14,128.0,124.74022957326493,3.2597704267350736
37,15,127.0,123.85961015686647,3.1403898431335335
37,16,126.0,125.0,1.0
37,17,125.0,123.23509291868633,1.764907081313666
37,18,124.0,122.21597428839009,1.7840257116099139
37,19,123.0,121.78501967105585,1.2149803289441508
37,20,122.0,125.0,-3.0
37,21,121.0,123.3453918073349,-2.345391807334906
37,22,120.0,124.06224651658205,-4.06224651658205
37,23,119.0,118.5456254982226,0.45437450177739436
37,24,118.0,121.43339618624395,-3.4333961862439537
37,25,117.0,118.12277962548622,-1.122779625486217
37,26,116.0,122.13807762678309,-6.138077626783087
37,27,115.0,122.92642719425896,-7.926427194258963
37,28,114.0,119.71026705535013,-5.71026705535013
37,29,113.0,121.46318076134648,-8.463180761346479
37,30,112.0,121.62346233482174,-9.623462334821738
37,31,111.0,121.54576543457506,-10.54576543457506
37,32,110.0,123.50688710694965,-13.506887106949648
37,33,109.0,122.68627551988281,-13.686275519882813
37,34,108.0,124.23102536991193,-16.231025369911933
37,35,107.0,120.94824372935363,-13.948243729353635
37,36,106.0,123.26268098959756,-17.262680989597555
37,37,105.0,119.27109230064724,-14.27109230064724
37,38,104.0,121.59214531860968,-17.59214531860968
37,39,103.0,121.22120496608234,-18.22120496608234
37,40,102.0,121.03120653416318,-19.031206534163175
37,41,101.0,120.90950323278007,-19.909503232780068
37,42,100.0,120.13780766065278,-20.137807660652783
37,43,99.0,122.61267912440434,-23.612679124404337
37,44,98.0,122.11804817321767,-24.118048173217673
37,45,97.0,121.33818647322799,-24.338186473227992
37,46,96.0,119.44137585159586,-23.441375851595865
37,47,95.0,123.34564798097259,-28.345647980972586
37,48,94.0,122.10024779904744,-28.100247799047438
37,49,93.0,122.08298928746326,-29.082989287463263
37,50,92.0,120.85702149894207,-28.857021498942075
37,51,91.0,122.12722645454073,-31.127226454540732
37,52,90.0,118.16005147894512,-28.16005147894512
37,53,89.0,117.9826716635465,-28.982671663546498
37,54,88.0,120.16774984440003,-32.167749844400035
37,55,87.0,110.70646317530657,-23.706463175306567
37,56,86.0,112.25974747189291,-26.259747471892908
37,57,85.0,116.8067628010035,-31.8067628010035
37,58,84.0,112.16718631018509,-28.167186310185087
37,59,83.0,110.13194508098177,-27.131945080981765
37,60,82.0,112.5746965436702,-30.5746965436702
37,61,81.0,110.7603409727835,-29.760340972783496
37,62,80.0,109.64931535199409,-29.64931535199409
37,63,79.0,115.2820852590485,-36.2820852590485
37,64,78.0,113.57576946053184,-35.575769460531845
37,65,77.0,115.32286208845053,-38.322862088450535
37,66,76.0,110.90649390278422,-34.90649390278422
37,67,75.0,114.51059617820303,-39.51059617820303
37,68,74.0,114.23235665261726,-40.232356652617256
37,69,73.0,113.42255797554884,-40.42255797554884
37,70,72.0,112.76384717228595,-40.76384717228595
37,71,71.0,110.52887234663949,-39.52887234663949
37,72,70.0,105.24304028618519,-35.24304028618519
37,73,69.0,110.5141594944844,-41.5141594944844
37,74,68.0,94.92638103896374,-26.92638103896374
37,75,67.0,97.82803065371075,-30.828030653710755
37,76,66.0,90.0779010695878,-24.077901069587796
37,77,65.0,92.53722800657238,-27.537228006572377
37,78,64.0,87.09381658007534,-23.09381658007534
37,79,63.0,81.19993515574502,-18.199935155745024
37,80,62.0,88.9227913886609,-26.922791388660897
37,81,61.0,87.67085371042717,-26.670853710427167
37,82,60.0,76.05370638021934,-16.05370638021934
37,83,59.0,70.72351745300445,-11.723517453004447
37,84,58.0,78.82258691851285,-20.822586918512854
37,85,57.0,72.56084465032237,-15.560844650322366
37,86,56.0,69.3463058347125,-13.346305834712496
37,87,55.0,74.57869000898464,-19.578690008984637
37,88,54.0,76.8260886348999,-22.826088634899904
37,89,53.0,68.77129808578758,-15.771298085787578
37,90,52.0,63.27906162875482,-11.279061628754818
37,91,51.0,65.08851714267385,-14.088517142673851
37,92,50.0,64.06284432684109,-14.062844326841088
37,93,49.0,57.04903873844178,-8.04903873844178
37,94,48.0,60.108016477924714,-12.108016477924714
37,95,47.0,57.90809377187836,-10.908093771878363
37,96,46.0,51.474060776093204,-5.474060776093204
37,97,45.0,50.518927697323775,-5.518927697323775
37,98,44.0,47.96176183357009,-3.961761833570087
37,99,43.0,51.392843903136985,-8.392843903136985
37,100,42.0,43.32443694787592,-1.3244369478759168
37,101,41.0,43.56927967916829,-2.5692796791682895
37,102,40.0,39.66495935757095,0.33504064242904974
37,103,39.0,41.76701319946452,-2.7670131994645217
37,104,38.0,41.37603353970992,-3.3760335397099226
37,105,37.0,39.99152183436646,-2.991521834366459
37,106,36.0,45.739932555349775,-9.739932555349775
37,107,35.0,38.51955651657758,-3.5195565165775804
37,108,34.0,36.68905066720061,-2.689050667200611
37,109,33.0,34.65865275618204,-1.6586527561820432
37,110,32.0,36.961687712855074,-4.961687712855074
37,111,31.0,36.71424607095295,-5.714246070952953
37,112,30.0,33.679877982344195,-3.6798779823441947
37,113,29.0,32.8078590944598,-3.8078590944598005
37,114,28.0,32.58108041972596,-4.581080419725957
37,115,27.0,30.973556131418533,-3.9735561314185333
37,116,26.0,29.86954727377077,-3.8695472737707703
37,117,25.0,30.81522412027442,-5.815224120274419
37,118,24.0,30.893411133278846,-6.893411133278846
37,119,23.0,29.80835140933016,-6.808351409330161
37,120,22.0,30.347690672904857,-8.347690672904857
37,121,21.0,29.9749919184587,-8.974991918458699
38,1,174.0,125.0,49.0
38,2,173.0,125.0,48.0
38,3,172.0,125.0,47.0
38,4,171.0,125.0,46.0
38,5,170.0,125.0,45.0
38,6,169.0,123.91152668583231,45.088473314167686
38,7,168.0,125.0,43.0
38,8,167.0,123.70990010080752,43.290099899192484
38,9,166.0,116.72475495818973,49.275245041810265
38,10,165.0,124.45590303145049,40.54409696854951
38,11,164.0,122.11152547714978,41.88847452285022
38,12,163.0,122.13591732132367,40.864082678676326
38,13,162.0,125.0,37.0
38,14,161.0,125.0,36.0
38,15,160.0,120.96962459099548,39.03037540900452
38,16,159.0,117.96129170971042,41.03870829028958
38,17,158.0,108.31798855525379,49.68201144474621
38,18,157.0,112.88341931321706,44.11658068678294
38,19,156.0,117.05267166950699,38.94732833049301
38,20,155.0,120.26813192010972,34.731868079890276
38,21,154.0,125.0,29.0
38,22,153.0,124.35074158001557,28.649258419984434
38,23,152.0,124.33497706016466,27.66502293983534
38,24,151.0,122.09433732997967,28.905662670020334
38,25,150.0,125.0,25.0
38,26,149.0,124.76764582307278,24.232354176927217
38,27,148.0,124.83528281854791,23.16471718145209
38,28,147.0,125.0,22.0
38,29,146.0,125.0,21.0
38,30,145.0,124.99832731014243,20.00167268985757
38,31,144.0,125.0,19.0
38,32,143.0,123.51525038982426,19.48474961017574
38,33,142.0,122.2834909542689,19.7165090457311
38,34,141.0,119.68319477548093,21.316805224519072
38,35,140.0,117.77015814840595,22.229841851594045
38,36,139.0,118.58069932305754,20.419300676942456
38,37,138.0,120.26838665610768,17.73161334389232
38,38,137.0,121.4814248301366,15.518575169863396
38,39,136.0,118.57980550198046,17.42019449801954
38,40,135.0,117.71373975242338,17.28626024757662
38,41,134.0,119.3997555848165,14.600244415183496
38,42,133.0,119.5688825925923,13.431117407407697
38,43,132.0,119.73297374517752,12.267026254822483
38,44,131.0,121.92283190115825,9.077168098841753
38,45,130.0,122.83624952156211,7.1637504784378905
38,46,129.0,122.99411083648212,6.005889163517878
38,47,128.0,122.78462622531258,5.215373774687421
38,48,127.0,119.82865823500543,7.171341764994565
38,49,126.0,119.10504742266433,6.894952577335673
38,50,125.0,117.67987310742039,7.320126892579609
38,51,124.0,123.09422954593201,0.9057704540679907
38,52,123.0,122.85563606446716,0.14436393553283722
38,53,122.0,123.79309808074403,-1.7930980807440307
38,54,121.0,119.0828585739375,1.9171414260625
38,55,120.0,117.25578816923029,2.7442118307697143
38,56,119.0,116.85991605938591,2.1400839406140904
38,57,118.0,116.58187379556031,1.4181262044396874
38,58,117.0,110.17317623078955,6.826823769210449
38,59,116.0,112.95480053622778,3.045199463772221
38,60,115.0,110.53496963103672,4.4650303689632835
38,61,114.0,113.80654598070669,0.19345401929331274
38,62,113.0,111.73878294662505,1.2612170533749492
38,63,112.0,115.66707613792074,-3.667076137920745
38,64,111.0,117.68128242280393,-6.681282422803932
38,65,110.0,107.76787100680957,2.232128993190429
38,66,109.0,103.00340677794125,5.996593222058749
38,67,108.0,102.28837611960861,5.711623880391386
38,68,107.0,104.03556818990472,2.9644318100952773
38,69,106.0,113.19873976773037,-7.198739767730373
38,70,105.0,105.93205293693867,-0.9320529369386747
38,71,104.0,106.0029695479101,-2.002969547910098
38,72,103.0,108.2920837035326,-5.292083703532597
38,73,102.0,109.04674505243334,-7.046745052433337
38,74,101.0,104.7325718742366,-3.732571874236598
38,75,100.0,108.42934332141145,-8.429343321411451
38,76,99.0,107.0919306368236,-8.091930636823605
38,77,98.0,111.97698099687665,-13.976980996876648
38,78,97.0,112.24489166678755,-15.244891666787552
38,79,96.0,114.70657009463962,-18.706570094639616
38,80,95.0,109.70174484713407,-14.701744847134066
38,81,94.0,111.47973471640523,-17.479734716405233
38,82,93.0,105.16924335564254,-12.169243355642536
38,83,92.0,106.96924694255937,-14.969246942559366
38,84,91.0,108.03206738885167,-17.032067388851672
38,85,90.0,100.18986277466826,-10.189862774668256
38,86,89.0,113.39317292492876,-24.393172924928763
38,87,88.0,94.0443417302235,-6.044341730223493
38,88,87.0,107.64364805859822,-20.643648058598217
38,89,86.0,105.53917398609062,-19.539173986090617
38,90,85.0,102.41167147478296,-17.411671474782963
38,91,84.0,113.41327792978322,-29.41327792978322
38,92,83.0,112.65547943169351,-29.655479431693507
38,93,82.0,109.0005551019343,-27.000555101934296
38,94,81.0,113.5617204631508,-32.561720463150806
38,95,80.0,113.31346272612065,-33.31346272612065
38,96,79.0,118.31766851934387,-39.31766851934387
38,97,78.0,109.45934577800186,-31.45934577800186
38,98,77.0,105.06538715733132,-28.065387157331315
38,99,76.0,93.03470797320863,-17.034707973208626
38,100,75.0,95.31890516454398,-20.318905164543978
38,101,74.0,89.60372051631158,-15.603720516311583
38,102,73.0,93.59313360663592,-20.593133606635917
38,103,72.0,89.07985568862512,-17.079855688625116
38,104,71.0,87.63130434590863,-16.63130434590863
38,105,70.0,88.98755157226063,-18.987551572260628
38,106,69.0,78.37484379096071,-9.37484379096071
38,107,68.0,86.28381085220633,-18.28381085220633
38,108,67.0,77.53137101960256,-10.53137101960256
38,109,66.0,80.62186871365536,-14.62186871365536
38,110,65.0,74.99713762718038,-9.99713762718038
38,111,64.0,69.07162047065525,-5.0716204706552475
38,112,63.0,79.62148982678771,-16.62148982678771
38,113,62.0,75.99497914060893,-13.994979140608933
38,114,61.0,69.90944500063651,-8.90944500063651
38,115,60.0,68.46283981729984,-8.462839817299837
38,116,59.0,70.12882963582136,-11.128829635821361
38,117,58.0,66.61781175814848,-8.617811758148477
38,118,57.0,69.61670116018783,-12.61670116018783
38,119,56.0,64.28116101233144,-8.281161012331438
38,120,55.0,66.99489405147571,-11.994894051475711
38,121,54.0,64.99124872287535,-10.991248722875355
38,122,53.0,62.64649116929782,-9.646491169297818
38,123,52.0,62.62046285858283,-10.620462858582833
38,124,51.0,58.69645078492585,-7.696450784925851
38,125,50.0,57.61462604788556,-7.614626047885558
39,1,178.0,125.0,53.0
39,2,177.0,125.0,52.0
39,3,176.0,125.0,51.0
39,4,175.0,119.6799507436494,55.3200492563506
39,5,174.0,112.49093652071807,61.509063479281934
39,6,173.0,123.90491915633274,49.09508084366726
39,7,172.0,121.58327617323029,50.41672382676971
39,8,171.0,98.86231416985594,72.13768583014406
39,9,170.0,122.29269564392663,47.707304356073365
39,10,169.0,123.1021291750794,45.8978708249206
39,11,168.0,122.85295415417383,45.14704584582617
39,12,167.0,125.0,42.0
39,13,166.0,124.38027470861856,41.61972529138144
39,14,165.0,125.0,40.0
39,15,164.0,123.06309385903329,40.93690614096671
39,16,163.0,123.5633709680738,39.4366290319262
39,17,162.0,124.25726720025004,37.74273279974996
39,18,161.0,123.1672507969838,37.832749203016206
39,19,160.0,125.0,35.0
39,20,159.0,125.0,34.0
39,21,158.0,124.52214211529096,33.47785788470904
39,22,157.0,125.0,32.0
39,23,156.0,125.0,31.0
39,24,155.0,124.73194892532884,30.268051074671163
39,25,154.0,125.0,29.0
39,26,153.0,124.0096365027497,28.9903634972503
39,27,152.0,125.0,27.0
39,28,151.0,124.87900326483833,26.12099673516167
39,29,150.0,125.0,25.0
39,30,149.0,125.0,24.0
39,31,148.0,125.0,23.0
39,32,147.0,124.42101932650155,22.57898067349845
39,33,146.0,124.94176547668081,21.058234523319186
39,34,145.0,125.0,20.0
39,35,144.0,125.0,19.0
39,36,143.0,123.5174439343883,19.482556065611703
39,37,142.0,125.0,17.0
40,1,160.0,125.0,35.0
40,2,159.0,107.28831648344996,51.71168351655004
40,3,158.0,125.0,33.0
40,4,157.0,108.98726496783864,48.01273503216136
40,5,156.0,125.0,31.0
40,6,155.0,125.0,30.0
40,7,154.0,125.0,29.0
40,8,153.0,98.96555085837741,54.03444914162259
40,9,152.0,121.0866830628024,30.913316937197607
40,10,151.0,123.16369978252266,27.836300217477344
40,11,150.0,125.0,25.0
40,12,149.0,125.0,24.0
40,13,148.0,125.0,23.0
40,14,147.0,125.0,22.0
40,15,146.0,125.0,21.0
40,16,145.0,125.0,20.0
40,17,144.0,111.14356739304938,32.85643260695062
40,18,143.0,125.0,18.0
40,19,142.0,124.53749022528694,17.462509774713055
40,20,141.0,125.0,16.0
40,21,140.0,125.0,15.0
40,22,139.0,120.36103698940089,18.638963010599113
40,23,138.0,117.90405067301802,20.09594932698198
40,24,137.0,117.33301615249422,19.666983847505776
40,25,136.0,122.18328350044975,13.816716499550253
40,26,135.0,116.93154396498345,18.068456035016553
40,27,134.0,115.96993446336985,18.030065536630147
40,28,133.0,116.83631724802811,16.16368275197189
40,29,132.0,117.10774124805661,14.892258751943388
40,30,131.0,115.59077476781202,15.409225232187978
40,31,130.0,118.33436624573335,11.66563375426665
40,32,129.0,120.87997709976929,8.120022900230708
40,33,128.0,121.2742120631585,6.725787936841499
40,34,127.0,120.79954318424078,6.200456815759225
40,35,126.0,121.42868917283556,4.571310827164439
40,36,125.0,120.49856768191395,4.501432318086046
40,37,124.0,118.8523536522782,5.147646347721803
40,38,123.0,117.81401335237578,5.185986647624219
40,39,122.0,117.99232787496464,4.007672125035356
40,40,121.0,118.70253581692005,2.2974641830799527
40,41,120.0,121.10786446861881,-1.1078644686188142
40,42,119.0,118.40800199190976,0.5919980080902434
40,43,118.0,119.48011441922857,-1.4801144192285705
40,44,117.0,122.1046345790198,-5.104634579019802
40,45,116.0,119.82030140567441,-3.820301405674414
40,46,115.0,123.2528315463955,-8.252831546395498
40,47,114.0,123.5501997185568,-9.550199718556797
40,48,113.0,122.7204353654509,-9.720435365450896
40,49,112.0,119.16926995243838,-7.169269952438384
40,50,111.0,120.64941150711277,-9.649411507112774
40,51,110.0,119.68587912535202,-9.685879125352017
40,52,109.0,120.65523123328485,-11.655231233284852
40,53,108.0,116.40303513138285,-8.40303513138285
40,54,107.0,114.07784152286735,-7.077841522867345
40,55,106.0,112.63063311096826,-6.630633110968262
40,56,105.0,115.97147557666186,-10.97147557666186
40,57,104.0,107.01651600479542,-3.0165160047954203
40,58,103.0,112.8318724377213,-9.831872437721302
40,59,102.0,110.27109615337864,-8.271096153378636
40,60,101.0,115.98400485579349,-14.984004855793486
40,61,100.0,116.154553064529,-16.154553064528997
40,62,99.0,116.57715295515904,-17.577152955159036
40,63,98.0,118.13179437466334,-20.131794374663343
40,64,97.0,115.26816452180904,-18.26816452180904
40,65,96.0,114.15841327614473,-18.158413276144728
40,66,95.0,114.34131395320199,-19.34131395320199
40,67,94.0,112.52821408870044,-18.528214088700437
40,68,93.0,116.97416145103726,-23.97416145103726
40,69,92.0,107.6995120032467,-15.699512003246696
40,70,91.0,103.4462915370063,-12.446291537006303
40,71,90.0,101.17127139181352,-11.17127139181352
40,72,89.0,100.6191530391793,-11.619153039179295
40,73,88.0,99.0014003518861,-11.001400351886105
40,74,87.0,96.96878410736379,-9.968784107363788
40,75,86.0,95.6458196187246,-9.645819618724602
40,76,85.0,85.87215228569961,-0.8721522856996131
40,77,84.0,83.81623705388562,0.18376294611438482
40,78,83.0,85.53376554691776,-2.5337655469177633
40,79,82.0,85.34709110388854,-3.3470911038885447
40,80,81.0,88.12689979025428,-7.126899790254285
40,81,80.0,88.10965471599988,-8.10965471599988
40,82,79.0,89.13749474423912,-10.13749474423912
40,83,78.0,89.84405028411916,-11.844050284119163
40,84,77.0,91.43514535250343,-14.435145352503426
40,85,76.0,91.1672173760572,-15.167217376057195
40,86,75.0,94.61447069374023,-19.61447069374023
40,87,74.0,91.01851121160331,-17.01851121160331
40,88,73.0,82.96507986601469,-9.96507986601469
40,89,72.0,85.15186470365494,-13.151864703654937
40,90,71.0,91.1283237837719,-20.128323783771904
40,91,70.0,90.02046276082741,-20.020462760827414
40,92,69.0,91.67954571273577,-22.679545712735774
40,93,68.0,88.27344764702033,-20.273447647020333
40,94,67.0,87.49721316600076,-20.497213166000762
40,95,66.0,87.42705109118293,-21.427051091182932
40,96,65.0,82.44543449287522,-17.445434492875222
40,97,64.0,93.7677445480191,-29.767744548019095
40,98,63.0,100.69968251598199,-37.69968251598199
40,99,62.0,98.35818483860514,-36.35818483860514
40,100,61.0,95.9268412224758,-34.9268412224758
40,101,60.0,96.42371846030764,-36.42371846030764
40,102,59.0,94.0651477434925,-35.0651477434925
40,103,58.0,92.16812811798071,-34.168128117980714
40,104,57.0,86.28564757501633,-29.285647575016327
40,105,56.0,77.16416204974819,-21.164162049748185
40,106,55.0,79.23545104620496,-24.235451046204957
40,107,54.0,77.87444482745818,-23.874444827458177
40,108,53.0,78.56107405496027,-25.561074054960272
40,109,52.0,67.84635062892254,-15.846350628922536
40,110,51.0,73.3589411512407,-22.3589411512407
40,111,50.0,65.39635985123569,-15.396359851235687
40,112,49.0,64.45616598349207,-15.45616598349207
40,113,48.0,64.42817184979424,-16.42817184979424
40,114,47.0,60.59769088373389,-13.59769088373389
40,115,46.0,58.11243887509662,-12.112438875096622
40,116,45.0,57.3846323932644,-12.384632393264397
40,117,44.0,52.92656130071567,-8.926561300715669
40,118,43.0,49.84217316387674,-6.842173163876737
40,119,42.0,48.696741015280075,-6.696741015280075
40,120,41.0,50.560805014742456,-9.560805014742456
40,121,40.0,45.529112855329416,-5.529112855329416
40,122,39.0,44.13290911689357,-5.132909116893572
40,123,38.0,45.59793240348493,-7.597932403484933
40,124,37.0,45.222433330991464,-8.222433330991464
40,125,36.0,44.33700870088742,-8.337008700887417
40,126,35.0,38.92215768598054,-3.9221576859805367
40,127,34.0,39.992305402342474,-5.992305402342474
40,128,33.0,34.73893765238637,-1.7389376523863689
40,129,32.0,36.10701875705442,-4.107018757054419
40,130,31.0,35.45696844557676,-4.456968445576763
40,131,30.0,35.467028751766456,-5.467028751766456
40,132,29.0,34.91189980385267,-5.91189980385267
40,133,28.0,38.40380547994625,-10.40380547994625
41,1,140.0,125.0,15.0
41,2,139.0,125.0,14.0
41,3,138.0,122.38265335370342,15.617346646296582
41,4,137.0,119.68927779709696,17.310722202903037
41,5,136.0,124.56013582649246,11.439864173507544
41,6,135.0,124.18675012430215,10.81324987569785
41,7,134.0,122.09635778406945,11.903642215930546
41,8,133.0,124.34211286683141,8.657887133168586
41,9,132.0,117.58216346859437,14.417836531405626
41,10,131.0,121.95958819776507,9.040411802234928
41,11,130.0,125.0,5.0
41,12,129.0,123.89655979487983,5.103440205120165
41,13,128.0,116.26964076552427,11.730359234475728
41,14,127.0,123.08497419360539,3.9150258063946097
41,15,126.0,124.49495318613828,1.5050468138617248
41,16,125.0,125.0,0.0
41,17,124.0,123.71235308286012,0.287646917139881
41,18,123.0,125.0,-2.0
41,19,122.0,125.0,-3.0
41,20,121.0,124.95021601658756,-3.950216016587561
41,21,120.0,124.85749439072723,-4.857494390727226
41,22,119.0,124.58213470696421,-5.5821347069642115
41,23,118.0,121.20580760150287,-3.205807601502869
41,24,117.0,124.84290452721827,-7.842904527218266
41,25,116.0,118.72149062881013,-2.7214906288101304
41,26,115.0,119.89241702603658,-4.892417026036583
41,27,114.0,125.0,-11.0
41,28,113.0,124.31180652230363,-11.311806522303627
41,29,112.0,124.87733277466162,-12.877332774661625
41,30,111.0,124.67543098485255,-13.675430984852554
41,31,110.0,123.69698020645154,-13.696980206451542
41,32,109.0,121.97237361942787,-12.97237361942787
41,33,108.0,121.28365901131349,-13.283659011313489
41,34,107.0,119.48402979112952,-12.484029791129515
41,35,106.0,118.1840273917619,-12.184027391761902
41,36,105.0,121.82626529933059,-16.826265299330586
41,37,104.0,119.9215027020699,-15.921502702069901
41,38,103.0,117.14957950095125,-14.149579500951248
41,39,102.0,118.68331206010136,-16.683312060101358
41,40,101.0,118.72266924228359,-17.722669242283587
41,41,100.0,120.97675408838921,-20.976754088389214
41,42,99.0,120.56889240738201,-21.56889240738201
41,43,98.0,120.6120924555799,-22.612092455579898
41,44,97.0,114.22463032596318,-17.224630325963176
41,45,96.0,118.6810778560103,-22.681077856010305
41,46,95.0,119.63099406735333,-24.630994067353328
41,47,94.0,119.3884462311689,-25.3884462311689
41,48,93.0,118.8676419202641,-25.867641920264106
41,49,92.0,118.68887202033764,-26.68887202033764
41,50,91.0,120.35113694858605,-29.351136948586046
41,51,90.0,119.14306454817249,-29.14306454817249
41,52,89.0,117.29549211566506,-28.295492115665056
41,53,88.0,120.65857723309246,-32.65857723309246
41,54,87.0,117.38687688983728,-30.386876889837282
41,55,86.0,113.93935047479644,-27.93935047479644
41,56,85.0,109.97080246394812,-24.970802463948118
41,57,84.0,110.82391704075611,-26.823917040756115
41,58,83.0,110.01668133272418,-27.016681332724175
41,59,82.0,111.46899195092573,-29.468991950925727
41,60,81.0,112.7168485191262,-31.716848519126202
41,61,80.0,114.87634618854123,-34.876346188541234
41,62,79.0,111.99695393200946,-32.99695393200946
41,63,78.0,106.58533207777829,-28.58533207777829
41,64,77.0,116.42397525428433,-39.42397525428433
41,65,76.0,110.79719732656132,-34.79719732656132
41,66,75.0,105.17593577352339,-30.175935773523392
41,67,74.0,99.10788040888595,-25.107880408885947
41,68,73.0,107.37250833184416,-34.37250833184416
41,69,72.0,106.38198019662723,-34.381980196627225
41,70,71.0,111.03871108730355,-40.038711087303554
41,71,70.0,97.47583149865616,-27.475831498656163
41,72,69.0,98.96461432003599,-29.96461432003599
41,73,68.0,93.90932384185244,-25.90932384185244
41,74,67.0,105.33118446441146,-38.331184464411464
41,75,66.0,92.67638629485762,-26.676386294857622
41,76,65.0,87.27725043245216,-22.277250432452163
41,77,64.0,92.21305142370326,-28.213051423703263
41,78,63.0,79.58647717109719,-16.586477171097187
41,79,62.0,81.38757785864198,-19.387577858641976
41,80,61.0,83.40942777813233,-22.409427778132326
41,81,60.0,79.96375871885887,-19.96375871885887
41,82,59.0,75.37449810906716,-16.37449810906716
41,83,58.0,77.51154819655683,-19.51154819655683
41,84,57.0,73.26959935380091,-16.269599353800913
41,85,56.0,65.74634459198862,-9.746344591988617
41,86,55.0,72.1503881198138,-17.150388119813798
41,87,54.0,72.45707491805861,-18.45707491805861
41,88,53.0,72.28145399577181,-19.281453995771813
41,89,52.0,66.65586333308524,-14.655863333085236
41,90,51.0,68.59169785946483,-17.59169785946483
41,91,50.0,68.34683212310166,-18.346832123101663
41,92,49.0,59.138116539237664,-10.138116539237664
41,93,48.0,74.74048204575507,-26.740482045755073
41,94,47.0,57.03483542694815,-10.034835426948149
41,95,46.0,67.14975482937382,-21.14975482937382
41,96,45.0,62.07600050962685,-17.07600050962685
41,97,44.0,60.545844000427884,-16.545844000427884
41,98,43.0,58.28179928479283,-15.281799284792832
41,99,42.0,54.725959956979025,-12.725959956979025
41,100,41.0,52.284577835666475,-11.284577835666475
41,101,40.0,54.441499507552365,-14.441499507552365
41,102,39.0,52.27084270166684,-13.270842701666837
41,103,38.0,51.38326158358863,-13.383261583588627
41,104,37.0,49.36942451387032,-12.369424513870321
41,105,36.0,49.467179177976234,-13.467179177976234
41,106,35.0,47.15372874319801,-12.153728743198009
41,107,34.0,46.57585922781825,-12.575859227818249
41,108,33.0,45.022362060783436,-12.022362060783436
41,109,32.0,44.771271442163155,-12.771271442163155
41,110,31.0,43.44678995749257,-12.44678995749257
41,111,30.0,44.894489580490664,-14.894489580490664
41,112,29.0,43.113911404151196,-14.113911404151196
41,113,28.0,39.75669244960557,-11.756692449605573
41,114,27.0,39.8598490087534,-12.8598490087534
41,115,26.0,37.72132199168223,-11.721321991682231
41,116,25.0,34.77113167865219,-9.77113167865219
41,117,24.0,33.31174864163804,-9.31174864163804
41,118,23.0,32.06023278498293,-9.06023278498293
41,119,22.0,33.5424129571072,-11.542412957107203
41,120,21.0,31.20410975094694,-10.204109750946941
41,121,20.0,31.411113780240044,-11.411113780240044
41,122,19.0,29.040080432317136,-10.040080432317136
41,123,18.0,28.837692960298455,-10.837692960298455
42,1,165.0,125.0,40.0
42,2,164.0,125.0,39.0
42,3,163.0,125.0,38.0
42,4,162.0,125.0,37.0
42,5,161.0,125.0,36.0
42,6,160.0,125.0,35.0
42,7,159.0,125.0,34.0
42,8,158.0,125.0,33.0
42,9,157.0,125.0,32.0
42,10,156.0,125.0,31.0
42,11,155.0,125.0,30.0
42,12,154.0,125.0,29.0
42,13,153.0,125.0,28.0
42,14,152.0,125.0,27.0
42,15,151.0,125.0,26.0
42,16,150.0,124.4999646979778,25.500035302022198
42,17,149.0,124.93311701778978,24.066882982210217
42,18,148.0,124.34770160279564,23.652298397204362
42,19,147.0,124.8601797737708,22.139820226229205
42,20,146.0,125.0,21.0
42,21,145.0,125.0,20.0
42,22,144.0,125.0,19.0
42,23,143.0,124.73082291850234,18.26917708149766
42,24,142.0,122.93301402268159,19.06698597731841
42,25,141.0,123.96245210101485,17.037547898985153
42,26,140.0,122.86005533239565,17.139944667604354
42,27,139.0,123.29368944201386,15.706310557986143
42,28,138.0,123.60744926665635,14.392550733343654
42,29,137.0,123.86810335168107,13.131896648318929
42,30,136.0,124.58539157197524,11.414608428024763
42,31,135.0,124.77893158676346,10.221068413236537
42,32,134.0,125.0,9.0
42,33,133.0,125.0,8.0
42,34,132.0,125.0,7.0
42,35,131.0,124.83585220018905,6.164147799810948
42,36,130.0,124.36347474527933,5.636525254720667
42,37,129.0,123.50677097471504,5.493229025284961
42,38,128.0,124.51071239483433,3.4892876051656714
42,39,127.0,124.77023007395499,2.229769926045009
42,40,126.0,125.0,1.0
42,41,125.0,124.83926767405733,0.16073232594267495
42,42,124.0,125.0,-1.0
42,43,123.0,124.82264572289816,-1.8226457228981587
42,44,122.0,125.0,-3.0
42,45,121.0,124.37701952178614,-3.3770195217861385
42,46,120.0,124.80340122550217,-4.803401225502171
42,47,119.0,125.0,-6.0
42,48,118.0,124.96487556716676,-6.964875567166757
42,49,117.0,123.90425037506671,-6.9042503750667095
42,50,116.0,125.0,-9.0
42,51,115.0,123.72455418672274,-8.724554186722742
42,52,114.0,124.34802799605063,-10.348027996050632
42,53,113.0,123.89515628665929,-10.895156286659287
42,54,112.0,123.99790274546129,-11.997902745461289
42,55,111.0,122.379356002356,-11.379356002356005
42,56,110.0,122.13316049904134,-12.133160499041338
42,57,109.0,122.75018908564924,-13.75018908564924
42,58,108.0,122.34919243700251,-14.349192437002515
42,59,107.0,122.46375913598703,-15.463759135987033
42,60,106.0,123.59258697228148,-17.59258697228148
42,61,105.0,121.3631346193444,-16.363134619344393
42,62,104.0,120.35755642438176,-16.357556424381755
42,63,103.0,117.92622812915661,-14.926228129156613
42,64,102.0,120.46328410970645,-18.46328410970645
42,65,101.0,121.1641739130716,-20.164173913071593
42,66,100.0,120.0257103828292,-20.025710382829203
42,67,99.0,119.60087050638523,-20.600870506385235
42,68,98.0,117.6951233946273,-19.695123394627302
42,69,97.0,119.97149966367057,-22.97149966367057
42,70,96.0,119.11352306488028,-23.113523064880283
42,71,95.0,115.17860657991633,-20.178606579916334
42,72,94.0,117.01773590419926,-23.017735904199256
42,73,93.0,118.63259863005507,-25.63259863005507
42,74,92.0,118.36750160557064,-26.367501605570638
42,75,91.0,109.53059732364798,-18.53059732364798
42,76,90.0,111.99953255163145,-21.999532551631447
42,77,89.0,110.58844148081359,-21.588441480813586
42,78,88.0,108.04442445850972,-20.044424458509724
42,79,87.0,100.41506554897845,-13.415065548978447
42,80,86.0,96.70471135466559,-10.70471135466559
42,81,85.0,102.34631589922262,-17.346315899222617
42,82,84.0,103.05392832680884,-19.053928326808844
42,83,83.0,104.70405662598112,-21.704056625981124
42,84,82.0,102.44121116323515,-20.441211163235153
42,85,81.0,97.51299792140198,-16.512997921401976
42,86,80.0,90.90523257500665,-10.90523257500665
42,87,79.0,100.23188943727206,-21.23188943727206
42,88,78.0,103.571606291173,-25.571606291172998
42,89,77.0,99.91330865933662,-22.91330865933662
42,90,76.0,88.88608083316602,-12.88608083316602
42,91,75.0,85.27772191664172,-10.277721916641724
42,92,74.0,98.46058903391346,-24.460589033913465
42,93,73.0,98.66736079082847,-25.667360790828468
42,94,72.0,98.5321323639742,-26.5321323639742
42,95,71.0,92.3735118242774,-21.3735118242774
42,96,70.0,80.70137853867725,-10.701378538677247
42,97,69.0,83.9910192057722,-14.991019205772204
42,98,68.0,76.46749108002788,-8.467491080027884
42,99,67.0,77.09715336514893,-10.097153365148927
42,100,66.0,78.57971129769612,-12.579711297696122
42,101,65.0,76.64722171321849,-11.647221713218485
42,102,64.0,79.00079169318542,-15.00079169318542
42,103,63.0,80.25231190207475,-17.25231190207475
42,104,62.0,81.19397445990947,-19.19397445990947
42,105,61.0,70.66656230865995,-9.666562308659948
42,106,60.0,79.57821320106395,-19.578213201063946
42,107,59.0,81.18046004809041,-22.18046004809041
42,108,58.0,73.49861186577365,-15.498611865773654
42,109,57.0,75.39592048678931,-18.395920486789308
42,110,56.0,71.4632167261038,-15.463216726103795
42,111,55.0,71.43659580521107,-16.43659580521107
42,112,54.0,65.62275877223074,-11.622758772230739
42,113,53.0,62.71897293362147,-9.718972933621473
42,114,52.0,60.473235369624845,-8.473235369624845
42,115,51.0,58.85176904799768,-7.851769047997678
42,116,50.0,54.574326929569054,-4.574326929569054
42,117,49.0,52.00639790504607,-3.0063979050460716
42,118,48.0,64.61911354818362,-16.61911354818362
42,119,47.0,52.85330571328327,-5.8533057132832695
42,120,46.0,49.767496280516376,-3.767496280516376
42,121,45.0,46.81646245850598,-1.8164624585059812
42,122,44.0,48.71439138438535,-4.714391384385351
42,123,43.0,51.139223545532296,-8.139223545532296
42,124,42.0,45.81987149740138,-3.8198714974013797
42,125,41.0,47.377292891523894,-6.377292891523894
42,126,40.0,49.58475954824755,-9.584759548247547
42,127,39.0,52.341953301109555,-13.341953301109555
42,128,38.0,45.809852663692034,-7.809852663692034
42,129,37.0,42.52776518524168,-5.527765185241677
42,130,36.0,38.363547525413225,-2.3635475254132245
42,131,35.0,36.973715701814086,-1.9737157018140863
42,132,34.0,34.26192478563203,-0.2619247856320328
42,133,33.0,31.29426676993644,1.7057332300635615
42,134,32.0,29.350304547518455,2.649695452481545
42,135,31.0,30.112445786904804,0.8875542130951963
42,136,30.0,30.56177216027501,-0.5617721602750088
42,137,29.0,28.539761947017826,0.4602380529821737
42,138,28.0,28.800013396116988,-0.800013396116988
42,139,27.0,29.478033747441554,-2.478033747441554
42,140,26.0,28.261595187777985,-2.261595187777985
42,141,25.0,30.311331372610848,-5.311331372610848
42,142,24.0,28.828041694212356,-4.828041694212356
42,143,23.0,27.15295145170176,-4.15295145170176
42,144,22.0,27.555945730027016,-5.555945730027016
42,145,21.0,27.269504295439056,-6.269504295439056
42,146,20.0,27.23065834322934,-7.23065834322934
42,147,19.0,25.0721100964921,-6.0721100964921
42,148,18.0,21.189897230350013,-3.189897230350013
42,149,17.0,18.47879066868195,-1.478790668681949
42,150,16.0,17.908608494424843,-1.9086084944248434
42,151,15.0,16.52524414831822,-1.5252441483182189
42,152,14.0,14.491685552330273,-0.49168555233027256
42,153,13.0,15.412621940524962,-2.4126219405249625
42,154,12.0,14.531966855402878,-2.531966855402878
42,155,11.0,13.771841403478934,-2.771841403478934
42,156,10.0,12.211356745842973,-2.2113567458429735
43,1,230.0,125.0,105.0
43,2,229.0,125.0,104.0
43,3,228.0,125.0,103.0
43,4,227.0,125.0,102.0
43,5,226.0,125.0,101.0
43,6,225.0,119.72944974719965,105.27055025280035
43,7,224.0,125.0,99.0
43,8,223.0,122.53882392797512,100.46117607202488
43,9,222.0,123.59221073112579,98.40778926887421
43,10,221.0,117.97617927761735,103.02382072238265
43,11,220.0,124.65016574789291,95.34983425210709
43,12,219.0,124.08011349608147,94.91988650391853
43,13,218.0,106.37312241381366,111.62687758618634
43,14,217.0,124.53896234770248,92.46103765229752
43,15,216.0,125.0,91.0
43,16,215.0,107.88801180278138,107.11198819721862
43,17,214.0,114.98455493268193,99.01544506731807
43,18,213.0,117.38348793201514,95.61651206798486
43,19,212.0,119.72971405866834,92.27028594133166
43,20,211.0,119.97846399790572,91.02153600209428
43,21,210.0,114.4015900738362,95.5984099261638
43,22,209.0,112.85548103935882,96.14451896064118
43,23,208.0,118.58275785928302,89.41724214071698
43,24,207.0,119.71102863181667,87.28897136818333
43,25,206.0,114.6484556484397,91.3515443515603
43,26,205.0,108.67533024837994,96.32466975162006
43,27,204.0,110.1708894591995,93.8291105408005
43,28,203.0,114.98251949125621,88.01748050874379
43,29,202.0,112.19544803913949,89.80455196086051
43,30,201.0,115.38951876011706,85.61048123988294
43,31,200.0,116.43874879447745,83.56125120552255
43,32,199.0,117.2917437546574,81.7082562453426
43,33,198.0,120.74498173290532,77.25501826709468
43,34,197.0,119.3445600548064,77.6554399451936
43,35,196.0,116.05758124025338,79.94241875974662
43,36,195.0,119.30523129215754,75.69476870784246
43,37,194.0,123.10032743410589,70.89967256589411
43,38,193.0,122.91609791460785,70.08390208539215
43,39,192.0,115.09786627784328,76.90213372215672
43,40,191.0,121.67198876888045,69.32801123111955
43,41,190.0,121.03927067096156,68.96072932903844
43,42,189.0,122.7672536585568,66.2327463414432
43,43,188.0,122.59591625062012,65.40408374937988
43,44,187.0,122.3818103223634,64.6181896776366
43,45,186.0,115.1571317210251,70.8428682789749
43,46,185.0,119.43089577729305,65.56910422270695
43,47,184.0,122.30180349341188,61.69819650658812
43,48,183.0,122.02736388873278,60.97263611126722
43,49,182.0,123.27594633196806,58.72405366803194
43,50,181.0,119.40258486315774,61.59741513684226
43,51,180.0,124.87340269954738,55.126597300452616
43,52,179.0,122.46390762537702,56.53609237462298
43,53,178.0,123.70465830370502,54.29534169629498
43,54,177.0,122.86717298637558,54.13282701362442
43,55,176.0,122.39682663152655,53.60317336847345
43,56,175.0,122.29313690472152,52.70686309527848
43,57,174.0,123.76769307949507,50.232306920504925
43,58,173.0,121.92762527740602,51.07237472259398
43,59,172.0,122.85227793909847,49.14772206090153
43,60,171.0,122.93945175388326,48.06054824611674
43,61,170.0,122.36656295787515,47.633437042124854
43,62,169.0,115.79833044881268,53.20166955118732
43,63,168.0,121.52745062717847,46.47254937282153
43,64,167.0,122.04755840549907,44.952441594500925
43,65,166.0,122.73792011182917,43.26207988817083
43,66,165.0,119.4836001916425,45.516399808357505
43,67,164.0,115.74900525420644,48.25099474579356
43,68,163.0,121.09908792667713,41.90091207332287
43,69,162.0,121.82941710940634,40.170582890593664
43,70,161.0,121.85384027708903,39.146159722910966
43,71,160.0,117.14655665244864,42.85344334755136
43,72,159.0,117.25384967595178,41.746150324048216
43,73,158.0,113.01846091778273,44.98153908221727
43,74,157.0,115.58740519964329,41.412594800356715
43,75,156.0,114.18041225582668,41.81958774417332
43,76,155.0,117.12355583228782,37.87644416771218
43,77,154.0,118.25106188430472,35.74893811569528
43,78,153.0,121.01378686099936,31.98621313900064
43,79,152.0,118.22726635062361,33.77273364937639
43,80,151.0,120.79131246145872,30.208687538541284
43,81,150.0,121.94003157647369,28.059968423526314
43,82,149.0,122.93547268079915,26.06452731920085
43,83,148.0,120.92008308816212,27.079916911837884
43,84,147.0,119.07585645916316,27.924143540836837
43,85,146.0,118.21925316868132,27.78074683131868
43,86,145.0,120.44596778428904,24.55403221571096
43,87,144.0,121.13630886896942,22.863691131030578
43,88,143.0,121.5528589466636,21.447141053336395
43,89,142.0,121.81063800637601,20.18936199362399
43,90,141.0,116.56655801706421,24.43344198293579
43,91,140.0,115.11214654347232,24.88785345652768
43,92,139.0,115.71350251126164,23.286497488738362
43,93,138.0,119.61384630544791,18.386153694552092
43,94,137.0,115.80498344305192,21.195016556948076
43,95,136.0,120.412170438924,15.587829561076006
43,96,135.0,111.3797065989383,23.6202934010617
43,97,134.0,118.71243769491616,15.287562305083839
43,98,133.0,119.09742397273986,13.902576027260139
43,99,132.0,122.38381365676915,9.61618634323085
43,100,131.0,122.22481702406216,8.775182975937838
43,101,130.0,120.14085202009556,9.859147979904435
43,102,129.0,113.61682594996718,15.383174050032821
43,103,128.0,113.97594702353875,14.024052976461249
43,104,127.0,109.50103429431887,17.49896570568113
43,105,126.0,101.46679583201558,24.533204167984422
43,106,125.0,93.80423944225046,31.195760557749537
43,107,124.0,102.47436403645106,21.525635963548936
43,108,123.0,97.36458988661774,25.635410113382264
43,109,122.0,109.0444747977537,12.955525202246307
43,110,121.0,101.05600544542847,19.943994554571532
43,111,120.0,103.74923885215546,16.250761147844543
43,112,119.0,108.8269158496968,10.173084150303197
43,113,118.0,109.43679104586398,8.563208954136016
43,114,117.0,92.9518611644268,24.048138835573198
43,115,116.0,99.2931748642836,16.7068251357164
43,116,115.0,113.81416187654729,1.1858381234527116
43,117,114.0,95.74211304253849,18.25788695746151
43,118,113.0,106.41404678859688,6.5859532114031225
43,119,112.0,94.58292938300205,17.417070616997947
43,120,111.0,110.01285471842353,0.9871452815764741
43,121,110.0,102.28110292198095,7.7188970780190544
43,122,109.0,108.27719009309313,0.7228099069068747
43,123,108.0,106.31771183897598,1.6822881610240188
43,124,107.0,87.67904399274924,19.320956007250757
43,125,106.0,108.48609965461216,-2.486099654612161
43,126,105.0,101.97731006242545,3.0226899375745546
43,127,104.0,106.45573270083875,-2.4557327008387517
43,128,103.0,110.51624532866907,-7.516245328669072
43,129,102.0,99.88020743110643,2.1197925688935726
43,130,101.0,94.1893040218178,6.810695978182196
43,131,100.0,102.76009086580864,-2.7600908658086354
43,132,99.0,103.10171121785513,-4.101711217855126
43,133,98.0,104.88485117974498,-6.8848511797449845
43,134,97.0,111.46427603150586,-14.464276031505861
43,135,96.0,106.0653572744362,-10.065357274436195
43,136,95.0,116.98899245476952,-21.988992454769516
43,137,94.0,120.30124114053706,-26.30124114053706
43,138,93.0,117.099202980606,-24.099202980605995
43,139,92.0,117.02837904744347,-25.028379047443465
43,140,91.0,115.61626206550405,-24.616262065504046
43,141,90.0,110.69447899780077,-20.694478997800772
43,142,89.0,117.15520874689587,-28.155208746895866
43,143,88.0,113.27603343431844,-25.276033434318435
43,144,87.0,113.30938056394942,-26.309380563949418
43,145,86.0,106.14752053688542,-20.147520536885423
43,146,85.0,103.4812939517366,-18.481293951736603
43,147,84.0,105.35087161420188,-21.35087161420188
43,148,83.0,110.74122374890705,-27.741223748907046
43,149,82.0,104.22891997411588,-22.228919974115882
43,150,81.0,107.16998962472168,-26.16998962472168
43,151,80.0,111.02169992062562,-31.021699920625622
43,152,79.0,112.22830235354996,-33.228302353549964
43,153,78.0,112.50963657188004,-34.50963657188004
43,154,77.0,110.85261107528957,-33.85261107528957
43,155,76.0,101.2106738501861,-25.210673850186097
43,156,75.0,96.7023887326173,-21.702388732617294
43,157,74.0,90.40434412563566,-16.40434412563566
43,158,73.0,93.69173174372686,-20.691731743726862
43,159,72.0,89.97004542025707,-17.970045420257065
43,160,71.0,87.41727452709584,-16.41727452709584
43,161,70.0,86.61283481983375,-16.61283481983375
43,162,69.0,78.72041989653081,-9.720419896530814
43,163,68.0,84.51708232041156,-16.51708232041156
43,164,67.0,87.38238819027308,-20.382388190273076
43,165,66.0,87.43744480411831,-21.437444804118314
43,166,65.0,86.88672236894125,-21.88672236894125
43,167,64.0,73.35677798391698,-9.356777983916984
43,168,63.0,74.05464753881863,-11.054647538818628
43,169,62.0,69.08791165119789,-7.087911651197885
43,170,61.0,69.70164032196719,-8.70164032196719
43,171,60.0,74.78192542639938,-14.781925426399383
43,172,59.0,69.57643494201037,-10.576434942010366
44,1,162.0,125.0,37.0
44,2,161.0,125.0,36.0
44,3,160.0,125.0,35.0
44,4,159.0,125.0,34.0
44,5,158.0,125.0,33.0
44,6,157.0,125.0,32.0
44,7,156.0,125.0,31.0
44,8,155.0,125.0,30.0
44,9,154.0,124.31509457588201,29.684905424117986
44,10,153.0,124.56902887085809,28.43097112914191
44,11,152.0,116.37710717425492,35.62289282574508
44,12,151.0,107.29243047727607,43.70756952272393
44,13,150.0,102.70821071830744,47.29178928169256
44,14,149.0,110.19005050184835,38.80994949815165
44,15,148.0,120.12311051079314,27.87688948920686
44,16,147.0,100.56256720165143,46.43743279834857
44,17,146.0,92.48795571599875,53.51204428400125
44,18,145.0,114.12458362056665,30.875416379433346
44,19,144.0,121.36186198991359,22.638138010086408
44,20,143.0,123.11193503385205,19.88806496614795
44,21,142.0,122.01055486845914,19.98944513154086
44,22,141.0,123.91705513371399,17.082944866286013
44,23,140.0,125.0,15.0
44,24,139.0,125.0,14.0
44,25,138.0,122.92242509976718,15.077574900232818
44,26,137.0,124.93754534929258,12.062454650707423
44,27,136.0,124.2254340769478,11.774565923052194
44,28,135.0,108.65695617680262,26.343043823197377
44,29,134.0,123.48580495625008,10.514195043749922
44,30,133.0,122.4353927301907,10.5646072698093
44,31,132.0,123.48434879385984,8.515651206140163
44,32,131.0,124.8247264758005,6.175273524199497
44,33,130.0,123.20291220760971,6.797087792390286
44,34,129.0,124.65058657415236,4.349413425847644
44,35,128.0,123.64694775586274,4.35305224413726
44,36,127.0,113.8765647920231,13.123435207976897
44,37,126.0,119.10603152122773,6.8939684787722655
44,38,125.0,122.836520311472,2.1634796885279997
44,39,124.0,121.53115951521954,2.4688404847804577
44,40,123.0,121.46110983656132,1.5388901634386798
44,41,122.0,123.12794467309106,-1.127944673091065
44,42,121.0,123.48915333642803,-2.489153336428032
44,43,120.0,124.75272485543015,-4.752724855430145
44,44,119.0,125.0,-6.0
44,45,118.0,125.0,-7.0
44,46,117.0,125.0,-8.0
44,47,116.0,125.0,-9.0
44,48,115.0,123.42757251033781,-8.42757251033781
44,49,114.0,122.1364817152564,-8.136481715256394
44,50,113.0,125.0,-12.0
44,51,112.0,123.00644372582109,-11.006443725821086
44,52,111.0,123.07219871979666,-12.07219871979666
44,53,110.0,122.3827482765815,-12.382748276581495
44,54,109.0,122.36341903853311,-13.36341903853311
45,1,265.0,122.59598996547881,142.4040100345212
45,2,264.0,120.7475321588503,143.2524678411497
45,3,263.0,125.0,138.0
45,4,262.0,125.0,137.0
45,5,261.0,125.0,136.0
45,6,260.0,123.03692329408263,136.9630767059174
45,7,259.0,125.0,134.0
45,8,258.0,124.68434888000242,133.3156511199976
45,9,257.0,123.68012913480258,133.3198708651974
45,10,256.0,119.61025045385684,136.38974954614315
45,11,255.0,115.81631395991326,139.18368604008674
45,12,254.0,112.32084755072974,141.67915244927025
45,13,253.0,115.42527394274452,137.57472605725548
45,14,252.0,115.12022062074496,136.87977937925504
45,15,251.0,114.73681801562266,136.26318198437735
45,16,250.0,118.48187515121688,131.51812484878312
45,17,249.0,115.8495433626585,133.1504566373415
45,18,248.0,113.70215004771597,134.29784995228403
45,19,247.0,113.85240344042411,133.1475965595759
45,20,246.0,116.76901867511593,129.23098132488406
45,21,245.0,118.1482102649056,126.8517897350944
45,22,244.0,117.4381875611214,126.5618124388786
45,23,243.0,116.39201795638752,126.60798204361248
45,24,242.0,118.22282628289305,123.77717371710695
45,25,241.0,117.52439030046077,123.47560969953923
45,26,240.0,118.87109801641621,121.12890198358379
45,27,239.0,116.81731089025882,122.18268910974118
45,28,238.0,114.55051289250792,123.44948710749208
45,29,237.0,116.92692777375807,120.07307222624193
45,30,236.0,119.59076635492056,116.40923364507944
45,31,235.0,117.56825844227237,117.43174155772763
45,32,234.0,116.9399678966953,117.0600321033047
45,33,233.0,116.28839654708382,116.71160345291618
45,34,232.0,115.51968682794751,116.48031317205249
45,35,231.0,113.23335222405696,117.76664777594304
45,36,230.0,113.18328021744283,116.81671978255717
45,37,229.0,113.6862961743676,115.3137038256324
45,38,228.0,118.36396046577737,109.63603953422263
45,39,227.0,117.26690805617675,109.73309194382325
45,40,226.0,119.11545671054796,106.88454328945204
45,41,225.0,119.63795440105986,105.36204559894014
45,42,224.0,117.85263315264739,106.14736684735261
45,43,223.0,119.6431693959087,103.3568306040913
45,44,222.0,121.33576216658484,100.66423783341516
45,45,221.0,120.62234284936869,100.37765715063131
45,46,220.0,117.12699292285524,102.87300707714476
45,47,219.0,116.334831275213,102.665168724787
45,48,218.0,118.71477929899518,99.28522070100482
45,49,217.0,121.19312261695308,95.80687738304692
45,50,216.0,120.52534377277046,95.47465622722954
45,51,215.0,120.1138621270225,94.8861378729775
45,52,214.0,116.95987797286857,97.04012202713143
45,53,213.0,114.86558155778255,98.13441844221745
45,54,212.0,111.93000457867652,100.06999542132348
45,55,211.0,109.67456292536372,101.32543707463628
45,56,210.0,113.50713024294836,96.49286975705164
45,57,209.0,113.15933183888231,95.84066816111769
45,58,208.0,116.07736051312644,91.92263948687356
45,59,207.0,110.8761519222936,96.1238480777064
45,60,206.0,114.42684706510332,91.57315293489668
45,61,205.0,108.78974062934857,96.21025937065143
45,62,204.0,109.20790660215606,94.79209339784394
45,63,203.0,112.13689878577136,90.86310121422864
45,64,202.0,114.1038167480186,87.8961832519814
45,65,201.0,115.61737535157825,85.38262464842175
45,66,200.0,115.52158596418093,84.47841403581907
45,67,199.0,114.82746534234727,84.17253465765273
45,68,198.0,114.96938873737439,83.03061126262561
45,69,197.0,119.40754282043883,77.59245717956117
45,70,196.0,121.84811147297673,74.15188852702327
45,71,195.0,115.76026164980036,79.23973835019964
45,72,194.0,117.47747113642419,76.52252886357581
45,73,193.0,119.541625072077,73.458374927923
45,74,192.0,119.55344166201166,72.44655833798834
45,75,191.0,120.78232094955722,70.21767905044278
45,76,190.0,118.18683707692415,71.81316292307585
45,77,189.0,119.47652002797611,69.52347997202389
45,78,188.0,119.55768499971641,68.44231500028359
45,79,187.0,118.35248956212051,68.64751043787949
45,80,186.0,120.18303339568457,65.81696660431543
45,81,185.0,118.3029229813665,66.6970770186335
45,82,184.0,115.67990912281856,68.32009087718144
45,83,183.0,117.93429030018036,65.06570969981964
45,84,182.0,117.91368691567996,64.08631308432004
45,85,181.0,120.29060844693556,60.709391553064435
45,86,180.0,119.30292628287388,60.697073717126116
45,87,179.0,119.66173369108971,59.33826630891029
45,88,178.0,119.35660527114888,58.64339472885112
45,89,177.0,117.65317669151145,59.34682330848855
45,90,176.0,120.29324598707899,55.70675401292101
45,91,175.0,117.54993180778573,57.450068192214275
45,92,174.0,116.70240039887257,57.29759960112743
45,93,173.0,114.62179793866197,58.37820206133803
45,94,172.0,115.53078625582262,56.46921374417738
45,95,171.0,116.08702279355181,54.91297720644819
45,96,170.0,116.66380975078346,53.33619024921654
45,97,169.0,116.67299862228137,52.32700137771863
45,98,168.0,114.35834856144498,53.641651438555016
45,99,167.0,112.36185441143219,54.63814558856781
45,100,166.0,112.59033838776008,53.409661612239915
45,101,165.0,108.59842679381947,56.40157320618053
45,102,164.0,110.13126962273364,53.86873037726636
45,103,163.0,108.04446775919608,54.95553224080392
45,104,162.0,109.01240992512994,52.987590074870056
45,105,161.0,103.48535956954578,57.51464043045422
45,106,160.0,107.05122412910099,52.94877587089901
45,107,159.0,104.45045434531433,54.54954565468567
45,108,158.0,106.3829664050461,51.617033594953895
45,109,157.0,100.95455458911997,56.045445410880035
45,110,156.0,106.57665168395258,49.423348316047424
45,111,155.0,99.22231933707484,55.777680662925164
45,112,154.0,102.08239363606454,51.91760636393546
45,113,153.0,104.60421641784,48.39578358216001
45,114,152.0,108.21459991176833,43.78540008823167
45,115,151.0,108.98896391266176,42.01103608733824
45,116,150.0,101.18592379832967,48.81407620167033
45,117,149.0,98.30757957324072,50.692420426759284
45,118,148.0,91.93196334982844,56.068036650171564
45,119,147.0,98.52989056248263,48.470109437517365
45,120,146.0,95.41363102046726,50.586368979532736
45,121,145.0,98.3612353274081,46.638764672591904
45,122,144.0,99.08438892959694,44.91561107040306
45,123,143.0,104.84682546126744,38.15317453873256
45,124,142.0,108.68223376785103,33.31776623214897
45,125,141.0,109.206280344402,31.793719655597997
45,126,140.0,109.40602905895348,30.59397094104652
45,127,139.0,108.23915747970393,30.760842520296066
45,128,138.0,107.98899058893906,30.01100941106094
45,129,137.0,105.27615712144242,31.723842878557576
45,130,136.0,104.80063913479155,31.199360865208448
45,131,135.0,106.67113697101891,28.32886302898109
45,132,134.0,108.7073806856065,25.292619314393505
45,133,133.0,113.59444085061901,19.40555914938099
45,134,132.0,112.92429489945393,19.075705100546074
45,135,131.0,114.29681737994908,16.703182620050924
45,136,130.0,112.85863673154857,17.14136326845143
45,137,129.0,115.12454619142866,13.875453808571336
45,138,128.0,114.3280032955334,13.671996704466594
45,139,127.0,108.91055187828702,18.089448121712977
45,140,126.0,109.42960061099208,16.570399389007918
45,141,125.0,113.69003646931813,11.30996353068187
45,142,124.0,111.19139134925732,12.808608650742684
45,143,123.0,111.99146782340544,11.008532176594557
45,144,122.0,101.21599484955229,20.78400515044771
45,145,121.0,107.4367108838807,13.563289116119293
45,146,120.0,103.92655193907986,16.073448060920143
45,147,119.0,104.98344365621632,14.016556343783677
45,148,118.0,100.75190470672997,17.248095293270026
45,149,117.0,92.24377964231064,24.756220357689358
45,150,116.0,86.52959091813244,29.470409081867558
45,151,115.0,91.66342499014571,23.336575009854286
45,152,114.0,84.57291161173178,29.427088388268217
46,1,192.0,124.43690908642665,67.56309091357335
46,2,191.0,122.16556864872167,68.83443135127833
46,3,190.0,123.11085123808553,66.88914876191447
46,4,189.0,117.00389068472246,71.99610931527754
46,5,188.0,124.26874575210921,63.73125424789079
46,6,187.0,111.29791930710874,75.70208069289126
46,7,186.0,124.7963069239656,61.2036930760344
46,8,185.0,124.1106792665277,60.8893207334723
46,9,184.0,122.93294479190087,61.067055208099134
46,10,183.0,113.36014557379356,69.63985442620644
46,11,182.0,114.95021555520621,67.04978444479379
46,12,181.0,123.56064398002445,57.43935601997555
46,13,180.0,123.24197509534999,56.758024904650014
46,14,179.0,120.9746749456618,58.0253250543382
46,15,178.0,121.35261916677013,56.647380833229874
46,16,177.0,120.76968904106373,56.23031095893627
46,17,176.0,123.27780494344228,52.72219505655772
46,18,175.0,123.09037502540438,51.909624974595616
46,19,174.0,121.64719068264358,52.35280931735642
46,20,173.0,122.44595790003939,50.55404209996061
46,21,172.0,122.45220840107993,49.54779159892007
46,22,171.0,123.28127220153769,47.71872779846231
46,23,170.0,124.46829636358791,45.53170363641209
46,24,169.0,121.343688455492,47.656311544508
46,25,168.0,122.52821010372615,45.47178989627385
46,26,167.0,124.96449259983946,42.03550740016054
46,27,166.0,123.37460253868733,42.62539746131267
46,28,165.0,123.25635044874556,41.743649551254435
46,29,164.0,120.27796143963718,43.72203856036282
46,30,163.0,121.64218153049453,41.357818469505474
46,31,162.0,120.17088375821932,41.82911624178068
46,32,161.0,123.39631895362548,37.60368104637452
46,33,160.0,119.00344399466155,40.99655600533845
46,34,159.0,121.45829421657261,37.54170578342739
46,35,158.0,120.38230007337751,37.61769992662249
46,36,157.0,117.37545476123415,39.62454523876585
46,37,156.0,121.27368085108769,34.72631914891231
46,38,155.0,122.6141479982693,32.3858520017307
46,39,154.0,122.31228028318873,31.687719716811273
46,40,153.0,115.43727552175879,37.56272447824121
46,41,152.0,116.33940168713079,35.66059831286921
46,42,151.0,117.6803936269676,33.3196063730324
46,43,150.0,115.5345920742933,34.4654079257067
46,44,149.0,117.37235039704731,31.627649602952687
46,45,148.0,118.09965448637017,29.90034551362983
46,46,147.0,117.37868997671545,29.62131002328455
46,47,146.0,118.81221572422203,27.18778427577797
46,48,145.0,114.7403750561135,30.259624943886493
46,49,144.0,118.2969751569462,25.703024843053797
46,50,143.0,121.23651926971154,21.763480730288464
46,51,142.0,118.30678743839175,23.69321256160825
46,52,141.0,120.36326539523162,20.636734604768378
46,53,140.0,119.37865991462631,20.62134008537369
46,54,139.0,121.04679167629281,17.953208323707187
46,55,138.0,117.54294090189155,20.457059098108445
46,56,137.0,112.35794850728747,24.642051492712525
46,57,136.0,114.7597065437513,21.240293456248693
46,58,135.0,118.1837227624647,16.816277237535303
46,59,134.0,118.1110722942373,15.888927705762697
46,60,133.0,119.68285425159259,13.317145748407412
46,61,132.0,116.71931538522836,15.280684614771644
46,62,131.0,113.22144345884976,17.778556541150238
46,63,130.0,115.64480185420379,14.355198145796209
46,64,129.0,118.44879769328026,10.551202306719745
46,65,128.0,119.0485316044487,8.951468395551302
46,66,127.0,116.46566439540278,10.534335604597217
46,67,126.0,118.45097230307783,7.549027696922167
46,68,125.0,116.71118962389285,8.28881037610715
46,69,124.0,112.59545441300398,11.404545586996022
46,70,123.0,112.72639107148417,10.273608928515827
46,71,122.0,111.09441198526277,10.905588014737233
46,72,121.0,111.0563734471327,9.9436265528673
46,73,120.0,107.51209593765296,12.487904062347042
46,74,119.0,114.82683845755501,4.173161542444987
46,75,118.0,114.76776623552334,3.2322337644766606
46,76,117.0,110.62601536004816,6.373984639951843
46,77,116.0,112.85403457528528,3.145965424714717
46,78,115.0,106.17378210223428,8.826217897765716
46,79,114.0,105.77891962508392,8.221080374916085
46,80,113.0,103.04854550115721,9.951454498842793
46,81,112.0,109.34044825910372,2.6595517408962763
46,82,111.0,111.81891542447215,-0.8189154244721522
46,83,110.0,111.54442584343306,-1.5444258434330607
46,84,109.0,109.87200509969568,-0.8720050996956843
46,85,108.0,106.36802590471561,1.6319740952843915
46,86,107.0,107.22093458809019,-0.22093458809018784
46,87,106.0,102.6314096032055,3.3685903967945023
46,88,105.0,105.8307941369571,-0.8307941369570955
46,89,104.0,92.49384762782245,11.506152372177553
46,90,103.0,99.6291518431685,3.3708481568314994
46,91,102.0,97.81518661919743,4.1848133808025665
46,92,101.0,100.03443409848643,0.9655659015135711
46,93,100.0,82.04499903684703,17.95500096315297
46,94,99.0,101.75009103835745,-2.7500910383574535
46,95,98.0,91.3030822385617,6.6969177614383
46,96,97.0,96.94628378821707,0.05371621178292685
46,97,96.0,97.83683543659251,-1.8368354365925086
46,98,95.0,97.64455511507117,-2.644555115071171
46,99,94.0,103.86483017611573,-9.864830176115731
46,100,93.0,100.71127507771301,-7.711275077713012
46,101,92.0,97.2334233997382,-5.2334233997382
46,102,91.0,93.24877415416886,-2.2487741541688564
46,103,90.0,95.68615648497908,-5.6861564849790796
46,104,89.0,96.51549343008918,-7.51549343008918
46,105,88.0,97.23611731028275,-9.23611731028275
46,106,87.0,89.22750716289733,-2.227507162897325
46,107,86.0,92.19784406286557,-6.19784406286557
46,108,85.0,87.37219169702861,-2.3721916970286117
46,109,84.0,85.53636871051049,-1.5363687105104873
46,110,83.0,90.73084025567879,-7.730840255678785
46,111,82.0,83.57404802012196,-1.574048020121964
46,112,81.0,79.2052682916991,1.7947317083009011
46,113,80.0,82.14299397902693,-2.142993979026926
46,114,79.0,80.68153903797169,-1.6815390379716888
46,115,78.0,77.54509433286962,0.45490566713037595
46,116,77.0,82.55842450231354,-5.558424502313542
46,117,76.0,89.2819319501961,-13.281931950196096
46,118,75.0,92.10911466027366,-17.10911466027366
46,119,74.0,85.12953771685892,-11.12953771685892
46,120,73.0,84.55048706059232,-11.550487060592317
46,121,72.0,81.16282593519223,-9.162825935192231
46,122,71.0,88.03483917267563,-17.034839172675632
46,123,70.0,79.97093811992967,-9.97093811992967
46,124,69.0,80.65758194302451,-11.65758194302451
46,125,68.0,73.93962839151975,-5.939628391519747
46,126,67.0,73.3170400142514,-6.317040014251404
46,127,66.0,78.09849965843149,-12.098499658431493
46,128,65.0,75.02662341739592,-10.026623417395925
46,129,64.0,77.41115445772523,-13.411154457725232
46,130,63.0,69.62531429315186,-6.62531429315186
46,131,62.0,69.24963239839676,-7.249632398396756
46,132,61.0,70.77966042747518,-9.779660427475179
46,133,60.0,71.16861581321957,-11.168615813219574
46,134,59.0,71.07430428893038,-12.074304288930378
46,135,58.0,63.22580537639393,-5.225805376393929
46,136,57.0,63.148599134938216,-6.148599134938216
46,137,56.0,62.539242986165306,-6.539242986165306
46,138,55.0,63.35206167499868,-8.35206167499868
46,139,54.0,54.399003326630016,-0.3990033266300159
46,140,53.0,55.54402637973724,-2.5440263797372396
46,141,52.0,54.60639576373264,-2.6063957637326425
46,142,51.0,53.85695470766981,-2.856954707669807
46,143,50.0,52.223627834189216,-2.223627834189216
46,144,49.0,54.31756919150712,-5.317569191507118
46,145,48.0,48.366442070520876,-0.3664420705208755
46,146,47.0,49.298296941466425,-2.2982969414664254
47,1,207.0,109.448125695865,97.551874304135
47,2,206.0,97.03907958194124,108.96092041805876
47,3,205.0,83.98909368539749,121.01090631460251
47,4,204.0,100.73669264261434,103.26330735738566
47,5,203.0,89.03876061471477,113.96123938528523
47,6,202.0,90.26125533937497,111.73874466062503
47,7,201.0,89.34680963671009,111.65319036328991
47,8,200.0,100.62056127017358,99.37943872982642
47,9,199.0,103.50807632356634,95.49192367643366
47,10,198.0,97.56014071862646,100.43985928137354
47,11,197.0,87.61825345239346,109.38174654760654
47,12,196.0,102.19479214104504,93.80520785895496
47,13,195.0,104.24142561283804,90.75857438716196
47,14,194.0,106.14743464898987,87.85256535101013
47,15,193.0,115.89634361251504,77.10365638748496
47,16,192.0,111.74455269140714,80.25544730859286
47,17,191.0,109.27409501359948,81.72590498640052
47,18,190.0,113.56192822716189,76.43807177283811
47,19,189.0,115.1529777369203,73.8470222630797
47,20,188.0,116.84722412418029,71.15277587581971
47,21,187.0,120.04544581265992,66.95455418734008
47,22,186.0,120.03663882132247,65.96336117867753
47,23,185.0,113.77599176614189,71.22400823385811
47,24,184.0,116.60296202470478,67.39703797529522
47,25,183.0,113.41319780924324,69.58680219075676
47,26,182.0,116.83170936308765,65.16829063691235
47,27,181.0,119.75591577550125,61.24408422449875
47,28,180.0,118.3773363085752,61.622663691424805
47,29,179.0,117.64002434289961,61.35997565710039
47,30,178.0,119.7479725634987,58.252027436501294
47,31,177.0,120.69104532410039,56.308954675899614
47,32,176.0,122.75791163972188,53.24208836027812
47,33,175.0,122.9721034269963,52.0278965730037
47,34,174.0,123.84916595709653,50.15083404290347
47,35,173.0,123.52740776690041,49.47259223309959
47,36,172.0,124.4256747654306,47.5743252345694
47,37,171.0,122.46206928896123,48.53793071103877
47,38,170.0,120.90005753643513,49.09994246356487
47,39,169.0,122.54352757935537,46.45647242064463
47,40,168.0,120.7035329015575,47.296467098442506
47,41,167.0,121.22932563253799,45.77067436746201
47,42,166.0,119.9389348048799,46.061065195120094
47,43,165.0,119.58725441626196,45.412745583738044
47,44,164.0,119.126800729876,44.873199270124005
47,45,163.0,117.84892062913066,45.15107937086934
47,46,162.0,118.02039105119904,43.97960894880096
47,47,161.0,117.99297342571104,43.00702657428896
47,48,160.0,118.92991293252884,41.070087067471164
47,49,159.0,118.98149741528806,40.01850258471194
47,50,158.0,118.94012569394168,39.05987430605832
47,51,157.0,118.43994588725745,38.56005411274255
47,52,156.0,120.76577930704345,35.234220692956555
47,53,155.0,118.60118793559253,36.398812064407466
47,54,154.0,118.91052528520335,35.08947471479665
47,55,153.0,116.76593405329429,36.23406594670571
47,56,152.0,115.97040126113586,36.02959873886414
47,57,151.0,116.89941338842922,34.100586611570776
47,58,150.0,117.85901351898069,32.14098648101931
47,59,149.0,118.56004722555201,30.43995277444799
47,60,148.0,118.3456375189267,29.654362481073306
47,61,147.0,118.27514544843555,28.724854551564448
47,62,146.0,116.69352241491843,29.306477585081566
47,63,145.0,119.77341548579332,25.226584514206678
47,64,144.0,118.51157488167591,25.488425118324088
47,65,143.0,115.35113897306073,27.648861026939272
47,66,142.0,114.53311295923926,27.46688704076074
47,67,141.0,112.57468879393987,28.42531120606013
47,68,140.0,114.53613384405863,25.463866155941375
47,69,139.0,113.81681868252069,25.18318131747931
47,70,138.0,114.36917406218643,23.63082593781357
47,71,137.0,112.69014851718829,24.30985148281171
47,72,136.0,112.11438833036726,23.885611669632738
47,73,135.0,115.17897559689519,19.821024403104815
48,1,169.0,125.0,44.0
48,2,168.0,125.0,43.0
48,3,167.0,125.0,42.0
48,4,166.0,124.12919786904112,41.87080213095888
48,5,165.0,124.90913051159362,40.09086948840638
48,6,164.0,125.0,39.0
48,7,163.0,125.0,38.0
48,8,162.0,125.0,37.0
48,9,161.0,125.0,36.0
48,10,160.0,125.0,35.0
48,11,159.0,125.0,34.0
48,12,158.0,125.0,33.0
48,13,157.0,125.0,32.0
48,14,156.0,125.0,31.0
48,15,155.0,122.40285068922188,32.59714931077812
48,16,154.0,125.0,29.0
48,17,153.0,124.04130138159633,28.958698618403673
48,18,152.0,125.0,27.0
48,19,151.0,118.33428284644481,32.66571715355519
48,20,150.0,125.0,25.0
48,21,149.0,123.62454881572582,25.375451184274183
48,22,148.0,119.11343302111578,28.88656697888422
48,23,147.0,120.69808170172593,26.301918298274074
48,24,146.0,119.34570771945981,26.65429228054019
48,25,145.0,119.47461448446336,25.52538551553664
48,26,144.0,120.08676311520621,23.91323688479379
48,27,143.0,119.13286457845226,23.867135421547744
48,28,142.0,119.40363917952101,22.596360820478992
48,29,141.0,119.20273790642095,21.79726209357905
48,30,140.0,118.66225873141808,21.337741268581922
48,31,139.0,118.78579398369831,20.214206016301688
48,32,138.0,117.57414747686445,20.425852523135546
48,33,137.0,121.16804296918185,15.831957030818145
48,34,136.0,119.42454855079721,16.575451449202788
48,35,135.0,122.37446321168481,12.625536788315188
48,36,134.0,121.48003632417014,12.519963675829857
48,37,133.0,121.13610460549558,11.863895394504425
48,38,132.0,121.46811710520463,10.531882894795373
48,39,131.0,119.54927265607643,11.450727343923575
48,40,130.0,120.07518109097387,9.92481890902613
48,41,129.0,120.7748230957402,8.225176904259797
48,42,128.0,121.18082415240426,6.819175847595744
48,43,127.0,117.90303272300699,9.096967276993013
48,44,126.0,120.25753360666975,5.742466393330247
48,45,125.0,119.19327688535962,5.806723114640377
48,46,124.0,119.63686031977,4.363139680230006
48,47,123.0,120.59646747058854,2.4035325294114642
48,48,122.0,119.7572186336213,2.2427813663786935
48,49,121.0,119.51486794573843,1.4851320542615696
48,50,120.0,118.25597746308073,1.7440225369192746
48,51,119.0,117.90366927435203,1.0963307256479737
48,52,118.0,121.36586155382032,-3.3658615538203236
48,53,117.0,118.79078231738727,-1.7907823173872686
48,54,116.0,119.67990210859534,-3.6799021085953427
48,55,115.0,119.13725991635614,-4.137259916356143
48,56,114.0,121.2986549672713,-7.298654967271304
48,57,113.0,122.64558980582069,-9.645589805820691
48,58,112.0,120.68924161582072,-8.68924161582072
48,59,111.0,121.51972508683625,-10.519725086836246
48,60,110.0,121.62722250536154,-11.627222505361544
48,61,109.0,120.10008974667855,-11.100089746678549
48,62,108.0,120.05407877389155,-12.054078773891547
48,63,107.0,120.76694304322955,-13.766943043229546
48,64,106.0,120.24473911388796,-14.24473911388796
48,65,105.0,122.1920424579291,-17.192042457929105
48,66,104.0,122.08564163214233,-18.085641632142327
48,67,103.0,121.96303292520717,-18.963032925207173
48,68,102.0,122.46630663090032,-20.46630663090032
48,69,101.0,121.56008918150448,-20.56008918150448
48,70,100.0,123.3736340963332,-23.373634096333205
48,71,99.0,122.6693454500182,-23.6693454500182
48,72,98.0,121.24087303308451,-23.24087303308451
48,73,97.0,119.70559889306655,-22.70559889306655
48,74,96.0,120.69932103679098,-24.699321036790977
48,75,95.0,121.31051668733065,-26.310516687330647
48,76,94.0,118.9326210259388,-24.9326210259388
48,77,93.0,120.67384238850786,-27.673842388507865
48,78,92.0,115.53428536539637,-23.53428536539637
49,1,323.0,125.0,198.0
49,2,322.0,125.0,197.0
49,3,321.0,125.0,196.0
49,4,320.0,125.0,195.0
49,5,319.0,123.85757220051677,195.14242779948324
49,6,318.0,124.35415211023432,193.64584788976566
49,7,317.0,125.0,192.0
49,8,316.0,125.0,191.0
49,9,315.0,122.23380348610566,192.76619651389433
49,10,314.0,123.37546786310497,190.62453213689503
49,11,313.0,121.37001477563427,191.62998522436573
49,12,312.0,123.63265435560699,188.36734564439303
49,13,311.0,124.554427244195,186.44557275580502
49,14,310.0,123.12945547053307,186.87054452946694
49,15,309.0,123.8312853837621,185.1687146162379
49,16,308.0,123.48197767758559,184.51802232241442
49,17,307.0,123.16655646135587,183.83344353864413
49,18,306.0,125.0,181.0
49,19,305.0,125.0,180.0
49,20,304.0,125.0,179.0
49,21,303.0,125.0,178.0
49,22,302.0,124.96383205278576,177.03616794721424
49,23,301.0,124.81874003133477,176.18125996866524
49,24,300.0,123.85668043045202,176.143319569548
49,25,299.0,123.01521724987967,175.98478275012033
49,26,298.0,125.0,173.0
49,27,297.0,125.0,172.0
49,28,296.0,125.0,171.0
49,29,295.0,124.11852527787455,170.88147472212546
49,30,294.0,121.66652767010272,172.3334723298973
49,31,293.0,125.0,168.0
49,32,292.0,125.0,167.0
49,33,291.0,124.74347719569654,166.25652280430347
49,34,290.0,124.57476896287835,165.42523103712165
49,35,289.0,124.86469969657716,164.13530030342284
49,36,288.0,123.36260638819702,164.63739361180296
49,37,287.0,125.0,162.0
49,38,286.0,123.3624601444326,162.6375398555674
49,39,285.0,122.2346804969234,162.7653195030766
49,40,284.0,124.4470479198447,159.5529520801553
49,41,283.0,123.85413935735963,159.14586064264037
49,42,282.0,123.25351024138585,158.74648975861413
49,43,281.0,123.26169834885992,157.7383016511401
49,44,280.0,121.58273699524247,158.41726300475753
49,45,279.0,122.36404623645419,156.6359537635458
49,46,278.0,120.57641668345632,157.42358331654367
49,47,277.0,120.96861865725853,156.03138134274147
49,48,276.0,123.84824804932612,152.15175195067388
49,49,275.0,123.98516473542304,151.01483526457696
49,50,274.0,124.21802549262033,149.7819745073797
49,51,273.0,124.7738830165849,148.2261169834151
49,52,272.0,124.7069325659251,147.29306743407489
49,53,271.0,124.78466503177508,146.2153349682249
49,54,270.0,123.9375538672884,146.0624461327116
49,55,269.0,121.13029329035291,147.8697067096471
49,56,268.0,122.32696818523654,145.67303181476348
49,57,267.0,122.0504050183704,144.94959498162962
49,58,266.0,123.14007012623848,142.85992987376153
49,59,265.0,123.04042330413729,141.95957669586272
49,60,264.0,124.32523208404346,139.67476791595652
49,61,263.0,123.70239444020898,139.297605559791
49,62,262.0,125.0,137.0
49,63,261.0,124.64304165130733,136.35695834869267
49,64,260.0,124.5132745180872,135.4867254819128
49,65,259.0,124.76251809611942,134.23748190388056
49,66,258.0,124.34452757698632,133.6554724230137
49,67,257.0,124.4006792478928,132.5993207521072
49,68,256.0,123.33873683950142,132.66126316049858
49,69,255.0,123.74877304988472,131.25122695011527
49,70,254.0,123.21600701359951,130.7839929864005
49,71,253.0,124.10262001341921,128.8973799865808
49,72,252.0,124.2127783218611,127.7872216781389
49,73,251.0,121.31855037848065,129.68144962151933
49,74,250.0,122.21638574974234,127.78361425025766
49,75,249.0,120.68914186066769,128.3108581393323
49,76,248.0,121.37816362229356,126.62183637770644
49,77,247.0,122.40961886622607,124.59038113377393
49,78,246.0,121.93263096765689,124.06736903234311
49,79,245.0,119.55961347822175,125.44038652177825
49,80,244.0,121.29067506675099,122.70932493324901
49,81,243.0,120.40364336946367,122.59635663053633
49,82,242.0,119.27192046561342,122.72807953438658
49,83,241.0,121.37427579982005,119.62572420017995
49,84,240.0,122.4109322560828,117.5890677439172
49,85,239.0,122.43063410248692,116.56936589751308
49,86,238.0,121.51333393103364,116.48666606896636
49,87,237.0,122.45674738486585,114.54325261513415
49,88,236.0,121.85242124974678,114.14757875025322
49,89,235.0,121.70396740026929,113.29603259973071
49,90,234.0,122.69641182457039,111.30358817542961
49,91,233.0,121.67288946620691,111.32711053379309
49,92,232.0,123.22606639972942,108.77393360027058
49,93,231.0,121.58164910144023,109.41835089855977
49,94,230.0,122.85360640800998,107.14639359199002
49,95,229.0,121.97343001913825,107.02656998086175
49,96,228.0,118.18877602747229,109.81122397252771
49,97,227.0,122.66719067176201,104.33280932823799
49,98,226.0,121.11323122746074,104.88676877253926
49,99,225.0,120.49177542988573,104.50822457011427
49,100,224.0,120.68449539356622,103.31550460643378
49,101,223.0,121.73922144884003,101.26077855115997
49,102,222.0,120.89130081463229,101.10869918536771
49,103,221.0,120.32604472585288,100.67395527414712
49,104,220.0,117.95058265969193,102.04941734030807
49,105,219.0,119.40197929910154,99.59802070089846
49,106,218.0,122.16136271872685,95.83863728127315
49,107,217.0,120.10231460311503,96.89768539688497
49,108,216.0,121.72620783470795,94.27379216529205
49,109,215.0,121.61050269814666,93.38949730185334
49,110,214.0,122.37500370590628,91.62499629409372
49,111,213.0,121.49809772461727,91.50190227538273
49,112,212.0,119.457486481601,92.542513518399
49,113,211.0,121.22966293398389,89.77033706601611
49,114,210.0,122.12507998535543,87.87492001464457
49,115,209.0,120.22555955397368,88.77444044602632
49,116,208.0,120.85551932065115,87.14448067934885
49,117,207.0,122.01737330435313,84.98262669564687
49,118,206.0,122.7889268030203,83.2110731969797
49,119,205.0,123.49821775813794,81.50178224186206
49,120,204.0,122.16289062718336,81.83710937281664
49,121,203.0,120.97594489276162,82.02405510723838
49,122,202.0,120.34475941216193,81.65524058783807
49,123,201.0,118.81113831081036,82.18886168918964
49,124,200.0,120.47971828897008,79.52028171102992
49,125,199.0,118.25059095695822,80.74940904304178
49,126,198.0,118.80487433971439,79.19512566028561
49,127,197.0,118.46212180554511,78.53787819445489
49,128,196.0,119.86929180351468,76.13070819648532
49,129,195.0,117.99045036309313,77.00954963690687
49,130,194.0,117.46968098662683,76.53031901337317
49,131,193.0,118.08589834239902,74.91410165760098
49,132,192.0,116.88509210263281,75.11490789736719
49,133,191.0,116.03162483363684,74.96837516636316
49,134,190.0,115.8566203712512,74.1433796287488
49,135,189.0,114.5534515826176,74.4465484173824
49,136,188.0,118.02776176854097,69.97223823145903
49,137,187.0,117.07139452675074,69.92860547324926
49,138,186.0,116.13496278530108,69.86503721469892
49,139,185.0,115.95055339859617,69.04944660140383
49,140,184.0,111.5205185292228,72.4794814707772
49,141,183.0,114.45422520048875,68.54577479951125
49,142,182.0,113.62597408724068,68.37402591275932
49,143,181.0,111.37413982564324,69.62586017435676
49,144,180.0,111.51489305549734,68.48510694450266
49,145,179.0,110.1470553324043,68.8529446675957
49,146,178.0,113.89985180802675,64.10014819197325
49,147,177.0,108.85331960228879,68.14668039771121
49,148,176.0,112.21549913779644,63.78450086220356
49,149,175.0,116.1392755328462,58.8607244671538
49,150,174.0,112.21586558499381,61.78413441500619
49,151,173.0,111.83182310423103,61.168176895768966
49,152,172.0,105.08651570727005,66.91348429272995
49,153,171.0,110.60644707937902,60.39355292062098
49,154,170.0,110.75396758117596,59.24603241882404
49,155,169.0,114.31705080867967,54.68294919132033
49,156,168.0,118.36924202591617,49.630757974083835
49,157,167.0,115.28767945232195,51.71232054767805
49,158,166.0,116.31261629685197,49.68738370314803
49,159,165.0,117.91602304236707,47.08397695763293
49,160,164.0,117.11267096920102,46.88732903079898
49,161,163.0,118.72781895949623,44.27218104050377
49,162,162.0,121.13546539594236,40.86453460405764
49,163,161.0,120.28618302532469,40.71381697467531
49,164,160.0,119.26094620237504,40.73905379762496
49,165,159.0,118.89308816334007,40.10691183665993
49,166,158.0,121.43131030769018,36.56868969230982
49,167,157.0,119.81273961056672,37.18726038943328
49,168,156.0,121.20353321486358,34.79646678513642
49,169,155.0,119.05600431286237,35.94399568713763
49,170,154.0,115.17098725724847,38.82901274275153
49,171,153.0,115.75289530474052,37.24710469525948
49,172,152.0,115.9368927694053,36.063107230594696
49,173,151.0,110.15177240925954,40.848227590740464
49,174,150.0,115.07014126691051,34.92985873308949
49,175,149.0,111.4745478614363,37.52545213856369
49,176,148.0,108.78241433497216,39.21758566502784
49,177,147.0,114.88290970237138,32.11709029762862
49,178,146.0,112.34372212797047,33.656277872029534
49,179,145.0,115.77580693408501,29.22419306591499
49,180,144.0,112.37625797949286,31.623742020507137
49,181,143.0,110.09181856073322,32.908181439266784
49,182,142.0,105.2307478204316,36.7692521795684
49,183,141.0,107.91161532475893,33.08838467524107
49,184,140.0,108.05191881153331,31.948081188466688
49,185,139.0,104.18305730652288,34.81694269347712
49,186,138.0,101.2904388689367,36.709561131063296
49,187,137.0,93.46779065319329,43.53220934680671
49,188,136.0,98.71823599568394,37.28176400431606
49,189,135.0,100.89766236319394,34.102337636806055
49,190,134.0,90.55727351055219,43.44272648944781
49,191,133.0,96.72183269610498,36.27816730389502
49,192,132.0,96.65581708391261,35.34418291608739
49,193,131.0,96.25283000690136,34.74716999309864
49,194,130.0,90.84582571398892,39.154174286011084
49,195,129.0,97.33022026513476,31.669779734865244
49,196,128.0,94.20774913107324,33.79225086892676
49,197,127.0,86.69550287855114,40.30449712144886
49,198,126.0,93.94307566194259,32.056924338057414
49,199,125.0,99.25433699019997,25.745663009800026
49,200,124.0,95.8794986363009,28.120501363699105
49,201,123.0,98.7440894803674,24.255910519632593
49,202,122.0,101.62239192131688,20.377608078683124
49,203,121.0,97.28037946879094,23.71962053120906
49,204,120.0,96.25926456314842,23.74073543685158
49,205,119.0,96.66731787457911,22.332682125420888
49,206,118.0,96.48856960287297,21.51143039712703
49,207,117.0,93.04383253385856,23.956167466141437
49,208,116.0,92.52919022264403,23.470809777355967
49,209,115.0,86.66007288641222,28.339927113587777
49,210,114.0,87.62179462958603,26.378205370413966
49,211,113.0,90.62365583892937,22.376344161070634
49,212,112.0,87.55495066835705,24.44504933164295
49,213,111.0,88.54699675237765,22.45300324762235
49,214,110.0,88.9525982981468,21.047401701853204
49,215,109.0,88.7955565348798,20.204443465120207
49,216,108.0,95.58860691283527,12.411393087164726
49,217,107.0,86.19307982170237,20.80692017829763
49,218,106.0,88.17359816616879,17.826401833831213
49,219,105.0,75.87012487398509,29.12987512601491
49,220,104.0,77.95278692869539,26.04721307130461
49,221,103.0,74.89467104605019,28.105328953949808
49,222,102.0,74.18179532901097,27.818204670989033
49,223,101.0,72.07883671638307,28.921163283616934
49,224,100.0,85.24783654793009,14.752163452069908
49,225,99.0,79.96676166754966,19.03323833245034
49,226,98.0,78.20553839858056,19.794461601419442
49,227,97.0,77.40662815973667,19.59337184026333
49,228,96.0,79.03424697895575,16.96575302104425
49,229,95.0,91.23935221767915,3.760647782320845
49,230,94.0,86.93457179738576,7.0654282026142425
49,231,93.0,85.2286885792561,7.771311420743899
49,232,92.0,83.34735534337425,8.652644656625753
49,233,91.0,85.9989491284708,5.001050871529202
49,234,90.0,82.3588521198344,7.6411478801656045
49,235,89.0,88.45069395204729,0.5493060479527117
49,236,88.0,84.89009315051244,3.109906849487558
49,237,87.0,79.61667571062695,7.38332428937305
49,238,86.0,81.50330206856086,4.496697931439144
49,239,85.0,77.29560474481987,7.704395255180131
49,240,84.0,80.34680928518118,3.6531907148188196
49,241,83.0,84.86705303111155,-1.8670530311115527
49,242,82.0,86.74224287121059,-4.742242871210593
49,243,81.0,85.53883390480924,-4.538833904809238
49,244,80.0,75.3135178408127,4.686482159187307
49,245,79.0,78.17479080046203,0.8252091995379658
49,246,78.0,64.75682983485613,13.243170165143866
49,247,77.0,64.65267068787864,12.34732931212136
49,248,76.0,68.37863467827128,7.621365321728717
49,249,75.0,78.80413546499162,-3.8041354649916173
49,250,74.0,65.17999755007688,8.820002449923123
49,251,73.0,73.97708011565534,-0.9770801156553404
49,252,72.0,72.12493840884119,-0.12493840884118868
49,253,71.0,74.9804817202872,-3.9804817202872016
49,254,70.0,60.87179217384495,9.128207826155048
49,255,69.0,65.77513349893879,3.2248665010612143
49,256,68.0,59.67553993593324,8.324460064066763
49,257,67.0,71.9182886135557,-4.918288613555703
49,258,66.0,74.2564169859759,-8.256416985975903
49,259,65.0,61.58646963106269,3.413530368937309
49,260,64.0,70.43857801056801,-6.438578010568008
49,261,63.0,57.405343162008286,5.594656837991714
49,262,62.0,69.35634989150763,-7.356349891507634
49,263,61.0,52.78193759086157,8.218062409138433
49,264,60.0,50.58774534903366,9.41225465096634
49,265,59.0,51.299297391155044,7.700702608844956
49,266,58.0,50.26443572060256,7.735564279397437
49,267,57.0,46.785384245414676,10.214615754585324
49,268,56.0,45.190545250401314,10.809454749598686
49,269,55.0,45.81829330168689,9.181706698313107
49,270,54.0,48.39019981014068,5.609800189859321
49,271,53.0,46.661139219675064,6.338860780324936
49,272,52.0,44.94186059365643,7.058139406343571
49,273,51.0,41.356451592426744,9.643548407573256
49,274,50.0,43.432054486309056,6.567945513690944
49,275,49.0,39.323658127924034,9.676341872075966
49,276,48.0,42.842635777656675,5.157364222343325
49,277,47.0,43.332160576729606,3.6678394232703937
49,278,46.0,42.810656007816455,3.189343992183545
49,279,45.0,37.729406719392934,7.270593280607066
49,280,44.0,38.91763746119669,5.082362538803309
49,281,43.0,38.999096122618646,4.000903877381354
49,282,42.0,36.795153890994975,5.204846109005025
49,283,41.0,37.10058076129116,3.8994192387088376
49,284,40.0,36.575369488258445,3.4246305117415545
49,285,39.0,36.61662783097323,2.383372169026771
49,286,38.0,36.812979640357824,1.187020359642176
49,287,37.0,34.895740260740666,2.1042597392593336
49,288,36.0,35.1415951381742,0.8584048618257967
49,289,35.0,34.852415772947246,0.14758422705275365
49,290,34.0,34.239147610184816,-0.23914761018481556
49,291,33.0,33.88638498236699,-0.8863849823669909
49,292,32.0,32.65038478691201,-0.6503847869120065
49,293,31.0,27.285424227045578,3.714575772954422
49,294,30.0,23.153708433567047,6.846291566432953
49,295,29.0,21.700304063531185,7.299695936468815
49,296,28.0,15.936635616316511,12.063364383683489
49,297,27.0,16.734119491001557,10.265880508998443
49,298,26.0,14.940627078266271,11.059372921733729
49,299,25.0,15.79890815589305,9.20109184410695
49,300,24.0,15.13731715230402,8.86268284769598
49,301,23.0,13.30086426154961,9.69913573845039
49,302,22.0,12.82596905739391,9.17403094260609
49,303,21.0,11.495121126487783,9.504878873512217
50,1,152.0,124.56803129986825,27.431968700131748
50,2,151.0,125.0,26.0
50,3,150.0,125.0,25.0
50,4,149.0,124.47495049067871,24.525049509321292
50,5,148.0,122.50124017142159,25.498759828578414
50,6,147.0,121.7020801284194,25.297919871580604
50,7,146.0,124.6101361958409,21.389863804159106
50,8,145.0,125.0,20.0
50,9,144.0,123.3925019115655,20.607498088434497
50,10,143.0,121.04314070871209,21.956859291287913
50,11,142.0,121.3555227261196,20.644477273880398
50,12,141.0,125.0,16.0
50,13,140.0,125.0,15.0
50,14,139.0,125.0,14.0
50,15,138.0,124.45969440320017,13.540305596799826
50,16,137.0,120.54804784901232,16.45195215098768
50,17,136.0,118.61960285618481,17.380397143815188
50,18,135.0,123.58467265840738,11.415327341592615
50,19,134.0,122.82501885897355,11.17498114102645
50,20,133.0,123.00792021464851,9.992079785351493
50,21,132.0,123.69636617776895,8.303633822231049
50,22,131.0,124.71774319528717,6.28225680471283
50,23,130.0,122.60335831065738,7.396641689342616
50,24,129.0,120.78974810601954,8.210251893980455
50,25,128.0,123.02428923512169,4.975710764878315
50,26,127.0,120.54025035447881,6.459749645521185
50,27,126.0,122.29156719156153,3.7084328084384737
50,28,125.0,120.86699613803901,4.133003861960987
50,29,124.0,121.84719368361327,2.15280631638673
50,30,123.0,123.84334511879827,-0.8433451187982683
50,31,122.0,123.73543203354387,-1.7354320335438729
50,32,121.0,123.42749364702762,-2.4274936470276174
50,33,120.0,123.12776207070497,-3.127762070704975
50,34,119.0,123.43449106117902,-4.434491061179017
50,35,118.0,124.22961348959399,-6.229613489593987
50,36,117.0,124.61756252988847,-7.617562529888474
50,37,116.0,123.5009285512685,-7.500928551268501
50,38,115.0,122.79456028503714,-7.794560285037136
50,39,114.0,124.35872597329582,-10.358725973295819
50,40,113.0,122.2849291770319,-9.284929177031898
50,41,112.0,121.59144122338624,-9.59144122338624
50,42,111.0,121.67713844155149,-10.677138441551492
50,43,110.0,124.07905673954876,-14.079056739548761
50,44,109.0,123.82633260062535,-14.82633260062535
50,45,108.0,118.75902789854305,-10.759027898543053
50,46,107.0,119.62228699500956,-12.62228699500956
50,47,106.0,116.3439557224156,-10.3439557224156
50,48,105.0,119.35918674712312,-14.359186747123118
50,49,104.0,120.38687423178459,-16.38687423178459
50,50,103.0,116.9867511522133,-13.986751152213301
50,51,102.0,118.5229477404256,-16.522947740425593
50,52,101.0,117.05649269513022,-16.056492695130217
50,53,100.0,119.45101129566045,-19.45101129566045
50,54,99.0,116.40324067941395,-17.403240679413955
50,55,98.0,120.50991419351158,-22.509914193511577
50,56,97.0,123.85038464841494,-26.850384648414945
50,57,96.0,124.40231905671588,-28.402319056715882
50,58,95.0,122.06495050881006,-27.064950508810057
50,59,94.0,123.51517583030167,-29.515175830301672
50,60,93.0,119.28936656705443,-26.28936656705443
50,61,92.0,114.72535298921738,-22.725352989217384
50,62,91.0,116.77219592132714,-25.77219592132714
50,63,90.0,117.38934110363945,-27.389341103639453
50,64,89.0,119.07928118293229,-30.07928118293229
50,65,88.0,118.4343391908615,-30.434339190861493
50,66,87.0,116.57855303035517,-29.578553030355167
50,67,86.0,115.81805618101194,-29.81805618101194
50,68,85.0,117.64783885441233,-32.64783885441233
50,69,84.0,116.90507009829943,-32.90507009829943
50,70,83.0,115.19317349333433,-32.19317349333433
50,71,82.0,114.05136716274409,-32.051367162744086
50,72,81.0,106.18834366752587,-25.18834366752587
50,73,80.0,113.55347106180837,-33.55347106180837
50,74,79.0,106.72231928880416,-27.722319288804158
51,1,257.0,125.0,132.0
51,2,256.0,123.30661589678743,132.69338410321257
51,3,255.0,125.0,130.0
51,4,254.0,125.0,129.0
51,5,253.0,125.0,128.0
51,6,252.0,125.0,127.0
51,7,251.0,125.0,126.0
51,8,250.0,125.0,125.0
51,9,249.0,125.0,124.0
51,10,248.0,122.86353751114555,125.13646248885445
51,11,247.0,125.0,122.0
51,12,246.0,125.0,121.0
51,13,245.0,121.88196632813948,123.11803367186052
51,14,244.0,125.0,119.0
51,15,243.0,118.55351295488887,124.44648704511113
51,16,242.0,115.46091171960937,126.53908828039063
51,17,241.0,120.38724415449913,120.61275584550087
51,18,240.0,118.27928898677986,121.72071101322014
51,19,239.0,121.90398513945402,117.09601486054598
51,20,238.0,123.83723940140543,114.16276059859457
51,21,237.0,120.5710334942875,116.4289665057125
51,22,236.0,123.3209011532706,112.6790988467294
51,23,235.0,120.92508861510288,114.07491138489712
51,24,234.0,121.36790715804402,112.63209284195598
51,25,233.0,117.18260592387877,115.81739407612123
51,26,232.0,111.05128278177129,120.94871721822871
51,27,231.0,122.60460509561081,108.39539490438919
51,28,230.0,117.58130781816972,112.41869218183028
51,29,229.0,115.6419958963879,113.3580041036121
51,30,228.0,118.04111012355557,109.95888987644443
51,31,227.0,119.37509631258506,107.62490368741494
51,32,226.0,110.56613234389201,115.43386765610799
51,33,225.0,114.80247825960548,110.19752174039452
51,34,224.0,115.42641638792063,108.57358361207937
51,35,223.0,115.28377074384274,107.71622925615726
51,36,222.0,113.14680149052644,108.85319850947356
51,37,221.0,119.5387159950099,101.4612840049901
51,38,220.0,115.74170420186745,104.25829579813255
51,39,219.0,118.92351020951301,100.07648979048699
51,40,218.0,118.6209181129729,99.3790818870271
51,41,217.0,104.11562040073234,112.88437959926766
51,42,216.0,117.5529758767859,98.4470241232141
51,43,215.0,119.34811500418661,95.65188499581339
51,44,214.0,120.94485260079587,93.05514739920413
51,45,213.0,109.59109445735083,103.40890554264917
51,46,212.0,117.61894903353927,94.38105096646073
51,47,211.0,119.1155394003025,91.8844605996975
51,48,210.0,117.79363299044205,92.20636700955795
51,49,209.0,114.15438252038615,94.84561747961385
51,50,208.0,120.77287900640933,87.22712099359067
51,51,207.0,123.1844006877405,83.8155993122595
51,52,206.0,120.24079759200102,85.75920240799898
51,53,205.0,120.5205624999982,84.4794375000018
51,54,204.0,121.31907761514557,82.68092238485443
51,55,203.0,118.19848989840581,84.80151010159419
51,56,202.0,123.00117504591337,78.99882495408663
51,57,201.0,122.46025000936798,78.53974999063202
51,58,200.0,123.46235696002502,76.53764303997498
51,59,199.0,121.7104509980715,77.2895490019285
51,60,198.0,119.74185582310619,78.25814417689381
51,61,197.0,119.72558933358066,77.27441066641934
51,62,196.0,122.19000760461897,73.80999239538103
51,63,195.0,117.14070192900886,77.85929807099114
51,64,194.0,121.49165819489612,72.50834180510388
51,65,193.0,122.27827536537576,70.72172463462424
51,66,192.0,121.4736289729523,70.5263710270477
51,67,191.0,117.59265991049114,73.40734008950886
51,68,190.0,122.80012278641766,67.19987721358234
51,69,189.0,119.85500053081921,69.14499946918079
51,70,188.0,116.65695852321156,71.34304147678844
51,71,187.0,119.69786982219503,67.30213017780497
51,72,186.0,122.22794402611211,63.77205597388789
51,73,185.0,121.45060966888018,63.549390331119824
51,74,184.0,121.0964546266528,62.9035453733472
51,75,183.0,121.7387017668148,61.2612982331852
51,76,182.0,120.9964543226001,61.0035456773999
51,77,181.0,122.57423420538788,58.42576579461212
51,78,180.0,122.82238959984589,57.17761040015411
51,79,179.0,118.90600501326314,60.09399498673686
51,80,178.0,122.66204254789827,55.33795745210173
51,81,177.0,122.12977225951478,54.87022774048522
51,82,176.0,122.78573895412899,53.21426104587101
51,83,175.0,122.5194970694627,52.4805029305373
51,84,174.0,123.04541435887514,50.954585641124865
51,85,173.0,121.90146325778869,51.09853674221131
51,86,172.0,123.30512451769845,48.694875482301555
51,87,171.0,121.59239111225563,49.407608887744374
51,88,170.0,120.34199692319173,49.65800307680827
51,89,169.0,122.21694042641343,46.78305957358657
51,90,168.0,124.24261724917356,43.75738275082644
51,91,167.0,123.95901089203608,43.040989107963924
51,92,166.0,124.48921930229916,41.51078069770084
51,93,165.0,123.09493469098422,41.90506530901578
51,94,164.0,116.73971900101724,47.260280998982765
51,95,163.0,116.42836313604042,46.57163686395958
51,96,162.0,117.8157913543392,44.1842086456608
51,97,161.0,109.61522396381436,51.38477603618564
51,98,160.0,118.41116052995568,41.58883947004432
51,99,159.0,118.36589713095374,40.63410286904626
51,100,158.0,121.13964615144549,36.86035384855451
51,101,157.0,123.8008035311218,33.1991964688782
51,102,156.0,121.78052906753015,34.21947093246985
51,103,155.0,124.3918853197095,30.608114680290498
51,104,154.0,120.81948659400342,33.18051340599658
51,105,153.0,121.84366854336452,31.156331456635485
51,106,152.0,120.8146996350631,31.185300364936893
51,107,151.0,123.97518478684736,27.024815213152635
51,108,150.0,122.77941653803613,27.22058346196387
51,109,149.0,122.51508038966767,26.484919610332327
51,110,148.0,122.76378726039503,25.236212739604966
51,111,147.0,119.6149218650722,27.385078134927795
51,112,146.0,123.66839053937616,22.331609460623838
51,113,145.0,122.34069390852808,22.65930609147192
51,114,144.0,123.43220920926238,20.567790790737618
51,115,143.0,121.755442535465,21.244557464535006
51,116,142.0,121.04288557239502,20.957114427604978
51,117,141.0,123.39788741513053,17.602112584869474
51,118,140.0,121.80507410503533,18.19492589496467
51,119,139.0,118.2237303325881,20.776269667411896
51,120,138.0,123.36201039410106,14.637989605898937
51,121,137.0,118.46039065304547,18.539609346954535
51,122,136.0,118.14167633342265,17.85832366657735
51,123,135.0,112.58434824560298,22.415651754397018
51,124,134.0,121.23723495939744,12.76276504060256
51,125,133.0,120.80509763037159,12.194902369628409
51,126,132.0,118.70633945317587,13.293660546824128
51,127,131.0,116.10616841954771,14.893831580452286
51,128,130.0,117.34655172386853,12.65344827613147
51,129,129.0,117.7449585044759,11.255041495524097
51,130,128.0,102.92874862273723,25.07125137726277
51,131,127.0,116.09353985794368,10.906460142056318
51,132,126.0,99.26840749015123,26.731592509848767
51,133,125.0,111.21877245983148,13.781227540168516
51,134,124.0,115.9439907438957,8.056009256104304
51,135,123.0,97.17227541475708,25.82772458524292
51,136,122.0,94.56871780394982,27.431282196050176
51,137,121.0,108.6341762763652,12.365823723634804
51,138,120.0,94.15231159713672,25.847688402863284
51,139,119.0,98.13675187609768,20.863248123902324
51,140,118.0,104.55226273363091,13.447737266369089
51,141,117.0,82.80821669115701,34.191783308842986
51,142,116.0,98.9876383252689,17.012361674731096
51,143,115.0,109.8658318056511,5.134168194348902
51,144,114.0,106.31074353764494,7.689256462355061
52,1,217.0,124.794367463556,92.205632536444
52,2,216.0,125.0,91.0
52,3,215.0,123.47662713953241,91.52337286046759
52,4,214.0,125.0,89.0
52,5,213.0,125.0,88.0
52,6,212.0,125.0,87.0
52,7,211.0,123.07481380804667,87.92518619195333
52,8,210.0,121.66072112644929,88.33927887355071
52,9,209.0,124.6404758429731,84.3595241570269
52,10,208.0,120.33701674201882,87.66298325798118
52,11,207.0,124.56376438104333,82.43623561895667
52,12,206.0,124.37007274805163,81.62992725194837
52,13,205.0,123.26409053309693,81.73590946690307
52,14,204.0,125.0,79.0
52,15,203.0,95.47115589262735,107.52884410737265
52,16,202.0,114.14007535524657,87.85992464475343
52,17,201.0,123.98185400977728,77.01814599022272
52,18,200.0,125.0,75.0
52,19,199.0,124.65251465098225,74.34748534901775
52,20,198.0,124.23117341077746,73.76882658922254
52,21,197.0,125.0,72.0
52,22,196.0,98.81617514891408,97.18382485108592
52,23,195.0,124.79326822936184,70.20673177063816
52,24,194.0,121.28651633022893,72.71348366977107
52,25,193.0,124.28375587203764,68.71624412796236
52,26,192.0,111.47809935697978,80.52190064302022
52,27,191.0,121.58859686284158,69.41140313715842
52,28,190.0,121.011038477619,68.988961522381
52,29,189.0,106.92043257993721,82.07956742006279
52,30,188.0,122.93214200484749,65.06785799515251
52,31,187.0,121.18857533236546,65.81142466763454
52,32,186.0,122.503771516424,63.496228483576004
52,33,185.0,123.35163479342685,61.648365206573146
52,34,184.0,119.8193043895417,64.1806956104583
52,35,183.0,122.76600253848532,60.233997461514676
52,36,182.0,122.37880192191,59.62119807809
52,37,181.0,123.41719292234075,57.582807077659254
52,38,180.0,123.87627291110005,56.123727088899955
52,39,179.0,123.49997610351683,55.50002389648317
52,40,178.0,122.86752540775795,55.13247459224205
52,41,177.0,121.90818293804746,55.09181706195254
52,42,176.0,123.72767270645114,52.272327293548855
52,43,175.0,124.45978418823623,50.54021581176377
52,44,174.0,125.0,49.0
52,45,173.0,123.71813391216868,49.28186608783132
52,46,172.0,124.23016402590575,47.76983597409425
52,47,171.0,124.85199540854464,46.14800459145536
52,48,170.0,124.07046620930006,45.929533790699935
52,49,169.0,123.23283333022175,45.76716666977825
52,50,168.0,124.46595405239992,43.53404594760008
52,51,167.0,124.3689091262235,42.6310908737765
52,52,166.0,122.9741552545789,43.0258447454211
52,53,165.0,124.31438585736188,40.685614142638116
52,54,164.0,124.63844136987929,39.36155863012071
52,55,163.0,124.31106299458763,38.68893700541237
52,56,162.0,124.25222230203548,37.74777769796452
52,57,161.0,124.28399301806601,36.71600698193399
52,58,160.0,122.85225729904357,37.14774270095643
52,59,159.0,123.67650739210065,35.323492607899354
52,60,158.0,125.0,33.0
52,61,157.0,123.34896885388655,33.65103114611345
52,62,156.0,123.23829343616727,32.76170656383273
52,63,155.0,123.1806577586234,31.819342241376603
52,64,154.0,121.40285815242613,32.597141847573866
52,65,153.0,122.29492993175322,30.705070068246783
52,66,152.0,122.38677941372318,29.613220586276825
52,67,151.0,121.91026382483412,29.089736175165882
52,68,150.0,121.7434877238471,28.256512276152904
52,69,149.0,122.11201128379051,26.88798871620949
52,70,148.0,122.14940857927681,25.85059142072319
52,71,147.0,120.92584194044332,26.07415805955668
52,72,146.0,121.05160655913505,24.948393440864947
52,73,145.0,120.67235029005553,24.327649709944467
52,74,144.0,118.40527391120011,25.594726088799888
52,75,143.0,122.97796502582084,20.022034974179164
52,76,142.0,118.74709591044704,23.252904089552956
52,77,141.0,119.57584751652877,21.424152483471232
52,78,140.0,120.52389010977019,19.476109890229807
52,79,139.0,119.70562518870072,19.294374811299278
52,80,138.0,122.92355898460104,15.076441015398956
52,81,137.0,120.87462900305609,16.125370996943914
52,82,136.0,117.49899289223275,18.50100710776725
52,83,135.0,120.12679851085542,14.873201489144577
52,84,134.0,117.5084147406855,16.491585259314505
52,85,133.0,119.66195246540482,13.338047534595177
52,86,132.0,122.47855761606118,9.521442383938819
52,87,131.0,122.492925540022,8.507074459978
52,88,130.0,122.05278773243253,7.9472122675674655
52,89,129.0,121.67133693375256,7.328663066247444
52,90,128.0,122.17015517893574,5.829844821064256
52,91,127.0,121.69605334919771,5.303946650802288
52,92,126.0,123.10429073567016,2.895709264329838
52,93,125.0,121.9449417416629,3.055058258337098
52,94,124.0,118.14330015750161,5.8566998424983865
52,95,123.0,118.05328507406264,4.946714925937357
52,96,122.0,118.79663948170467,3.2033605182953266
52,97,121.0,120.80132409452877,0.1986759054712337
52,98,120.0,120.97559352445874,-0.9755935244587448
52,99,119.0,122.60808991142635,-3.6080899114263474
52,100,118.0,117.21064541021227,0.7893545897877345
52,101,117.0,118.37089857354312,-1.3708985735431156
52,102,116.0,119.72461576232327,-3.7246157623232676
52,103,115.0,115.87414186512089,-0.8741418651208903
52,104,114.0,120.47530496297534,-6.475304962975343
52,105,113.0,117.68943443350248,-4.689434433502484
52,106,112.0,117.24072159702582,-5.240721597025825
52,107,111.0,117.88021066869152,-6.880210668691518
52,108,110.0,118.7473983326033,-8.747398332603296
52,109,109.0,114.70959324277149,-5.70959324277149
52,110,108.0,118.56105598106637,-10.561055981066374
52,111,107.0,118.94152432665273,-11.941524326652726
52,112,106.0,115.52616619001759,-9.526166190017591
52,113,105.0,116.22115791238804,-11.221157912388037
52,114,104.0,106.12242300692947,-2.1224230069294663
52,115,103.0,115.01783641519151,-12.01783641519151
52,116,102.0,116.16090885017267,-14.160908850172675
52,117,101.0,113.69880349805803,-12.698803498058027
52,118,100.0,107.79603604499913,-7.796036044999127
52,119,99.0,111.33289521099329,-12.332895210993286
52,120,98.0,115.22472698469632,-17.224726984696318
52,121,97.0,103.84064936654039,-6.84064936654039
52,122,96.0,101.12880084156062,-5.1288008415606186
52,123,95.0,109.09548275252315,-14.095482752523154
52,124,94.0,108.64713773888707,-14.647137738887068
52,125,93.0,98.15433409330828,-5.154334093308279
52,126,92.0,99.90237115103749,-7.902371151037485
52,127,91.0,99.66781769371498,-8.66781769371498
52,128,90.0,93.29668158709958,-3.2966815870995845
52,129,89.0,89.02620720395886,-0.02620720395886167
52,130,88.0,91.88494033369246,-3.8849403336924553
52,131,87.0,93.68229785458392,-6.682297854583922
52,132,86.0,99.02212741160358,-13.022127411603577
52,133,85.0,94.433560134571,-9.433560134570996
52,134,84.0,97.82416526088551,-13.824165260885508
52,135,83.0,99.08630818038579,-16.086308180385785
52,136,82.0,99.06389294917119,-17.06389294917119
52,137,81.0,100.8041101420718,-19.804110142071806
52,138,80.0,101.29553165482005,-21.295531654820053
52,139,79.0,95.5199307929636,-16.519930792963606
52,140,78.0,98.21581576069214,-20.215815760692138
52,141,77.0,91.78363051035635,-14.783630510356346
52,142,76.0,90.59408911828965,-14.594089118289645
52,143,75.0,88.69158165686325,-13.69158165686325
52,144,74.0,82.9522044804839,-8.9522044804839
52,145,73.0,78.93974214919056,-5.939742149190565
52,146,72.0,81.95190632272731,-9.95190632272731
52,147,71.0,81.04512341517055,-10.04512341517055
52,148,70.0,84.25836163451142,-14.258361634511417
52,149,69.0,79.82667535535231,-10.826675355352307
52,150,68.0,80.65155237079624,-12.651552370796239
52,151,67.0,76.86501111410331,-9.86501111410331
52,152,66.0,73.10706513507948,-7.1070651350794805
52,153,65.0,74.35970913369216,-9.359709133692164
52,154,64.0,74.37298909357312,-10.372989093573125
52,155,63.0,71.63879438421124,-8.638794384211238
52,156,62.0,70.32725128122775,-8.327251281227745
52,157,61.0,68.53925179767042,-7.539251797670417
52,158,60.0,68.57147273411624,-8.571472734116242
52,159,59.0,65.39434008259424,-6.3943400825942405
52,160,58.0,63.84030161844755,-5.840301618447548
52,161,57.0,59.78145895145264,-2.7814589514526418
52,162,56.0,64.4493151789583,-8.449315178958301
52,163,55.0,58.48328651340528,-3.4832865134052824
52,164,54.0,56.14580911639041,-2.14580911639041
52,165,53.0,51.888081707015594,1.1119182929844058
52,166,52.0,49.920964074941644,2.0790359250583563
52,167,51.0,52.7038840197783,-1.7038840197783003
52,168,50.0,51.5274155000708,-1.527415500070802
52,169,49.0,48.00494253479337,0.995057465206628
52,170,48.0,46.884366131489266,1.1156338685107343
52,171,47.0,47.22157336508293,-0.22157336508293213
52,172,46.0,46.55899664298715,-0.5589966429871467
52,173,45.0,46.79762082684307,-1.7976208268430725
52,174,44.0,47.00068552758798,-3.000685527587983
52,175,43.0,45.802093971686425,-2.802093971686425
52,176,42.0,45.75173824112092,-3.7517382411209184
52,177,41.0,44.811484451656426,-3.811484451656426
52,178,40.0,44.44442411137101,-4.4444241113710135
52,179,39.0,43.207627766593525,-4.207627766593525
52,180,38.0,40.81916409147004,-2.819164091470043
52,181,37.0,41.01714297451043,-4.017142974510428
52,182,36.0,40.63571339893731,-4.6357133989373125
52,183,35.0,38.48770716733897,-3.487707167338968
52,184,34.0,39.14694643682482,-5.14694643682482
52,185,33.0,34.87294930280276,-1.872949302802759
52,186,32.0,33.90490116433278,-1.9049011643327773
52,187,31.0,33.28482837899202,-2.2848283789920174
52,188,30.0,32.06741955937645,-2.0674195593764466
52,189,29.0,25.701802437559742,3.298197562440258
53,1,189.0,125.0,64.0
53,2,188.0,125.0,63.0
53,3,187.0,125.0,62.0
53,4,186.0,125.0,61.0
53,5,185.0,125.0,60.0
53,6,184.0,125.0,59.0
53,7,183.0,125.0,58.0
53,8,182.0,125.0,57.0
53,9,181.0,125.0,56.0
53,10,180.0,125.0,55.0
53,11,179.0,125.0,54.0
53,12,178.0,125.0,53.0
53,13,177.0,125.0,52.0
53,14,176.0,124.37962092971465,51.62037907028535
53,15,175.0,124.45858536826448,50.54141463173552
53,16,174.0,123.68692261322514,50.313077386774864
53,17,173.0,123.8231836255262,49.1768163744738
53,18,172.0,123.69758752833827,48.302412471661725
53,19,171.0,124.86115052481395,46.13884947518605
53,20,170.0,124.2848971802062,45.7151028197938
53,21,169.0,124.91197174342082,44.08802825657918
53,22,168.0,124.31680406290731,43.68319593709269
53,23,167.0,123.91678712486119,43.08321287513881
53,24,166.0,125.0,41.0
53,25,165.0,125.0,40.0
53,26,164.0,124.47954338870281,39.52045661129719
53,27,163.0,125.0,38.0
53,28,162.0,124.65185660648739,37.348143393512615
53,29,161.0,122.77550147333392,38.22449852666608
53,30,160.0,124.54420012853524,35.45579987146476
53,31,159.0,124.39884202388973,34.60115797611027
53,32,158.0,124.82587851516826,33.174121484831744
53,33,157.0,124.27524968155447,32.72475031844553
53,34,156.0,124.87021791867909,31.12978208132091
53,35,155.0,124.31918522810001,30.68081477189999
53,36,154.0,123.86173264500216,30.138267354997836
53,37,153.0,124.39942204309254,28.600577956907458
53,38,152.0,124.70074134933706,27.299258650662935
53,39,151.0,124.22345606412907,26.776543935870933
53,40,150.0,124.1632436981534,25.836756301846606
53,41,149.0,124.6587745636112,24.341225436388797
53,42,148.0,125.0,23.0
53,43,147.0,123.96407574789303,23.035924252106966
53,44,146.0,124.35625709615559,21.643742903844412
53,45,145.0,124.32943757725067,20.670562422749327
53,46,144.0,124.61257894338783,19.38742105661217
53,47,143.0,123.49192830964294,19.508071690357056
53,48,142.0,123.8356571053235,18.164342894676494
53,49,141.0,125.0,16.0
53,50,140.0,124.23149153306392,15.768508466936083
53,51,139.0,123.76515620065082,15.234843799349179
53,52,138.0,123.45955025983592,14.540449740164078
53,53,137.0,122.68106055971079,14.318939440289213
53,54,136.0,121.27874065478318,14.721259345216822
53,55,135.0,119.71103306158854,15.288966938411463
53,56,134.0,120.59793774282019,13.402062257179807
53,57,133.0,120.054108798091,12.945891201909006
53,58,132.0,121.66856122248306,10.331438777516937
53,59,131.0,120.79398267692625,10.206017323073752
53,60,130.0,121.32253875196592,8.677461248034078
53,61,129.0,122.29287448213779,6.70712551786221
53,62,128.0,121.84595407192187,6.154045928078133
53,63,127.0,120.92932137245762,6.070678627542378
53,64,126.0,121.29730613275166,4.7026938672483425
53,65,125.0,119.39786511393302,5.6021348860669775
53,66,124.0,116.91853015741282,7.0814698425871825
53,67,123.0,119.40347385065058,3.5965261493494154
53,68,122.0,114.87203858606371,7.127961413936291
53,69,121.0,115.31617189377187,5.683828106228134
53,70,120.0,111.7344337180493,8.265566281950697
53,71,119.0,110.18789113916434,8.812108860835664
53,72,118.0,116.48511986240085,1.5148801375991496
53,73,117.0,115.05591863286396,1.944081367136036
53,74,116.0,114.20334948259627,1.7966505174037337
53,75,115.0,114.4005880298287,0.5994119701713032
53,76,114.0,114.4359196967044,-0.4359196967044028
53,77,113.0,114.01694533152504,-1.0169453315250365
53,78,112.0,116.02887700313278,-4.028877003132777
53,79,111.0,117.05867003104527,-6.058670031045267
53,80,110.0,117.45276361606057,-7.452763616060565
53,81,109.0,119.53548196619039,-10.535481966190389
53,82,108.0,120.83309915119263,-12.833099151192627
53,83,107.0,120.97366847189092,-13.973668471890917
53,84,106.0,119.74416263917703,-13.744162639177034
53,85,105.0,121.5449350169075,-16.544935016907502
53,86,104.0,116.38193924991637,-12.381939249916371
53,87,103.0,113.70016342322731,-10.700163423227309
53,88,102.0,109.59913130024559,-7.599131300245588
53,89,101.0,115.29633473586615,-14.296334735866154
53,90,100.0,103.06749976911831,-3.0674997691183137
53,91,99.0,103.96026400619743,-4.960264006197434
53,92,98.0,113.4871130786018,-15.487113078601794
53,93,97.0,114.39729018407286,-17.397290184072858
53,94,96.0,114.1894577849558,-18.189457784955806
53,95,95.0,109.94629758634674,-14.946297586346745
53,96,94.0,109.07540556431579,-15.075405564315787
53,97,93.0,112.16843954085776,-19.16843954085776
53,98,92.0,108.83422394870793,-16.83422394870793
53,99,91.0,108.35749822058771,-17.357498220587715
53,100,90.0,112.23299227723066,-22.232992277230665
53,101,89.0,112.8146428318233,-23.814642831823306
53,102,88.0,114.25049202027338,-26.250492020273384
53,103,87.0,111.24051120896634,-24.24051120896634
53,104,86.0,109.73378769578416,-23.73378769578416
53,105,85.0,107.10273621603648,-22.102736216036476
53,106,84.0,105.12062753487979,-21.120627534879787
53,107,83.0,110.3831048491688,-27.383104849168802
53,108,82.0,106.24073889348398,-24.24073889348398
53,109,81.0,99.98461396870515,-18.984613968705148
53,110,80.0,109.12057574761079,-29.120575747610786
53,111,79.0,108.04391300555727,-29.043913005557272
53,112,78.0,109.20046266070467,-31.200462660704673
53,113,77.0,98.31242354345844,-21.312423543458436
53,114,76.0,92.13724755860224,-16.13724755860224
53,115,75.0,88.16540710102429,-13.165407101024286
53,116,74.0,87.50474528077855,-13.50474528077855
53,117,73.0,85.86762915503243,-12.867629155032432
53,118,72.0,78.89642926022593,-6.896429260225929
53,119,71.0,71.24573855764456,-0.24573855764455743
53,120,70.0,72.73545753936953,-2.735457539369534
53,121,69.0,74.10042309727852,-5.100423097278522
53,122,68.0,77.3460107059223,-9.346010705922296
53,123,67.0,74.90734635572134,-7.907346355721344
53,124,66.0,64.96128097798116,1.0387190220188387
53,125,65.0,79.25000884296077,-14.250008842960767
53,126,64.0,67.49113298964673,-3.4911329896467294
53,127,63.0,70.9310276273834,-7.931027627383401
53,128,62.0,79.24416077861545,-17.244160778615452
53,129,61.0,69.12206172191411,-8.122061721914108
53,130,60.0,64.2996813636698,-4.299681363669805
53,131,59.0,66.60213769830166,-7.602137698301661
53,132,58.0,69.40890970710842,-11.408909707108421
53,133,57.0,68.63572679376828,-11.635726793768285
53,134,56.0,67.4982515824873,-11.498251582487299
53,135,55.0,66.28741673491506,-11.287416734915055
53,136,54.0,66.57021705076791,-12.570217050767909
53,137,53.0,61.390929907901494,-8.390929907901494
53,138,52.0,61.280148219788956,-9.280148219788956
53,139,51.0,54.88514428404747,-3.8851442840474704
53,140,50.0,56.04813186642843,-6.048131866428427
53,141,49.0,60.42326054546635,-11.423260545466349
53,142,48.0,54.1487917521834,-6.148791752183399
53,143,47.0,52.548968402191974,-5.548968402191974
53,144,46.0,47.42476192199533,-1.4247619219953265
53,145,45.0,46.62393190445958,-1.6239319044595817
53,146,44.0,48.313162052544094,-4.313162052544094
53,147,43.0,45.860735695324664,-2.8607356953246637
53,148,42.0,43.524835117157096,-1.524835117157096
53,149,41.0,41.460107396589045,-0.460107396589045
53,150,40.0,44.83519975033426,-4.835199750334262
53,151,39.0,41.63577299842537,-2.6357729984253666
53,152,38.0,40.97455676957406,-2.9745567695740576
53,153,37.0,43.6647952793386,-6.664795279338598
53,154,36.0,43.49323459580758,-7.493234595807579
53,155,35.0,46.40659015231427,-11.406590152314273
53,156,34.0,41.97624317465138,-7.97624317465138
53,157,33.0,38.42331412988804,-5.423314129888041
53,158,32.0,35.881958796660435,-3.8819587966604345
53,159,31.0,32.15709752210896,-1.1570975221089626
53,160,30.0,28.01560666612397,1.9843933338760316
53,161,29.0,24.94397430425618,4.05602569574382
53,162,28.0,23.727540066704645,4.272459933295355
53,163,27.0,24.86134902167364,2.1386509783263605
53,164,26.0,25.398308729535515,0.6016912704644852
54,1,217.0,124.60723377593217,92.39276622406783
54,2,216.0,125.0,91.0
54,3,215.0,125.0,90.0
54,4,214.0,124.55286591659879,89.44713408340121
54,5,213.0,124.7779677893135,88.2220322106865
54,6,212.0,125.0,87.0
54,7,211.0,125.0,86.0
54,8,210.0,125.0,85.0
54,9,209.0,123.10792995308144,85.89207004691856
54,10,208.0,125.0,83.0
54,11,207.0,125.0,82.0
54,12,206.0,125.0,81.0
54,13,205.0,125.0,80.0
54,14,204.0,125.0,79.0
54,15,203.0,125.0,78.0
54,16,202.0,124.36283769350125,77.63716230649875
54,17,201.0,124.6521487280586,76.3478512719414
54,18,200.0,125.0,75.0
54,19,199.0,123.31039740336337,75.68960259663663
54,20,198.0,124.721743486549,73.278256513451
54,21,197.0,124.74668812014275,72.25331187985725
54,22,196.0,123.20390598430579,72.79609401569421
54,23,195.0,125.0,70.0
54,24,194.0,125.0,69.0
54,25,193.0,124.0285959445437,68.9714040554563
54,26,192.0,125.0,67.0
54,27,191.0,125.0,66.0
54,28,190.0,122.13832945769919,67.86167054230081
54,29,189.0,124.15397464294345,64.84602535705655
54,30,188.0,121.90260737860253,66.09739262139747
54,31,187.0,124.80665150619704,62.19334849380296
54,32,186.0,123.03911599952517,62.960884000474834
54,33,185.0,124.16935301171196,60.83064698828804
54,34,184.0,124.49808402499896,59.50191597500104
54,35,183.0,124.71129648650223,58.288703513497765
54,36,182.0,123.0235002064132,58.9764997935868
54,37,181.0,124.2470758943169,56.75292410568311
54,38,180.0,124.15369677505808,55.84630322494192
54,39,179.0,123.79486186875407,55.20513813124593
54,40,178.0,123.43451756806957,54.565482431930434
54,41,177.0,124.13667773139794,52.86332226860206
54,42,176.0,123.66413465821906,52.335865341780945
54,43,175.0,123.98204486995985,51.01795513004015
54,44,174.0,123.76294044427658,50.23705955572342
54,45,173.0,124.12878993672975,48.871210063270254
54,46,172.0,125.0,47.0
54,47,171.0,125.0,46.0
54,48,170.0,125.0,45.0
54,49,169.0,125.0,44.0
54,50,168.0,125.0,43.0
54,51,167.0,125.0,42.0
54,52,166.0,124.85081489302263,41.14918510697737
54,53,165.0,124.53349791293553,40.46650208706447
54,54,164.0,123.61247795139336,40.38752204860664
54,55,163.0,125.0,38.0
54,56,162.0,124.18996440471282,37.810035595287175
54,57,161.0,124.0547946510865,36.945205348913504
54,58,160.0,124.63874091548837,35.36125908451163
54,59,159.0,125.0,34.0
54,60,158.0,124.32224606402877,33.677753935971225
54,61,157.0,125.0,32.0
54,62,156.0,125.0,31.0
54,63,155.0,125.0,30.0
54,64,154.0,125.0,29.0
54,65,153.0,124.88939971265079,28.110600287349214
54,66,152.0,124.8300166191561,27.169983380843902
54,67,151.0,124.88729881856239,26.112701181437615
54,68,150.0,124.92939292859316,25.07060707140684
54,69,149.0,125.0,24.0
54,70,148.0,124.61292190912832,23.387078090871682
54,71,147.0,125.0,22.0
54,72,146.0,124.93099659571412,21.06900340428588
54,73,145.0,125.0,20.0
54,74,144.0,125.0,19.0
54,75,143.0,125.0,18.0
54,76,142.0,125.0,17.0
54,77,141.0,125.0,16.0
54,78,140.0,125.0,15.0
54,79,139.0,125.0,14.0
54,80,138.0,125.0,13.0
54,81,137.0,125.0,12.0
54,82,136.0,125.0,11.0
54,83,135.0,125.0,10.0
54,84,134.0,125.0,9.0
54,85,133.0,125.0,8.0
54,86,132.0,124.5342773789965,7.4657226210034935
54,87,131.0,125.0,6.0
54,88,130.0,125.0,5.0
54,89,129.0,124.91548028760018,4.084519712399825
54,90,128.0,125.0,3.0
54,91,127.0,125.0,2.0
54,92,126.0,125.0,1.0
54,93,125.0,124.85201442507802,0.14798557492197517
54,94,124.0,125.0,-1.0
54,95,123.0,125.0,-2.0
54,96,122.0,124.98526953940335,-2.9852695394033475
54,97,121.0,124.52872191861195,-3.52872191861195
54,98,120.0,124.94958383800187,-4.949583838001871
54,99,119.0,125.0,-6.0
54,100,118.0,125.0,-7.0
54,101,117.0,125.0,-8.0
54,102,116.0,124.40420893638183,-8.404208936381835
54,103,115.0,124.98331888416445,-9.983318884164447
54,104,114.0,124.30063464856187,-10.300634648561868
54,105,113.0,124.2278438942372,-11.227843894237196
54,106,112.0,115.25384922892475,-3.25384922892475
54,107,111.0,119.62314562205194,-8.623145622051936
54,108,110.0,121.3839547097462,-11.383954709746206
54,109,109.0,117.08460799261161,-8.084607992611609
54,110,108.0,119.91826561599454,-11.918265615994542
54,111,107.0,120.09222367401662,-13.092223674016623
54,112,106.0,119.1217626478212,-13.1217626478212
54,113,105.0,118.08042012236007,-13.080420122360067
54,114,104.0,117.80200826756075,-13.802008267560751
54,115,103.0,118.64351458577832,-15.64351458577832
54,116,102.0,119.07449829964138,-17.074498299641377
54,117,101.0,118.72632415820219,-17.72632415820219
54,118,100.0,119.93806754543463,-19.938067545434635
54,119,99.0,118.73025070639653,-19.730250706396532
54,120,98.0,119.14060830290428,-21.140608302904283
54,121,97.0,119.3352528272658,-22.335252827265805
55,1,249.0,125.0,124.0
55,2,248.0,125.0,123.0
55,3,247.0,124.07538785566217,122.92461214433783
55,4,246.0,125.0,121.0
55,5,245.0,125.0,120.0
55,6,244.0,124.1909341202879,119.8090658797121
55,7,243.0,125.0,118.0
55,8,242.0,125.0,117.0
55,9,241.0,125.0,116.0
55,10,240.0,125.0,115.0
55,11,239.0,125.0,114.0
55,12,238.0,125.0,113.0
55,13,237.0,125.0,112.0
55,14,236.0,124.31422071519151,111.68577928480849
55,15,235.0,122.64768757800337,112.35231242199663
55,16,234.0,124.52700892893466,109.47299107106534
55,17,233.0,123.08356793629359,109.91643206370641
55,18,232.0,122.08453178599925,109.91546821400075
55,19,231.0,117.38354633205371,113.61645366794629
55,20,230.0,115.46185118105552,114.53814881894448
55,21,229.0,122.23245341704865,106.76754658295135
55,22,228.0,122.22430501505923,105.77569498494077
55,23,227.0,122.52453073358917,104.47546926641083
55,24,226.0,123.48540585783527,102.51459414216473
55,25,225.0,123.73894883076169,101.26105116923831
55,26,224.0,124.49089649108261,99.50910350891739
55,27,223.0,123.43715974913505,99.56284025086495
55,28,222.0,123.25603025359133,98.74396974640867
55,29,221.0,122.11575845117521,98.88424154882479
55,30,220.0,123.24606765317678,96.75393234682322
55,31,219.0,122.72089055419777,96.27910944580223
55,32,218.0,124.6608315153247,93.3391684846753
55,33,217.0,125.0,92.0
55,34,216.0,122.99655703764608,93.00344296235392
55,35,215.0,124.9333317735301,90.0666682264699
55,36,214.0,120.75664764482288,93.24335235517712
55,37,213.0,122.86741896810986,90.13258103189014
55,38,212.0,121.91424085414903,90.08575914585097
55,39,211.0,119.25808908870927,91.74191091129073
55,40,210.0,119.51775874046655,90.48224125953345
55,41,209.0,118.57785651021385,90.42214348978615
55,42,208.0,117.79320096212591,90.20679903787409
55,43,207.0,118.76873246776637,88.23126753223363
55,44,206.0,116.72570834999635,89.27429165000365
55,45,205.0,119.90987774303362,85.09012225696638
55,46,204.0,121.11374612862893,82.88625387137107
55,47,203.0,121.17678777756346,81.82321222243654
55,48,202.0,121.74704392778527,80.25295607221473
55,49,201.0,123.62487574468551,77.37512425531449
55,50,200.0,124.54808655172602,75.45191344827398
55,51,199.0,123.09479832299884,75.90520167700116
55,52,198.0,120.9843762597197,77.0156237402803
55,53,197.0,121.69522736043977,75.30477263956023
55,54,196.0,122.80296067462176,73.19703932537824
55,55,195.0,123.65560749566353,71.34439250433647
55,56,194.0,122.29407529520249,71.70592470479751
55,57,193.0,121.55931005301157,71.44068994698843
55,58,192.0,120.72667535004072,71.27332464995928
55,59,191.0,120.01487574263028,70.98512425736972
55,60,190.0,119.17723973057456,70.82276026942544
55,61,189.0,122.25114320246279,66.74885679753721
55,62,188.0,120.65637823607163,67.34362176392837
55,63,187.0,118.93948485547484,68.06051514452516
55,64,186.0,120.99093387133561,65.00906612866439
55,65,185.0,120.25836839089445,64.74163160910555
55,66,184.0,121.74034137771878,62.25965862228122
55,67,183.0,123.2041407684345,59.7958592315655
55,68,182.0,121.03626411771661,60.96373588228339
55,69,181.0,120.28856802179398,60.71143197820602
55,70,180.0,116.20277016734283,63.797229832657166
55,71,179.0,116.04234607360218,62.957653926397825
55,72,178.0,119.85806212113192,58.14193787886808
55,73,177.0,115.51085984365706,61.48914015634294
55,74,176.0,117.81234505116427,58.18765494883573
55,75,175.0,117.93234256810354,57.067657431896464
55,76,174.0,116.71699611580318,57.283003884196816
55,77,173.0,118.29757492104586,54.702425078954136
55,78,172.0,120.47190127784299,51.52809872215701
55,79,171.0,120.06047776779361,50.939522232206386
55,80,170.0,121.45645349406807,48.54354650593193
55,81,169.0,120.12452781846285,48.87547218153715
55,82,168.0,121.14871829585398,46.85128170414602
55,83,167.0,121.25878520755045,45.741214792449554
55,84,166.0,118.77288785394332,47.22711214605668
55,85,165.0,119.02265908839593,45.977340911604074
55,86,164.0,122.01654018674343,41.98345981325657
55,87,163.0,121.4789268308132,41.521073169186806
55,88,162.0,120.38604888498014,41.61395111501986
55,89,161.0,119.31308347595888,41.68691652404112
55,90,160.0,118.90401590897663,41.09598409102337
55,91,159.0,118.03977566111081,40.96022433888919
55,92,158.0,118.44689223997959,39.55310776002041
55,93,157.0,112.29564784493964,44.70435215506036
55,94,156.0,113.2769845672972,42.723015432702795
55,95,155.0,121.04647238750631,33.95352761249369
55,96,154.0,121.01481949808726,32.98518050191274
55,97,153.0,118.03048125678235,34.96951874321765
55,98,152.0,116.16647095821264,35.83352904178736
55,99,151.0,116.4091245805483,34.590875419451706
55,100,150.0,121.59024658581038,28.409753414189623
55,101,149.0,121.58290343705846,27.417096562941538
55,102,148.0,121.4405058868511,26.5594941131489
55,103,147.0,121.34189002975333,25.65810997024667
55,104,146.0,122.20694462080232,23.793055379197682
55,105,145.0,119.5040485933792,25.495951406620804
55,106,144.0,112.82691724658075,31.17308275341925
55,107,143.0,116.48667699433597,26.513323005664034
55,108,142.0,114.15759538672589,27.842404613274113
55,109,141.0,120.94395485485951,20.056045145140487
55,110,140.0,113.92613207477342,26.07386792522658
55,111,139.0,118.2960108844237,20.703989115576306
55,112,138.0,116.88350796257343,21.116492037426568
55,113,137.0,120.92644107067896,16.073558929321038
56,1,150.0,121.18558349393402,28.81441650606598
56,2,149.0,116.77473534176558,32.22526465823442
56,3,148.0,114.39541051054599,33.604589489454014
56,4,147.0,104.10748417526683,42.89251582473317
56,5,146.0,103.56336822583255,42.43663177416745
56,6,145.0,106.04409772027262,38.95590227972738
56,7,144.0,117.76996111867614,26.230038881323864
56,8,143.0,112.4932941403778,30.5067058596222
56,9,142.0,120.99288835624851,21.007111643751486
56,10,141.0,118.76360695497598,22.236393045024016
56,11,140.0,114.14201790750646,25.857982092493543
56,12,139.0,123.37043386351573,15.629566136484272
56,13,138.0,125.0,13.0
56,14,137.0,114.66934401283554,22.330655987164462
56,15,136.0,124.95779501441541,11.04220498558459
56,16,135.0,120.46864061543864,14.531359384561355
56,17,134.0,122.63873175709885,11.361268242901147
56,18,133.0,121.02400649759655,11.975993502403455
56,19,132.0,121.1943560789525,10.805643921047505
56,20,131.0,121.19750831059754,9.802491689402459
56,21,130.0,118.75675909550873,11.243240904491273
56,22,129.0,116.4131174703477,12.5868825296523
56,23,128.0,112.26403920967019,15.735960790329813
56,24,127.0,113.6546798530292,13.345320146970806
56,25,126.0,117.20817873960583,8.791821260394173
56,26,125.0,117.74231418956298,7.2576858104370245
56,27,124.0,118.04289423306153,5.957105766938469
56,28,123.0,117.10876433051092,5.8912356694890775
56,29,122.0,119.05540596581469,2.9445940341853145
56,30,121.0,120.95206742828461,0.04793257171539267
56,31,120.0,120.41187071443136,-0.4118707144313589
56,32,119.0,119.85072262997534,-0.850722629975337
56,33,118.0,121.74974491087843,-3.7497449108784338
56,34,117.0,119.21255144383615,-2.2125514438361478
56,35,116.0,117.83971571071193,-1.8397157107119284
56,36,115.0,122.02577034079685,-7.0257703407968535
56,37,114.0,121.49409532410853,-7.494095324108528
56,38,113.0,121.08181157611837,-8.081811576118369
56,39,112.0,118.17468752061806,-6.174687520618065
56,40,111.0,109.60180459904441,1.3981954009555864
56,41,110.0,115.38927412937383,-5.389274129373831
56,42,109.0,119.12260997573608,-10.122609975736083
56,43,108.0,117.73839726015312,-9.738397260153121
56,44,107.0,113.13627386554613,-6.13627386554613
56,45,106.0,113.07627684126778,-7.076276841267784
56,46,105.0,115.87404479366796,-10.874044793667963
56,47,104.0,117.12077568995402,-13.120775689954016
56,48,103.0,116.3247246943458,-13.324724694345804
56,49,102.0,114.28337349772617,-12.283373497726174
56,50,101.0,111.7333600587495,-10.733360058749497
56,51,100.0,111.9314579441389,-11.931457944138899
56,52,99.0,113.57408425468962,-14.574084254689623
56,53,98.0,116.80889543811809,-18.808895438118086
56,54,97.0,108.28892110310038,-11.288921103100378
56,55,96.0,101.95364992739896,-5.953649927398956
56,56,95.0,103.48663885747575,-8.486638857475754
56,57,94.0,97.50137114179053,-3.5013711417905284
56,58,93.0,96.66276561199338,-3.662765611993379
56,59,92.0,107.10224591699485,-15.102245916994846
56,60,91.0,106.96675612168902,-15.966756121689016
56,61,90.0,108.49867517796856,-18.498675177968565
56,62,89.0,106.41313118422408,-17.413131184224085
56,63,88.0,102.52837138662608,-14.528371386626077
56,64,87.0,109.89734607561272,-22.897346075612717
56,65,86.0,103.15950703580216,-17.159507035802164
56,66,85.0,96.76299499636988,-11.762994996369883
56,67,84.0,102.82997562216978,-18.829975622169783
56,68,83.0,97.20179655923346,-14.201796559233458
56,69,82.0,93.94806044084343,-11.948060440843435
56,70,81.0,98.8690234594187,-17.8690234594187
56,71,80.0,96.29393201640612,-16.293932016406117
56,72,79.0,97.05198854201652,-18.051988542016517
56,73,78.0,100.1683690062723,-22.1683690062723
56,74,77.0,91.74689588307173,-14.74689588307173
56,75,76.0,91.41525652531257,-15.415256525312572
56,76,75.0,88.4997666519933,-13.499766651993298
56,77,74.0,90.69098321093989,-16.69098321093989
56,78,73.0,93.17554953814566,-20.17554953814566
56,79,72.0,86.03648885374855,-14.036488853748551
56,80,71.0,86.33677684394254,-15.336776843942545
56,81,70.0,82.70025558875535,-12.700255588755354
56,82,69.0,77.18020896686444,-8.180208966864441
56,83,68.0,75.590393910569,-7.590393910569006
56,84,67.0,70.59996543651748,-3.599965436517479
56,85,66.0,69.60343360423911,-3.6034336042391146
56,86,65.0,77.54213010266069,-12.542130102660693
56,87,64.0,70.12630245096045,-6.126302450960452
56,88,63.0,75.23746884485426,-12.237468844854263
56,89,62.0,71.81118487212309,-9.811184872123093
56,90,61.0,71.51045734635457,-10.51045734635457
56,91,60.0,64.64000551981285,-4.640005519812846
56,92,59.0,70.34277849924226,-11.342778499242257
56,93,58.0,75.97843802478502,-17.97843802478502
56,94,57.0,72.91091863621696,-15.910918636216962
56,95,56.0,71.92580903758159,-15.925809037581587
56,96,55.0,68.84076139304304,-13.840761393043039
56,97,54.0,73.76596937278752,-19.765969372787524
56,98,53.0,70.26235779088049,-17.262357790880486
56,99,52.0,71.2807639718164,-19.2807639718164
56,100,51.0,61.38377150982964,-10.383771509829643
56,101,50.0,64.2269495199054,-14.226949519905403
56,102,49.0,59.48909126895779,-10.489091268957793
56,103,48.0,58.53365647084701,-10.533656470847014
56,104,47.0,58.17920940355978,-11.179209403559781
56,105,46.0,58.23003838144078,-12.230038381440778
56,106,45.0,53.0072149235065,-8.007214923506503
56,107,44.0,51.48610272452783,-7.486102724527832
56,108,43.0,47.372475649115714,-4.372475649115714
56,109,42.0,46.44555300218568,-4.445553002185683
56,110,41.0,48.23054371003263,-7.230543710032627
56,111,40.0,49.18973732411128,-9.189737324111277
56,112,39.0,47.094517233840186,-8.094517233840186
56,113,38.0,45.253388370606416,-7.253388370606416
56,114,37.0,43.20033618515884,-6.200336185158839
56,115,36.0,42.41732588339625,-6.417325883396252
56,116,35.0,40.3989841998819,-5.398984199881902
56,117,34.0,41.638394357178925,-7.638394357178925
56,118,33.0,39.77338434520439,-6.773384345204391
56,119,32.0,37.001392343747426,-5.001392343747426
56,120,31.0,35.731927999667064,-4.7319279996670645
56,121,30.0,31.17286922369983,-1.1728692236998306
56,122,29.0,31.225278421249815,-2.225278421249815
56,123,28.0,30.67110444190536,-2.67110444190536
56,124,27.0,30.769656102970174,-3.769656102970174
56,125,26.0,29.671052250028563,-3.6710522500285627
56,126,25.0,27.672969113584998,-2.6729691135849976
56,127,24.0,26.125772078348742,-2.125772078348742
56,128,23.0,23.51142240228348,-0.511422402283479
56,129,22.0,22.437623548243035,-0.4376235482430353
56,130,21.0,21.760913616077943,-0.7609136160779428
56,131,20.0,19.070047241460987,0.929952758539013
56,132,19.0,19.674600870907675,-0.6746008709076747
56,133,18.0,18.706244364079375,-0.7062443640793745
56,134,17.0,17.920580173695008,-0.9205801736950079
56,135,16.0,18.294729582582605,-2.2947295825826046
56,136,15.0,15.63644648096203,-0.6364464809620305
57,1,262.0,125.0,137.0
57,2,261.0,123.20306118984203,137.79693881015797
57,3,260.0,120.67872285277723,139.32127714722276
57,4,259.0,123.66523812853508,135.33476187146493
57,5,258.0,125.0,133.0
57,6,257.0,123.05923867790354,133.94076132209648
57,7,256.0,123.0912217819881,132.9087782180119
57,8,255.0,115.85056373320015,139.14943626679985
57,9,254.0,124.85407092796068,129.14592907203934
57,10,253.0,116.09356246093374,136.90643753906625
57,11,252.0,122.40125004031302,129.59874995968698
57,12,251.0,122.79464145932192,128.20535854067808
57,13,250.0,123.91763524365396,126.08236475634604
57,14,249.0,125.0,124.0
57,15,248.0,125.0,123.0
57,16,247.0,125.0,122.0
57,17,246.0,125.0,121.0
57,18,245.0,123.38568870724367,121.61431129275633
57,19,244.0,124.15658460589438,119.84341539410562
57,20,243.0,124.25032592702077,118.74967407297923
57,21,242.0,123.95732184237883,118.04267815762117
57,22,241.0,124.77647823428202,116.22352176571798
57,23,240.0,124.36075181072492,115.63924818927508
57,24,239.0,125.0,114.0
57,25,238.0,122.45139261766535,115.54860738233465
57,26,237.0,123.41407903756766,113.58592096243234
57,27,236.0,125.0,111.0
57,28,235.0,124.5549957123176,110.4450042876824
57,29,234.0,123.27570872353594,110.72429127646406
57,30,233.0,123.61398457345688,109.38601542654312
57,31,232.0,123.97435329362548,108.02564670637452
57,32,231.0,123.46250859014663,107.53749140985337
57,33,230.0,120.29704942751471,109.70295057248529
57,34,229.0,117.24834919233004,111.75165080766996
57,35,228.0,122.0418504421355,105.9581495578645
57,36,227.0,121.20785455462665,105.79214544537335
57,37,226.0,122.9131619313108,103.0868380686892
57,38,225.0,123.69179018358844,101.30820981641156
57,39,224.0,122.73575860480439,101.26424139519561
57,40,223.0,122.31416987573475,100.68583012426525
57,41,222.0,122.98604985430438,99.01395014569562
57,42,221.0,121.7456033304363,99.2543966695637
57,43,220.0,119.85581314668642,100.14418685331358
57,44,219.0,121.89136798599066,97.10863201400934
57,45,218.0,119.53246407422343,98.46753592577657
57,46,217.0,119.92133340306096,97.07866659693904
57,47,216.0,119.6281202452673,96.3718797547327
57,48,215.0,119.41822597143997,95.58177402856003
57,49,214.0,120.78290397902265,93.21709602097735
57,50,213.0,121.91783714001403,91.08216285998597
57,51,212.0,119.29417340999335,92.70582659000665
57,52,211.0,122.98343293005587,88.01656706994413
57,53,210.0,122.25446069375074,87.74553930624926
57,54,209.0,123.51360592475459,85.48639407524541
57,55,208.0,122.36482878946975,85.63517121053025
57,56,207.0,123.89740733435994,83.10259266564006
57,57,206.0,124.08600274567237,81.91399725432763
57,58,205.0,125.0,80.0
57,59,204.0,125.0,79.0
57,60,203.0,125.0,78.0
57,61,202.0,125.0,77.0
57,62,201.0,125.0,76.0
57,63,200.0,125.0,75.0
57,64,199.0,123.23336960966175,75.76663039033825
57,65,198.0,122.09721022796262,75.90278977203738
57,66,197.0,122.35932764493309,74.64067235506691
57,67,196.0,124.37004136401865,71.62995863598135
57,68,195.0,122.84575181140256,72.15424818859744
57,69,194.0,123.2236451995228,70.7763548004772
57,70,193.0,122.96198977858046,70.03801022141954
57,71,192.0,124.17659169633507,67.82340830366493
57,72,191.0,123.64978146855407,67.35021853144593
57,73,190.0,124.02127284251192,65.97872715748808
57,74,189.0,124.15854984979997,64.84145015020003
57,75,188.0,123.63578006598986,64.36421993401014
57,76,187.0,123.78353035573181,63.21646964426819
57,77,186.0,123.38514477005123,62.61485522994877
57,78,185.0,121.95068751460374,63.04931248539626
57,79,184.0,123.6607584728427,60.3392415271573
57,80,183.0,123.89661515730609,59.10338484269391
57,81,182.0,124.12455153577235,57.875448464227645
57,82,181.0,123.32909164751551,57.67090835248449
57,83,180.0,123.19456537488665,56.80543462511335
57,84,179.0,124.5125617084582,54.48743829154181
57,85,178.0,125.0,53.0
57,86,177.0,123.41944080767743,53.58055919232257
57,87,176.0,119.67875528517717,56.321244714822825
57,88,175.0,124.71898059440863,50.281019405591366
57,89,174.0,123.67855628693378,50.321443713066216
57,90,173.0,120.68033454444219,52.31966545555781
57,91,172.0,122.42642299356257,49.57357700643743
57,92,171.0,122.14353311044766,48.85646688955234
57,93,170.0,121.44654678175627,48.55345321824373
57,94,169.0,120.9640492562194,48.0359507437806
57,95,168.0,120.35485505638542,47.64514494361458
57,96,167.0,122.36242583414234,44.63757416585766
57,97,166.0,116.36703073761608,49.632969262383924
57,98,165.0,112.7373204953975,52.2626795046025
57,99,164.0,112.20568415255688,51.794315847443116
57,100,163.0,110.7477224159138,52.2522775840862
57,101,162.0,109.84757450147092,52.152425498529084
57,102,161.0,111.69843341247505,49.301566587524945
57,103,160.0,112.22659792691498,47.77340207308502
57,104,159.0,113.8465226486493,45.1534773513507
57,105,158.0,116.0699748105916,41.9300251894084
57,106,157.0,104.6014520891804,52.3985479108196
57,107,156.0,102.33201272757053,53.66798727242947
57,108,155.0,101.64424198852902,53.35575801147098
57,109,154.0,108.50868449207624,45.49131550792376
57,110,153.0,107.0940409520409,45.9059590479591
57,111,152.0,115.80953187382578,36.190468126174224
57,112,151.0,117.69318505131928,33.306814948680724
57,113,150.0,110.47162922300514,39.52837077699486
57,114,149.0,111.66465632069453,37.33534367930547
57,115,148.0,115.12654857779067,32.87345142220933
57,116,147.0,103.44535293242426,43.55464706757574
57,117,146.0,101.08003304446099,44.91996695553901
57,118,145.0,100.06181199249627,44.938188007503726
57,119,144.0,102.98912548475936,41.010874515240644
57,120,143.0,105.6766245298319,37.3233754701681
57,121,142.0,109.65139405447543,32.34860594552457
57,122,141.0,112.69041053916683,28.309589460833166
57,123,140.0,113.45225272784828,26.547747272151724
57,124,139.0,114.33092046105028,24.669079538949717
57,125,138.0,111.86354735598184,26.136452644018163
57,126,137.0,115.99450770689157,21.005492293108432
57,127,136.0,115.46459910417582,20.535400895824182
57,128,135.0,121.8489236712411,13.151076328758904
57,129,134.0,120.32776702017819,13.672232979821814
57,130,133.0,119.03039122672014,13.969608773279859
57,131,132.0,118.2155646275508,13.784435372449195
57,132,131.0,114.52767213792491,16.47232786207509
57,133,130.0,111.14024639859863,18.859753601401366
57,134,129.0,117.09039842428847,11.909601575711534
57,135,128.0,115.83653285032895,12.16346714967105
57,136,127.0,118.09844500768092,8.901554992319078
57,137,126.0,114.12020503100152,11.879794968998482
57,138,125.0,117.47523125398504,7.524768746014956
57,139,124.0,116.01831640779938,7.981683592200625
57,140,123.0,108.88654785323995,14.113452146760054
57,141,122.0,113.3459976625552,8.654002337444794
57,142,121.0,114.48658385063975,6.513416149360253
57,143,120.0,112.71798677860527,7.282013221394735
57,144,119.0,113.85829007188833,5.141709928111666
57,145,118.0,109.58474249171775,8.415257508282252
57,146,117.0,108.68465484256046,8.315345157439538
57,147,116.0,103.94450126914262,12.05549873085738
57,148,115.0,101.58124453808249,13.418755461917513
57,149,114.0,101.4565101197446,12.543489880255393
57,150,113.0,105.51235221650205,7.487647783497948
57,151,112.0,107.92422099689335,4.075779003106646
57,152,111.0,107.77350886589228,3.226491134107718
57,153,110.0,112.37729085966508,-2.377290859665081
57,154,109.0,109.22759927370474,-0.2275992737047403
57,155,108.0,110.86956548937265,-2.869565489372647
57,156,107.0,109.64875679631409,-2.648756796314089
57,157,106.0,105.7256000460428,0.2743999539572002
57,158,105.0,108.3474989125895,-3.3474989125895007
57,159,104.0,98.23509196207856,5.764908037921444
57,160,103.0,99.46676823275011,3.5332317672498874
58,1,212.0,124.98276761727685,87.01723238272315
58,2,211.0,125.0,86.0
58,3,210.0,125.0,85.0
58,4,209.0,125.0,84.0
58,5,208.0,125.0,83.0
58,6,207.0,122.7476976379436,84.2523023620564
58,7,206.0,125.0,81.0
58,8,205.0,123.7712410812658,81.2287589187342
58,9,204.0,122.0330411899698,81.9669588100302
58,10,203.0,112.04312956376661,90.95687043623339
58,11,202.0,117.66663391239541,84.33336608760459
58,12,201.0,119.04574205598053,81.95425794401947
58,13,200.0,118.91944249013397,81.08055750986603
58,14,199.0,120.76000179146102,78.23999820853898
58,15,198.0,122.56719123407132,75.43280876592868
58,16,197.0,119.94935780330135,77.05064219669865
58,17,196.0,111.88138347812357,84.11861652187643
58,18,195.0,120.21177485117174,74.78822514882826
58,19,194.0,112.21858840698805,81.78141159301195
58,20,193.0,122.90698275679529,70.09301724320471
58,21,192.0,121.51907601983605,70.48092398016395
58,22,191.0,119.99418052361338,71.00581947638662
58,23,190.0,122.32632454009357,67.67367545990643
58,24,189.0,114.94449494625924,74.05550505374076
58,25,188.0,123.05175500431956,64.94824499568044
58,26,187.0,109.1611716440226,77.8388283559774
58,27,186.0,123.11835528346138,62.88164471653862
58,28,185.0,121.87381292473523,63.12618707526477
58,29,184.0,124.85614311062145,59.143856889378554
58,30,183.0,122.72055581893638,60.279444181063624
58,31,182.0,125.0,57.0
58,32,181.0,124.2694767066037,56.7305232933963
58,33,180.0,122.55080920848296,57.44919079151704
58,34,179.0,121.92307533614722,57.07692466385278
58,35,178.0,120.49368131110538,57.50631868889462
58,36,177.0,120.12664092316885,56.87335907683115
58,37,176.0,122.33959719269875,53.66040280730125
58,38,175.0,122.80875574594879,52.19124425405121
58,39,174.0,125.0,49.0
58,40,173.0,125.0,48.0
58,41,172.0,122.70002043967627,49.299979560323735
58,42,171.0,125.0,46.0
58,43,170.0,124.53789148034492,45.462108519655075
58,44,169.0,124.37727044710701,44.62272955289299
58,45,168.0,124.51674543897282,43.48325456102718
58,46,167.0,125.0,42.0
58,47,166.0,124.11282754145017,41.88717245854983
58,48,165.0,124.23545101155003,40.764548988449974
58,49,164.0,124.60082749944827,39.39917250055173
58,50,163.0,117.3182895494486,45.68171045055141
58,51,162.0,121.92442921150275,40.075570788497245
58,52,161.0,123.71572175146353,37.28427824853647
58,53,160.0,124.77087272124429,35.22912727875571
58,54,159.0,120.82129058101376,38.178709418986244
58,55,158.0,124.4933719084289,33.5066280915711
58,56,157.0,123.01903669350718,33.980963306492825
58,57,156.0,115.94193165233794,40.05806834766206
58,58,155.0,123.13768867899135,31.862311321008647
58,59,154.0,121.3285244525981,32.6714755474019
58,60,153.0,125.0,28.0
58,61,152.0,124.46848519676922,27.531514803230777
58,62,151.0,124.25375018059187,26.746249819408135
58,63,150.0,122.3718600788559,27.628139921144097
58,64,149.0,125.0,24.0
58,65,148.0,124.5172115342267,23.482788465773297
58,66,147.0,124.52447651333891,22.47552348666109
58,67,146.0,123.75709242380206,22.242907576197936
58,68,145.0,119.7641308702258,25.2358691297742
58,69,144.0,118.35833789957353,25.641662100426473
58,70,143.0,118.71815619085069,24.281843809149308
58,71,142.0,117.84251815877148,24.157481841228517
58,72,141.0,120.08050635581932,20.919493644180676
58,73,140.0,111.70862825114493,28.29137174885507
58,74,139.0,120.72369476420323,18.27630523579677
58,75,138.0,116.55825318724288,21.441746812757117
58,76,137.0,117.1297972539618,19.870202746038203
58,77,136.0,117.77443291252263,18.225567087477373
58,78,135.0,121.42321700625538,13.576782993744615
58,79,134.0,117.184144132295,16.815855867704997
58,80,133.0,115.82369952292404,17.176300477075955
58,81,132.0,118.00988481383943,13.990115186160565
58,82,131.0,117.54194760828487,13.458052391715128
58,83,130.0,115.07786014510856,14.92213985489144
58,84,129.0,111.43754278809716,17.56245721190284
58,85,128.0,108.68338241813716,19.316617581862843
58,86,127.0,106.16096491573916,20.839035084260843
58,87,126.0,102.72015189775932,23.279848102240678
58,88,125.0,104.72139202392171,20.27860797607829
58,89,124.0,116.76173086465438,7.238269135345618
58,90,123.0,115.44120724787734,7.558792752122656
58,91,122.0,107.94127960204935,14.058720397950651
58,92,121.0,111.84061186288548,9.159388137114519
58,93,120.0,115.74253659797104,4.257463402028961
58,94,119.0,109.09703676699411,9.902963233005892
58,95,118.0,112.10737656165168,5.892623438348323
58,96,117.0,115.78633809541368,1.213661904586317
58,97,116.0,103.65392506797797,12.346074932022034
58,98,115.0,107.83011065933759,7.169889340662408
58,99,114.0,108.47769283499052,5.5223071650094795
58,100,113.0,103.15996597747456,9.840034022525444
58,101,112.0,102.10180743226793,9.898192567732067
58,102,111.0,107.56374316052027,3.436256839479725
58,103,110.0,103.14339746838796,6.85660253161204
58,104,109.0,98.91818870673126,10.081811293268743
58,105,108.0,98.17932449087992,9.820675509120079
58,106,107.0,100.43640937605905,6.563590623940954
58,107,106.0,101.36029290663721,4.639707093362787
58,108,105.0,99.27529196565597,5.724708034344033
58,109,104.0,102.158536157699,1.8414638423009961
58,110,103.0,97.63828778678548,5.361712213214517
58,111,102.0,94.64576956267483,7.354230437325171
58,112,101.0,99.92595919577134,1.0740408042286589
58,113,100.0,91.18423650890331,8.815763491096689
58,114,99.0,99.25927341886526,-0.2592734188652628
58,115,98.0,99.82727960082549,-1.8272796008254915
58,116,97.0,104.4374008967433,-7.4374008967432985
58,117,96.0,96.34834341135657,-0.34834341135656643
58,118,95.0,93.29172922473413,1.7082707752658735
58,119,94.0,80.92062151935133,13.079378480648671
58,120,93.0,91.93061977004699,1.069380229953012
58,121,92.0,96.66878601694513,-4.668786016945134
58,122,91.0,84.85743972505034,6.142560274949659
58,123,90.0,91.46385617977336,-1.4638561797733587
58,124,89.0,94.12816091116474,-5.128160911164741
58,125,88.0,95.56503476839045,-7.565034768390447
58,126,87.0,88.8378089519081,-1.8378089519081016
58,127,86.0,89.39036636149561,-3.3903663614956088
58,128,85.0,89.65312419468165,-4.653124194681652
58,129,84.0,85.6250191663527,-1.6250191663527005
58,130,83.0,84.15173728268198,-1.151737282681978
58,131,82.0,81.01787504909976,0.9821249509002428
58,132,81.0,75.72990186319728,5.270098136802716
58,133,80.0,76.44136986584553,3.5586301341544697
58,134,79.0,75.02257402823413,3.977425971765868
58,135,78.0,77.54221814369451,0.4577818563054876
58,136,77.0,72.54598411824634,4.454015881753662
58,137,76.0,80.38792935665907,-4.387929356659072
58,138,75.0,84.30274489095484,-9.302744890954841
58,139,74.0,81.10522068841345,-7.1052206884134534
58,140,73.0,66.31771926411874,6.682280735881264
58,141,72.0,64.84007630831566,7.159923691684341
58,142,71.0,72.95316909103715,-1.9531690910371537
58,143,70.0,67.72962028069999,2.27037971930001
58,144,69.0,63.02079880852326,5.97920119147674
58,145,68.0,66.33526657615404,1.6647334238459592
58,146,67.0,72.55533981121302,-5.555339811213017
58,147,66.0,68.03568125711408,-2.035681257114078
58,148,65.0,63.27122511022419,1.7287748897758135
58,149,64.0,61.63429094523221,2.365709054767791
58,150,63.0,59.442017429252424,3.5579825707475763
58,151,62.0,60.78605085712949,1.2139491428705114
58,152,61.0,60.084705708537925,0.9152942914620752
58,153,60.0,60.425761497783974,-0.42576149778397365
58,154,59.0,58.61470082067243,0.38529917932756774
58,155,58.0,61.031718230655294,-3.0317182306552937
58,156,57.0,56.248557171117675,0.7514428288823254
58,157,56.0,52.29514968157623,3.704850318423773
58,158,55.0,49.99781968856481,5.00218031143519
58,159,54.0,52.06460255483975,1.9353974451602483
58,160,53.0,52.0607660820137,0.9392339179863001
58,161,52.0,48.59875410208148,3.401245897918521
58,162,51.0,50.917294733520166,0.08270526647983445
58,163,50.0,44.187257931512995,5.812742068487005
58,164,49.0,48.71058332151416,0.28941667848584274
58,165,48.0,56.75839717398169,-8.758397173981692
58,166,47.0,49.35377235666125,-2.3537723566612527
58,167,46.0,49.21758710588863,-3.217587105888633
58,168,45.0,44.54409171271338,0.4559082872866185
58,169,44.0,42.87632028313648,1.1236797168635206
58,170,43.0,42.509429591136104,0.4905704088638956
58,171,42.0,41.15372127110101,0.8462787288989873
58,172,41.0,40.644122521370456,0.35587747862954444
58,173,40.0,40.0249498395334,-0.024949839533398688
58,174,39.0,37.47355019420804,1.5264498057919624
58,175,38.0,37.9498245267456,0.05017547325439864
58,176,37.0,38.24170884690277,-1.2417088469027675
59,1,207.0,124.99375786185827,82.00624213814173
59,2,206.0,125.0,81.0
59,3,205.0,121.43268114750425,83.56731885249575
59,4,204.0,122.16480725677718,81.83519274322282
59,5,203.0,124.39554349185119,78.60445650814881
59,6,202.0,125.0,77.0
59,7,201.0,124.16990297532882,76.83009702467118
59,8,200.0,125.0,75.0
59,9,199.0,125.0,74.0
59,10,198.0,125.0,73.0
59,11,197.0,125.0,72.0
59,12,196.0,125.0,71.0
59,13,195.0,125.0,70.0
59,14,194.0,122.13534101802776,71.86465898197224
59,15,193.0,125.0,68.0
59,16,192.0,122.72468845377216,69.27531154622784
59,17,191.0,125.0,66.0
59,18,190.0,125.0,65.0
59,19,189.0,125.0,64.0
59,20,188.0,125.0,63.0
59,21,187.0,125.0,62.0
59,22,186.0,125.0,61.0
59,23,185.0,125.0,60.0
59,24,184.0,120.60933901265587,63.390660987344134
59,25,183.0,123.05980532388033,59.940194676119674
59,26,182.0,119.25688612088562,62.743113879114375
59,27,181.0,119.26013801834382,61.739861981656176
59,28,180.0,122.352138523539,57.647861476461
59,29,179.0,124.21012351514119,54.78987648485881
59,30,178.0,119.80872748968335,58.19127251031665
59,31,177.0,119.6764234695755,57.3235765304245
59,32,176.0,119.9653331325609,56.0346668674391
59,33,175.0,121.43258006162998,53.56741993837002
59,34,174.0,121.44787690593176,52.552123094068236
59,35,173.0,120.75557679846615,52.24442320153385
59,36,172.0,123.91041885797027,48.08958114202973
59,37,171.0,124.6022015316993,46.39779846830071
59,38,170.0,125.0,45.0
59,39,169.0,122.75607531254538,46.24392468745462
59,40,168.0,125.0,43.0
59,41,167.0,124.06185913599234,42.938140864007664
59,42,166.0,124.11366070991849,41.88633929008151
59,43,165.0,123.30593417634483,41.694065823655166
59,44,164.0,125.0,39.0
59,45,163.0,125.0,38.0
59,46,162.0,124.54245593629703,37.45754406370297
59,47,161.0,125.0,36.0
59,48,160.0,125.0,35.0
59,49,159.0,125.0,34.0
59,50,158.0,124.83612790799008,33.163872092009925
59,51,157.0,123.46604651704233,33.53395348295767
59,52,156.0,124.78099893910863,31.219001060891372
59,53,155.0,121.72173562478777,33.27826437521223
59,54,154.0,125.0,29.0
59,55,153.0,124.74848819560327,28.251511804396728
59,56,152.0,123.36206839134142,28.637931608658576
59,57,151.0,124.04725776832494,26.95274223167506
59,58,150.0,124.57038408425247,25.429615915747533
59,59,149.0,122.92126882957996,26.078731170420042
59,60,148.0,121.24819558912606,26.751804410873945
59,61,147.0,123.34812821712006,23.651871782879937
59,62,146.0,120.13182218647519,25.86817781352481
59,63,145.0,121.91068540712133,23.089314592878665
59,64,144.0,121.15359810055602,22.846401899443975
59,65,143.0,120.93348304022619,22.066516959773807
59,66,142.0,121.87190849493695,20.128091505063054
59,67,141.0,122.78579955006992,18.214200449930075
59,68,140.0,124.15907230410748,15.840927695892518
59,69,139.0,124.67720974368471,14.322790256315287
59,70,138.0,125.0,13.0
59,71,137.0,124.8822308207994,12.117769179200593
59,72,136.0,124.76078038659121,11.239219613408792
59,73,135.0,122.1802935835966,12.819706416403406
59,74,134.0,121.19995714829199,12.800042851708014
59,75,133.0,122.45899203196724,10.541007968032758
59,76,132.0,121.36283526343874,10.63716473656126
59,77,131.0,123.1691765095791,7.830823490420897
59,78,130.0,121.90605080314852,8.093949196851483
59,79,129.0,123.59472293841394,5.405277061586062
59,80,128.0,123.218432927555,4.781567072445
59,81,127.0,124.77816267425887,2.2218373257411344
59,82,126.0,123.73615160756596,2.263848392434042
59,83,125.0,119.39032767521272,5.609672324787283
59,84,124.0,122.06486461069603,1.9351353893039658
59,85,123.0,122.29654904698499,0.7034509530150075
59,86,122.0,123.21390276364258,-1.2139027636425794
59,87,121.0,120.90456410116258,0.09543589883742243
59,88,120.0,120.309359121362,-0.30935912136199306
59,89,119.0,117.52574964778321,1.4742503522167851
59,90,118.0,115.29999659670226,2.7000034032977425
59,91,117.0,114.72225895544393,2.277741044556066
59,92,116.0,114.37755672028464,1.6224432797153554
59,93,115.0,107.60266191832264,7.397338081677361
59,94,114.0,112.43630987504635,1.5636901249536521
60,1,246.0,125.0,121.0
60,2,245.0,125.0,120.0
60,3,244.0,125.0,119.0
60,4,243.0,125.0,118.0
60,5,242.0,125.0,117.0
60,6,241.0,122.89852137077065,118.10147862922935
60,7,240.0,124.64646984330892,115.35353015669108
60,8,239.0,125.0,114.0
60,9,238.0,125.0,113.0
60,10,237.0,125.0,112.0
60,11,236.0,124.1868667354692,111.8131332645308
60,12,235.0,124.23388940895828,110.76611059104172
60,13,234.0,125.0,109.0
60,14,233.0,125.0,108.0
60,15,232.0,118.4667186926619,113.5332813073381
60,16,231.0,112.30338915243716,118.69661084756284
60,17,230.0,119.997369878873,110.002630121127
60,18,229.0,106.25237218944824,122.74762781055176
60,19,228.0,115.72576958713654,112.27423041286346
60,20,227.0,118.71591807138877,108.28408192861123
60,21,226.0,118.14403979170045,107.85596020829955
60,22,225.0,121.5863781227338,103.4136218772662
60,23,224.0,118.12693336194747,105.87306663805253
60,24,223.0,110.72433281868513,112.27566718131487
60,25,222.0,119.0378309833705,102.9621690166295
60,26,221.0,121.01157672505619,99.98842327494381
60,27,220.0,113.76112068099273,106.23887931900727
60,28,219.0,113.39717078823529,105.60282921176471
60,29,218.0,110.19661291858145,107.80338708141855
60,30,217.0,115.46994002563956,101.53005997436044
60,31,216.0,118.68375391331831,97.31624608668169
60,32,215.0,120.77356269867077,94.22643730132923
60,33,214.0,120.50446563123282,93.49553436876718
60,34,213.0,122.45059978894214,90.54940021105786
60,35,212.0,123.460362096123,88.539637903877
60,36,211.0,124.85700659110243,86.14299340889757
60,37,210.0,124.43913971081933,85.56086028918067
60,38,209.0,124.95627159475136,84.04372840524864
60,39,208.0,119.7953584226888,88.2046415773112
60,40,207.0,123.86814878186989,83.13185121813011
60,41,206.0,120.69832494433352,85.30167505566648
60,42,205.0,121.25621968710713,83.74378031289287
60,43,204.0,122.70273186829982,81.29726813170018
60,44,203.0,118.8998541284533,84.1001458715467
60,45,202.0,122.68442736218269,79.31557263781731
60,46,201.0,122.96449063346003,78.03550936653997
60,47,200.0,121.70018813588072,78.29981186411928
60,48,199.0,122.1479584786582,76.8520415213418
60,49,198.0,124.53920413897508,73.46079586102492
60,50,197.0,123.93960588799179,73.06039411200821
60,51,196.0,124.33479650557078,71.66520349442922
60,52,195.0,118.22982129858362,76.77017870141638
60,53,194.0,120.80977987136994,73.19022012863006
60,54,193.0,116.82140916246219,76.17859083753781
60,55,192.0,122.13564537569499,69.86435462430501
60,56,191.0,123.70767400355369,67.29232599644631
60,57,190.0,124.49913051310715,65.50086948689285
60,58,189.0,123.84644890757521,65.15355109242479
60,59,188.0,125.0,63.0
60,60,187.0,122.5291864585243,64.4708135414757
60,61,186.0,122.56454967154014,63.435450328459865
60,62,185.0,124.41098501570589,60.58901498429411
60,63,184.0,125.0,59.0
60,64,183.0,125.0,58.0
60,65,182.0,124.822699997355,57.177300002645
60,66,181.0,125.0,56.0
60,67,180.0,122.8935730619838,57.1064269380162
60,68,179.0,124.27219523166447,54.72780476833553
60,69,178.0,125.0,53.0
60,70,177.0,122.21651657915307,54.783483420846935
60,71,176.0,124.40771516926901,51.59228483073099
60,72,175.0,122.25213653266526,52.74786346733474
60,73,174.0,118.29859487149466,55.70140512850534
60,74,173.0,119.44641580316296,53.553584196837036
60,75,172.0,118.65171542080498,53.348284579195024
60,76,171.0,119.1928226835013,51.807177316498695
60,77,170.0,116.52214075689906,53.47785924310094
60,78,169.0,119.01037850280403,49.98962149719597
60,79,168.0,116.4606149982293,51.5393850017707
60,80,167.0,118.4796425995116,48.52035740048839
60,81,166.0,118.67037407615311,47.32962592384689
60,82,165.0,120.85411940459196,44.145880595408045
60,83,164.0,120.82710652175797,43.17289347824203
60,84,163.0,123.38513124013112,39.614868759868884
60,85,162.0,124.0322839536691,37.96771604633091
60,86,161.0,122.19204732791631,38.80795267208369
60,87,160.0,124.6530484996308,35.3469515003692
60,88,159.0,124.76039764317795,34.23960235682205
60,89,158.0,125.0,33.0
60,90,157.0,123.13244120244535,33.86755879755465
60,91,156.0,124.4508878968734,31.549112103126603
60,92,155.0,122.71488393641768,32.28511606358232
60,93,154.0,120.75581779421864,33.24418220578136
60,94,153.0,122.020959251801,30.979040748198997
60,95,152.0,119.47296791053245,32.52703208946755
60,96,151.0,115.8298398943103,35.1701601056897
60,97,150.0,115.30892033366972,34.69107966633028
60,98,149.0,120.57703437993776,28.422965620062243
60,99,148.0,118.49154951046316,29.50845048953684
60,100,147.0,116.58550320520584,30.41449679479416
60,101,146.0,115.37673324818327,30.62326675181673
60,102,145.0,110.8104994803221,34.18950051967791
60,103,144.0,116.48036668133561,27.51963331866439
60,104,143.0,110.06604810713809,32.93395189286191
60,105,142.0,106.26780546333352,35.73219453666648
60,106,141.0,109.92204738297305,31.077952617026952
60,107,140.0,101.81669968367723,38.18330031632277
60,108,139.0,98.60184741146992,40.39815258853008
60,109,138.0,100.13379660342584,37.866203396574164
60,110,137.0,96.89232460141035,40.10767539858965
60,111,136.0,97.357188915269,38.642811084730994
60,112,135.0,101.69826020133432,33.30173979866568
60,113,134.0,106.21296722155606,27.787032778443944
60,114,133.0,99.55841333418036,33.44158666581964
60,115,132.0,105.54010570034572,26.45989429965428
60,116,131.0,107.00840603683622,23.99159396316378
60,117,130.0,101.80289711213682,28.19710288786318
60,118,129.0,106.82876086973327,22.171239130266727
60,119,128.0,109.02556575400575,18.974434245994246
60,120,127.0,112.13614227368674,14.863857726313256
60,121,126.0,110.29246190164243,15.707538098357574
60,122,125.0,98.87938635624322,26.120613643756784
60,123,124.0,92.46439847088938,31.53560152911062
60,124,123.0,95.24762234977815,27.752377650221845
60,125,122.0,88.09487326814603,33.90512673185397
60,126,121.0,91.40736287523929,29.592637124760714
60,127,120.0,82.01880270395854,37.98119729604146
60,128,119.0,90.5222459053577,28.477754094642293
60,129,118.0,92.52284914818746,25.47715085181254
60,130,117.0,90.8191481726476,26.1808518273524
60,131,116.0,87.14696697777539,28.853033022224608
60,132,115.0,88.04351605121255,26.95648394878745
60,133,114.0,87.78114261389685,26.218857386103153
60,134,113.0,88.05193475654978,24.948065243450216
60,135,112.0,91.10016566797295,20.899834332027055
60,136,111.0,97.60873873624993,13.391261263750067
60,137,110.0,96.60951302112574,13.390486978874264
60,138,109.0,92.28566162117261,16.714338378827392
60,139,108.0,95.13830056216413,12.861699437835867
60,140,107.0,98.55698661181208,8.443013388187921
60,141,106.0,97.01174046738309,8.988259532616908
60,142,105.0,104.19451745996861,0.8054825400313916
60,143,104.0,103.71283207706901,0.28716792293099047
60,144,103.0,103.26127723839632,-0.26127723839631756
60,145,102.0,103.76162891429558,-1.761628914295585
60,146,101.0,103.51763811033967,-2.517638110339675
60,147,100.0,105.22369768831872,-5.2236976883187225
61,1,179.0,124.75012956647309,54.24987043352691
61,2,178.0,125.0,53.0
61,3,177.0,125.0,52.0
61,4,176.0,125.0,51.0
61,5,175.0,125.0,50.0
61,6,174.0,125.0,49.0
61,7,173.0,125.0,48.0
61,8,172.0,125.0,47.0
61,9,171.0,125.0,46.0
61,10,170.0,125.0,45.0
61,11,169.0,125.0,44.0
61,12,168.0,125.0,43.0
61,13,167.0,125.0,42.0
61,14,166.0,125.0,41.0
61,15,165.0,124.35771414735036,40.642285852649636
61,16,164.0,125.0,39.0
61,17,163.0,123.78154605836671,39.218453941633285
61,18,162.0,124.52704393094547,37.47295606905453
61,19,161.0,124.14251963336218,36.857480366637816
61,20,160.0,121.52725158245026,38.47274841754974
61,21,159.0,117.55251024138104,41.44748975861896
61,22,158.0,119.16695016862535,38.83304983137465
61,23,157.0,119.2035540831955,37.7964459168045
61,24,156.0,121.58693562306576,34.413064376934244
61,25,155.0,119.68462800364307,35.31537199635693
61,26,154.0,117.78862991766715,36.21137008233285
61,27,153.0,120.26635814797098,32.733641852029024
61,28,152.0,120.98275577490534,31.017244225094657
61,29,151.0,117.02374259993302,33.976257400066984
61,30,150.0,117.73330736641344,32.26669263358656
61,31,149.0,119.55158535750687,29.448414642493134
61,32,148.0,119.07370012290585,28.926299877094152
61,33,147.0,120.54591987271105,26.454080127288947
61,34,146.0,120.43601793076868,25.563982069231315
61,35,145.0,120.24222450245718,24.757775497542823
61,36,144.0,117.78241456505268,26.217585434947324
61,37,143.0,119.03906440768051,23.960935592319487
61,38,142.0,119.71105757380374,22.288942426196257
61,39,141.0,121.39566163253467,19.60433836746533
61,40,140.0,122.28493478820859,17.715065211791412
61,41,139.0,122.56921907598749,16.43078092401251
61,42,138.0,124.3666688938508,13.6333311061492
61,43,137.0,123.11317204334775,13.886827956652255
61,44,136.0,121.6969123649645,14.303087635035496
61,45,135.0,122.11100489100352,12.888995108996482
61,46,134.0,120.41143257183002,13.58856742816998
61,47,133.0,119.79610932016554,13.203890679834458
61,48,132.0,119.0297632692465,12.970236730753498
61,49,131.0,120.68797649650105,10.31202350349895
61,50,130.0,118.12668418509037,11.873315814909631
61,51,129.0,116.53339376020901,12.466606239790991
61,52,128.0,119.92741849172302,8.072581508276983
61,53,127.0,118.26937526297306,8.730624737026943
61,54,126.0,116.80572834629746,9.194271653702543
61,55,125.0,118.05471663956875,6.945283360431247
61,56,124.0,117.25045926646845,6.749540733531546
61,57,123.0,118.38149835621275,4.618501643787255
61,58,122.0,117.71337902566125,4.286620974338746
61,59,121.0,115.87874436048031,5.121255639519688
61,60,120.0,115.54279216356052,4.45720783643948
61,61,119.0,117.77163854969876,1.228361450301236
61,62,118.0,116.14328458212545,1.856715417874554
61,63,117.0,115.47320429434501,1.5267957056549903
61,64,116.0,115.91375715636414,0.08624284363585843
61,65,115.0,116.36643559526676,-1.3664355952667648
61,66,114.0,113.6107260406903,0.38927395930970476
61,67,113.0,115.93202352735918,-2.9320235273591777
61,68,112.0,115.27395123435063,-3.2739512343506334
61,69,111.0,115.43760107714832,-4.437601077148315
61,70,110.0,112.07675391470987,-2.076753914709869
61,71,109.0,111.69593111100417,-2.695931111004171
61,72,108.0,111.9682084817202,-3.968208481720197
61,73,107.0,112.42868905015263,-5.428689050152627
61,74,106.0,113.40262045930292,-7.4026204593029235
61,75,105.0,113.24511685902938,-8.24511685902938
61,76,104.0,108.46554168740992,-4.4655416874099245
61,77,103.0,113.16794664675123,-10.167946646751233
61,78,102.0,107.66884422260524,-5.6688442226052445
61,79,101.0,107.09800367292756,-6.098003672927561
61,80,100.0,104.50199787105288,-4.501997871052879
61,81,99.0,109.12120172438787,-10.121201724387873
61,82,98.0,105.07349883956871,-7.073498839568714
61,83,97.0,103.4386938345201,-6.438693834520095
61,84,96.0,99.04153569178138,-3.0415356917813767
61,85,95.0,97.92966715946106,-2.9296671594610615
61,86,94.0,100.95564104657879,-6.955641046578791
61,87,93.0,87.34718408382804,5.65281591617196
61,88,92.0,96.0319273828582,-4.0319273828582
61,89,91.0,81.54764118961218,9.452358810387821
61,90,90.0,89.86184633043743,0.1381536695625698
61,91,89.0,99.01736331002434,-10.017363310024336
61,92,88.0,94.47162106301214,-6.471621063012137
61,93,87.0,97.41643480475096,-10.416434804750963
61,94,86.0,90.16995229791644,-4.1699522979164385
61,95,85.0,95.82641028675542,-10.826410286755419
61,96,84.0,94.2482325826394,-10.248232582639403
61,97,83.0,90.38006268306923,-7.380062683069227
61,98,82.0,91.4952494035162,-9.495249403516198
61,99,81.0,92.7344372537502,-11.734437253750201
61,100,80.0,87.85772221055865,-7.857722210558649
61,101,79.0,96.72840177908223,-17.728401779082233
61,102,78.0,89.287799782191,-11.287799782191001
61,103,77.0,86.89122074579673,-9.89122074579673
61,104,76.0,70.81828969015773,5.181710309842273
61,105,75.0,68.75240029519514,6.2475997048048555
61,106,74.0,90.32812543517433,-16.32812543517433
61,107,73.0,66.46068779417212,6.539312205827883
61,108,72.0,72.57251201712852,-0.572512017128517
61,109,71.0,73.16571032214051,-2.1657103221405123
61,110,70.0,77.20874829096908,-7.208748290969083
61,111,69.0,73.65381259873621,-4.653812598736209
61,112,68.0,69.79132229746959,-1.7913222974695913
61,113,67.0,62.12867304878988,4.871326951210122
61,114,66.0,59.53011546045209,6.4698845395479125
61,115,65.0,60.777855974260795,4.222144025739205
61,116,64.0,64.6577066072383,-0.6577066072382962
61,117,63.0,62.10814570037173,0.891854299628271
61,118,62.0,58.72592399868343,3.2740760013165726
61,119,61.0,49.270870285836104,11.729129714163896
61,120,60.0,49.83583087428267,10.16416912571733
61,121,59.0,52.889257832960254,6.110742167039746
61,122,58.0,45.473567952580055,12.526432047419945
61,123,57.0,51.13643026156615,5.863569738433853
61,124,56.0,43.59845400267931,12.401545997320689
61,125,55.0,49.811662121227585,5.1883378787724155
61,126,54.0,47.429767238032014,6.570232761967986
61,127,53.0,44.2308178675694,8.7691821324306
61,128,52.0,43.111390058663005,8.888609941336995
61,129,51.0,46.99772074377783,4.002279256222167
61,130,50.0,44.88908825415053,5.110911745849471
61,131,49.0,43.62386712901041,5.3761328709895935
61,132,48.0,47.942751426374976,0.057248573625024335
61,133,47.0,57.388735368014075,-10.388735368014075
61,134,46.0,44.006746676311295,1.9932533236887053
61,135,45.0,40.21132685655037,4.788673143449628
61,136,44.0,42.44453356959485,1.555466430405147
61,137,43.0,46.833539192530495,-3.8335391925304947
61,138,42.0,45.30260667585796,-3.302606675857959
61,139,41.0,40.772620529951624,0.22737947004837622
61,140,40.0,42.124465735392015,-2.1244657353920147
61,141,39.0,42.37291253632471,-3.372912536324712
61,142,38.0,45.2261137360143,-7.226113736014298
61,143,37.0,40.465591702182714,-3.4655917021827136
61,144,36.0,37.158556474562175,-1.1585564745621753
61,145,35.0,36.627910334360095,-1.6279103343600951
61,146,34.0,37.26274470778349,-3.26274470778349
61,147,33.0,36.31036937054999,-3.310369370549992
61,148,32.0,34.069146978605644,-2.0691469786056444
61,149,31.0,32.61533288227813,-1.6153328822781319
61,150,30.0,30.65607383707181,-0.6560738370718084
61,151,29.0,29.905313719764006,-0.9053137197640062
61,152,28.0,28.209091188788168,-0.20909118878816813
61,153,27.0,28.95931279270571,-1.9593127927057097
61,154,26.0,31.111922061826,-5.111922061826
61,155,25.0,30.459308594725883,-5.459308594725883
61,156,24.0,27.327861765946864,-3.3278617659468637
61,157,23.0,25.912783194600834,-2.9127831946008342
61,158,22.0,24.30455050922646,-2.304550509226459
61,159,21.0,23.786868236230443,-2.7868682362304433
62,1,285.0,124.7309069794323,160.2690930205677
62,2,284.0,123.61534259111174,160.38465740888824
62,3,283.0,124.59780056132381,158.40219943867618
62,4,282.0,125.0,157.0
62,5,281.0,125.0,156.0
62,6,280.0,125.0,155.0
62,7,279.0,125.0,154.0
62,8,278.0,125.0,153.0
62,9,277.0,125.0,152.0
62,10,276.0,125.0,151.0
62,11,275.0,125.0,150.0
62,12,274.0,124.9112089114881,149.0887910885119
62,13,273.0,125.0,148.0
62,14,272.0,125.0,147.0
62,15,271.0,124.1844462339976,146.81555376600238
62,16,270.0,125.0,145.0
62,17,269.0,125.0,144.0
62,18,268.0,125.0,143.0
62,19,267.0,125.0,142.0
62,20,266.0,125.0,141.0
62,21,265.0,125.0,140.0
62,22,264.0,125.0,139.0
62,23,263.0,125.0,138.0
62,24,262.0,124.56585248397492,137.43414751602506
62,25,261.0,125.0,136.0
62,26,260.0,125.0,135.0
62,27,259.0,124.60172198639326,134.39827801360673
62,28,258.0,125.0,133.0
62,29,257.0,124.6049570180522,132.3950429819478
62,30,256.0,124.86871856907796,131.13128143092206
62,31,255.0,124.54807309612677,130.45192690387324
62,32,254.0,122.75148984196679,131.2485101580332
62,33,253.0,122.27454608647396,130.72545391352605
62,34,252.0,121.71571022289824,130.28428977710178
62,35,251.0,121.96080516961301,129.03919483038698
62,36,250.0,121.49169087017087,128.50830912982912
62,37,249.0,122.17887695714253,126.82112304285747
62,38,248.0,120.68633192090614,127.31366807909386
62,39,247.0,121.85768743769844,125.14231256230156
62,40,246.0,121.18618792889119,124.81381207110881
62,41,245.0,122.51385837765666,122.48614162234334
62,42,244.0,122.66771761430542,121.33228238569458
62,43,243.0,123.65478315229284,119.34521684770716
62,44,242.0,121.32663578299663,120.67336421700337
62,45,241.0,122.55722647192559,118.44277352807441
62,46,240.0,122.22055439245071,117.77944560754929
62,47,239.0,123.30790350501435,115.69209649498565
62,48,238.0,122.95609167451876,115.04390832548124
62,49,237.0,123.48830882141506,113.51169117858494
62,50,236.0,123.4849309450101,112.5150690549899
62,51,235.0,123.87578354163894,111.12421645836106
62,52,234.0,124.4421930880627,109.5578069119373
62,53,233.0,124.44964697994003,108.55035302005997
62,54,232.0,124.06021900379326,107.93978099620674
62,55,231.0,124.24457778316717,106.75542221683283
62,56,230.0,123.62950319589645,106.37049680410355
62,57,229.0,124.0116485844927,104.9883514155073
62,58,228.0,123.79918083430391,104.20081916569609
62,59,227.0,123.73475562788302,103.26524437211698
62,60,226.0,123.88544226428994,102.11455773571006
62,61,225.0,123.5487203378415,101.4512796621585
62,62,224.0,123.5477353659716,100.4522646340284
62,63,223.0,123.75839186930281,99.24160813069719
62,64,222.0,123.6100144008272,98.3899855991728
62,65,221.0,124.0395095830202,96.9604904169798
62,66,220.0,124.25320882317905,95.74679117682095
62,67,219.0,124.24193673005546,94.75806326994454
62,68,218.0,124.18630063977422,93.81369936022578
62,69,217.0,124.49625689191033,92.50374310808967
62,70,216.0,124.73742717419242,91.26257282580758
62,71,215.0,124.5578502985826,90.4421497014174
62,72,214.0,125.0,89.0
62,73,213.0,124.74162001531298,88.25837998468702
62,74,212.0,124.8995400970598,87.1004599029402
62,75,211.0,125.0,86.0
62,76,210.0,124.72324039353832,85.27675960646168
62,77,209.0,125.0,84.0
62,78,208.0,125.0,83.0
62,79,207.0,125.0,82.0
62,80,206.0,125.0,81.0
62,81,205.0,125.0,80.0
62,82,204.0,125.0,79.0
62,83,203.0,125.0,78.0
62,84,202.0,125.0,77.0
62,85,201.0,125.0,76.0
62,86,200.0,125.0,75.0
62,87,199.0,125.0,74.0
62,88,198.0,125.0,73.0
62,89,197.0,125.0,72.0
62,90,196.0,125.0,71.0
62,91,195.0,125.0,70.0
62,92,194.0,125.0,69.0
62,93,193.0,125.0,68.0
62,94,192.0,125.0,67.0
62,95,191.0,125.0,66.0
62,96,190.0,124.55676051380588,65.44323948619412
62,97,189.0,125.0,64.0
62,98,188.0,125.0,63.0
62,99,187.0,125.0,62.0
62,100,186.0,125.0,61.0
62,101,185.0,125.0,60.0
62,102,184.0,124.97222845772008,59.02777154227992
62,103,183.0,125.0,58.0
62,104,182.0,125.0,57.0
62,105,181.0,125.0,56.0
62,106,180.0,125.0,55.0
62,107,179.0,124.8591812708146,54.1408187291854
62,108,178.0,125.0,53.0
62,109,177.0,124.60193684447354,52.39806315552646
62,110,176.0,124.76628393724923,51.23371606275077
62,111,175.0,124.24550244785283,50.75449755214717
62,112,174.0,124.52040574574748,49.47959425425252
62,113,173.0,123.84881963093719,49.151180369062814
62,114,172.0,120.9834300227256,51.0165699772744
62,115,171.0,122.16470895261111,48.83529104738889
62,116,170.0,121.76623693783593,48.23376306216407
62,117,169.0,121.63288407625893,47.36711592374107
62,118,168.0,119.38765481472726,48.612345185272744
62,119,167.0,120.87999852235099,46.12000147764901
62,120,166.0,122.73174356374429,43.26825643625571
62,121,165.0,124.28096564041918,40.71903435958082
62,122,164.0,123.8711000531256,40.1288999468744
62,123,163.0,123.71902750461203,39.28097249538797
62,124,162.0,124.4002332487189,37.599766751281095
62,125,161.0,125.0,36.0
62,126,160.0,123.30106380188127,36.69893619811873
62,127,159.0,123.33443082687893,35.66556917312107
62,128,158.0,122.65626430245153,35.34373569754847
62,129,157.0,124.89548482929368,32.10451517070632
62,130,156.0,125.0,31.0
62,131,155.0,125.0,30.0
62,132,154.0,124.49903566516332,29.50096433483668
62,133,153.0,124.3318471038293,28.668152896170696
62,134,152.0,124.74252504364127,27.257474956358735
62,135,151.0,125.0,26.0
62,136,150.0,125.0,25.0
62,137,149.0,125.0,24.0
62,138,148.0,124.57693124221998,23.423068757780015
62,139,147.0,124.02848449771592,22.971515502284078
62,140,146.0,124.30998266526574,21.690017334734264
62,141,145.0,125.0,20.0
62,142,144.0,125.0,19.0
62,143,143.0,124.29340726481259,18.706592735187414
62,144,142.0,123.97160596118631,18.028394038813687
62,145,141.0,124.09597534220327,16.904024657796725
62,146,140.0,123.62031942647698,16.379680573523018
62,147,139.0,123.05104638157947,15.948953618420532
62,148,138.0,123.62979465322022,14.370205346779784
62,149,137.0,123.44879088641243,13.551209113587575
62,150,136.0,123.14465259336856,12.855347406631438
62,151,135.0,124.31388903507585,10.686110964924154
62,152,134.0,121.1366068415726,12.8633931584274
62,153,133.0,121.77912580815928,11.220874191840721
62,154,132.0,112.91617493705766,19.08382506294234
62,155,131.0,114.1253863691326,16.8746136308674
62,156,130.0,112.80632553988625,17.193674460113755
62,157,129.0,111.0900875129069,17.909912487093095
62,158,128.0,114.1206420214942,13.879357978505794
62,159,127.0,111.50048003930331,15.499519960696688
62,160,126.0,110.3245034760403,15.675496523959694
62,161,125.0,98.52670258986039,26.473297410139608
62,162,124.0,101.9512544120949,22.048745587905103
62,163,123.0,96.74604379057018,26.253956209429816
62,164,122.0,105.49791449854447,16.502085501455525
62,165,121.0,104.59881033598413,16.401189664015874
62,166,120.0,104.84912834668964,15.150871653310361
62,167,119.0,95.70309608343788,23.296903916562115
62,168,118.0,100.11151198967451,17.88848801032549
62,169,117.0,94.52706491444233,22.472935085557666
62,170,116.0,94.66647350165277,21.333526498347226
62,171,115.0,94.75037373983174,20.249626260168256
62,172,114.0,94.1594281775497,19.8405718224503
62,173,113.0,96.69458825309489,16.305411746905108
62,174,112.0,94.53850504481153,17.46149495518847
62,175,111.0,91.30451811775457,19.69548188224543
62,176,110.0,93.01959740988538,16.980402590114622
62,177,109.0,94.6700361346066,14.329963865393395
62,178,108.0,98.82245471979716,9.177545280202835
62,179,107.0,94.71982544236882,12.280174557631184
62,180,106.0,90.14351637017786,15.856483629822137
62,181,105.0,92.06611065391056,12.933889346089444
62,182,104.0,95.74680305758771,8.253196942412288
62,183,103.0,94.04871710131361,8.951282898686387
62,184,102.0,84.2966705525777,17.703329447422306
62,185,101.0,88.89917175710255,12.10082824289745
62,186,100.0,82.05379492264719,17.946205077352815
62,187,99.0,86.98740172680371,12.01259827319629
62,188,98.0,84.67805696851185,13.321943031488146
62,189,97.0,79.03689059724222,17.96310940275778
62,190,96.0,81.0385573302899,14.961442669710095
62,191,95.0,77.24669006056855,17.753309939431446
62,192,94.0,77.63968754643398,16.360312453566024
62,193,93.0,75.75519086849928,17.244809131500716
62,194,92.0,79.34765297215264,12.652347027847355
62,195,91.0,76.40350172552925,14.596498274470747
62,196,90.0,76.59730613544383,13.40269386455617
62,197,89.0,73.79738816197697,15.202611838023032
62,198,88.0,72.45435780933136,15.545642190668644
62,199,87.0,70.58648092620733,16.41351907379267
62,200,86.0,73.1145773446697,12.885422655330302
62,201,85.0,74.2873915229583,10.712608477041698
62,202,84.0,73.53465330142443,10.465346698575573
62,203,83.0,71.16236811302198,11.837631886978016
62,204,82.0,73.00437873144193,8.995621268558068
62,205,81.0,73.15805634540102,7.841943654598978
62,206,80.0,73.60509084739041,6.394909152609586
62,207,79.0,71.18688920430974,7.813110795690264
62,208,78.0,70.83020155092514,7.169798449074861
62,209,77.0,70.7437740950826,6.2562259049174
62,210,76.0,65.21159627172985,10.788403728270154
62,211,75.0,64.52462591744039,10.475374082559611
62,212,74.0,67.44687860485489,6.553121395145112
62,213,73.0,61.49269600505635,11.507303994943648
62,214,72.0,61.12049668514877,10.879503314851227
62,215,71.0,60.71904877610929,10.28095122389071
62,216,70.0,63.70147126065761,6.298528739342387
62,217,69.0,67.074872331002,1.9251276689980017
62,218,68.0,59.10865998663739,8.891340013362608
62,219,67.0,60.64739229753059,6.352607702469413
62,220,66.0,64.59353747895896,1.4064625210410355
62,221,65.0,57.227044824165574,7.772955175834426
62,222,64.0,62.48466925181861,1.5153307481813911
62,223,63.0,60.75853592118269,2.241464078817309
62,224,62.0,58.78497598945236,3.215024010547637
62,225,61.0,56.10263879146761,4.897361208532388
62,226,60.0,62.22245975927949,-2.222459759279488
62,227,59.0,63.3799975432349,-4.3799975432349
62,228,58.0,60.71276647668568,-2.7127664766856796
62,229,57.0,60.71742429806992,-3.717424298069922
62,230,56.0,55.89530093420941,0.10469906579059085
62,231,55.0,51.17698788098982,3.82301211901018
62,232,54.0,52.12119687599551,1.8788031240044916
63,1,226.0,124.54631413946373,101.45368586053627
63,2,225.0,124.54728465835242,100.45271534164758
63,3,224.0,125.0,99.0
63,4,223.0,125.0,98.0
63,5,222.0,125.0,97.0
63,6,221.0,125.0,96.0
63,7,220.0,125.0,95.0
63,8,219.0,124.26381268820444,94.73618731179556
63,9,218.0,124.35088573556914,93.64911426443086
63,10,217.0,124.69688708152418,92.30311291847582
63,11,216.0,124.30234275344124,91.69765724655876
63,12,215.0,124.85652325710556,90.14347674289444
63,13,214.0,125.0,89.0
63,14,213.0,125.0,88.0
63,15,212.0,125.0,87.0
63,16,211.0,125.0,86.0
63,17,210.0,125.0,85.0
63,18,209.0,124.2900721901524,84.7099278098476
63,19,208.0,125.0,83.0
63,20,207.0,125.0,82.0
63,21,206.0,124.62725608180158,81.37274391819842
63,22,205.0,124.65787835402742,80.34212164597258
63,23,204.0,123.26506636423338,80.73493363576662
63,24,203.0,124.95879310962661,78.04120689037339
63,25,202.0,123.88869485186886,78.11130514813114
63,26,201.0,124.75922172491823,76.24077827508177
63,27,200.0,123.94162935531543,76.05837064468457
63,28,199.0,124.84800421442831,74.15199578557169
63,29,198.0,124.86638620404808,73.13361379595192
63,30,197.0,124.04077129408569,72.95922870591431
63,31,196.0,124.00252972863403,71.99747027136597
63,32,195.0,123.8385456818681,71.1614543181319
63,33,194.0,124.68046392269562,69.31953607730438
63,34,193.0,123.97807099854487,69.02192900145513
63,35,192.0,123.44170439441027,68.55829560558973
63,36,191.0,123.3574441512268,67.6425558487732
63,37,190.0,123.47431550173536,66.52568449826464
63,38,189.0,122.73872406947928,66.26127593052072
63,39,188.0,123.30804139614985,64.69195860385015
63,40,187.0,123.33991933038362,63.66008066961638
63,41,186.0,123.23657052727506,62.76342947272494
63,42,185.0,124.57693848527774,60.423061514722264
63,43,184.0,124.97254568740445,59.02745431259555
63,44,183.0,124.44350930442842,58.55649069557158
63,45,182.0,124.75787244033582,57.24212755966418
63,46,181.0,124.71039003028272,56.289609969717276
63,47,180.0,124.79767343943989,55.20232656056011
63,48,179.0,124.95948276790048,54.04051723209952
63,49,178.0,124.69710886659794,53.302891133402056
63,50,177.0,125.0,52.0
63,51,176.0,125.0,51.0
63,52,175.0,125.0,50.0
63,53,174.0,124.31499133754087,49.685008662459126
63,54,173.0,122.40592425381904,50.59407574618096
63,55,172.0,120.53971307713554,51.460286922864455
63,56,171.0,119.44550969332218,51.55449030667782
63,57,170.0,120.06613073627472,49.933869263725285
63,58,169.0,120.98809158643006,48.01190841356994
63,59,168.0,117.93577731700421,50.06422268299579
63,60,167.0,123.45374936900723,43.54625063099277
63,61,166.0,125.0,41.0
63,62,165.0,125.0,40.0
63,63,164.0,124.5156325576251,39.484367442374904
63,64,163.0,124.1029929095089,38.8970070904911
63,65,162.0,124.95065567507253,37.049344324927475
63,66,161.0,124.66090991347238,36.33909008652762
63,67,160.0,123.10996427136476,36.89003572863524
63,68,159.0,124.25857884317625,34.74142115682375
63,69,158.0,122.59580422389473,35.40419577610527
63,70,157.0,122.7393340953498,34.260665904650196
63,71,156.0,123.06053797042875,32.939462029571246
63,72,155.0,123.0504293362887,31.9495706637113
63,73,154.0,125.0,29.0
63,74,153.0,124.84071449281001,28.159285507189992
63,75,152.0,123.26990837430772,28.730091625692282
63,76,151.0,119.78018583779537,31.219814162204628
63,77,150.0,114.74877517072994,35.25122482927006
63,78,149.0,119.95991661343201,29.040083386567986
63,79,148.0,115.92930851353354,32.07069148646646
63,80,147.0,117.01443830317575,29.98556169682425
63,81,146.0,115.4598013410897,30.5401986589103
63,82,145.0,120.32178307572146,24.678216924278544
63,83,144.0,118.46698427121436,25.533015728785642
63,84,143.0,122.04351186382424,20.956488136175764
63,85,142.0,121.02237540101396,20.97762459898604
63,86,141.0,120.24982470395935,20.750175296040652
63,87,140.0,121.19038260583768,18.809617394162316
63,88,139.0,119.8209525069526,19.179047493047406
63,89,138.0,119.9581586442901,18.041841355709906
63,90,137.0,111.45762356243208,25.542376437567924
63,91,136.0,109.58275080289106,26.417249197108944
63,92,135.0,114.66545780897425,20.334542191025747
63,93,134.0,117.02304487613836,16.976955123861643
63,94,133.0,117.87090716213042,15.129092837869578
63,95,132.0,108.06564834324293,23.934351656757073
63,96,131.0,112.01109731451886,18.988902685481136
63,97,130.0,113.33170450654484,16.66829549345516
63,98,129.0,115.61223475362026,13.387765246379743
63,99,128.0,114.3026701149993,13.697329885000698
63,100,127.0,110.2460792554301,16.753920744569896
63,101,126.0,114.6605540729766,11.339445927023405
63,102,125.0,116.6756832281006,8.324316771899404
63,103,124.0,115.86990440571623,8.130095594283773
63,104,123.0,114.16738529792033,8.832614702079667
63,105,122.0,113.1302431332827,8.869756866717296
63,106,121.0,113.91115135492613,7.088848645073867
63,107,120.0,117.54410843067656,2.455891569323441
63,108,119.0,117.85511690476152,1.1448830952384839
63,109,118.0,118.8961142679957,-0.8961142679956993
63,110,117.0,115.01069472428334,1.98930527571666
63,111,116.0,119.08578492844451,-3.085784928444511
63,112,115.0,120.52040595567371,-5.520405955673709
63,113,114.0,121.76967675670156,-7.769676756701557
63,114,113.0,122.76802668807765,-9.768026688077654
63,115,112.0,121.24756189657165,-9.247561896571654
63,116,111.0,121.28559755936759,-10.285597559367588
63,117,110.0,123.42395969360571,-13.42395969360571
63,118,109.0,120.68245751775852,-11.682457517758522
63,119,108.0,123.08667083441661,-15.086670834416608
63,120,107.0,119.17963948712635,-12.179639487126352
63,121,106.0,114.06331025627127,-8.063310256271265
63,122,105.0,116.7901627769877,-11.7901627769877
63,123,104.0,118.38305332034497,-14.38305332034497
63,124,103.0,121.90406767574302,-18.904067675743022
63,125,102.0,117.05899582602314,-15.058995826023136
63,126,101.0,113.94251322771018,-12.94251322771018
63,127,100.0,109.09520003556753,-9.09520003556753
63,128,99.0,111.33356309042567,-12.33356309042567
63,129,98.0,110.10701677223418,-12.107016772234175
63,130,97.0,102.97786531137028,-5.97786531137028
63,131,96.0,97.9931431025617,-1.993143102561703
63,132,95.0,116.76981612077364,-21.76981612077364
63,133,94.0,108.71827878222253,-14.718278782222527
63,134,93.0,117.87705452234331,-24.877054522343315
63,135,92.0,109.28987393146039,-17.28987393146039
63,136,91.0,100.81863088508898,-9.818630885088979
63,137,90.0,96.24497062221289,-6.24497062221289
63,138,89.0,104.72411743406523,-15.724117434065235
63,139,88.0,92.8630084301001,-4.863008430100095
63,140,87.0,84.0087102506613,2.991289749338705
63,141,86.0,92.49421682636581,-6.494216826365815
63,142,85.0,79.85808325913926,5.1419167408607365
63,143,84.0,80.68160752082457,3.3183924791754293
63,144,83.0,76.53089699878511,6.46910300121489
63,145,82.0,74.72749175521979,7.272508244780212
63,146,81.0,80.09529345293586,0.9047065470641371
63,147,80.0,75.78355074039935,4.216449259600651
63,148,79.0,82.07958336260091,-3.079583362600914
63,149,78.0,86.07255352983262,-8.072553529832618
63,150,77.0,85.45439249754166,-8.454392497541662
63,151,76.0,80.97727260853799,-4.977272608537987
63,152,75.0,78.81644686018328,-3.8164468601832766
63,153,74.0,77.7326306473894,-3.7326306473893993
63,154,73.0,80.05212220077135,-7.05212220077135
63,155,72.0,76.5855778364789,-4.585577836478905
64,1,195.0,125.0,70.0
64,2,194.0,124.79191011329242,69.20808988670758
64,3,193.0,110.03471041453767,82.96528958546233
64,4,192.0,125.0,67.0
64,5,191.0,124.51140318439752,66.48859681560248
64,6,190.0,125.0,65.0
64,7,189.0,121.1638086182797,67.8361913817203
64,8,188.0,121.0140452653495,66.9859547346505
64,9,187.0,106.28710273904389,80.71289726095611
64,10,186.0,115.6229628352405,70.3770371647595
64,11,185.0,118.43434199742826,66.56565800257174
64,12,184.0,120.94782515603852,63.05217484396148
64,13,183.0,124.15061288504425,58.849387114955746
64,14,182.0,122.9702653714767,59.0297346285233
64,15,181.0,122.49418204080064,58.50581795919936
64,16,180.0,124.69385523845946,55.30614476154054
64,17,179.0,111.44099546973415,67.55900453026585
64,18,178.0,123.16971509800292,54.830284901997075
64,19,177.0,123.81689041860878,53.18310958139122
64,20,176.0,115.05383288628015,60.94616711371985
64,21,175.0,120.97164709998584,54.028352900014156
64,22,174.0,121.52088098105776,52.47911901894224
64,23,173.0,107.73536070701353,65.26463929298647
64,24,172.0,112.31322777926002,59.68677222073998
64,25,171.0,119.02862142978448,51.97137857021552
64,26,170.0,122.96866271112512,47.03133728887488
64,27,169.0,121.65880415841973,47.34119584158027
64,28,168.0,121.60133658388025,46.398663416119746
64,29,167.0,123.2455116092338,43.7544883907662
64,30,166.0,124.92517030260335,41.07482969739665
64,31,165.0,124.8136096955643,40.186390304435704
64,32,164.0,123.4053784754655,40.5946215245345
64,33,163.0,125.0,38.0
64,34,162.0,125.0,37.0
64,35,161.0,122.97248791723987,38.027512082760126
64,36,160.0,124.00731990371017,35.99268009628983
64,37,159.0,123.01528626588998,35.98471373411002
64,38,158.0,123.40384969707317,34.59615030292683
64,39,157.0,122.74774099666365,34.25225900333635
64,40,156.0,122.1521951693216,33.8478048306784
64,41,155.0,123.59809272933116,31.401907270668843
64,42,154.0,124.72777353867158,29.272226461328415
64,43,153.0,124.00654680090555,28.993453199094446
64,44,152.0,124.53769624142059,27.46230375857941
64,45,151.0,125.0,26.0
64,46,150.0,125.0,25.0
64,47,149.0,122.5309285265163,26.469071473483694
64,48,148.0,123.45929918226211,24.540700817737886
64,49,147.0,123.7343464819263,23.265653518073705
64,50,146.0,124.24676898742125,21.753231012578752
64,51,145.0,124.53940373381486,20.460596266185135
64,52,144.0,123.72890191222096,20.271098087779038
64,53,143.0,123.07403788150121,19.925962118498788
64,54,142.0,122.33482004227308,19.66517995772692
64,55,141.0,123.21434068201673,17.785659317983274
64,56,140.0,124.58812140397188,15.411878596028117
64,57,139.0,125.0,14.0
64,58,138.0,125.0,13.0
64,59,137.0,124.66885170527212,12.331148294727882
64,60,136.0,124.1436110647703,11.856388935229702
64,61,135.0,117.40184377707145,17.59815622292855
64,62,134.0,124.35723708381002,9.64276291618998
64,63,133.0,123.5169734394265,9.483026560573506
64,64,132.0,118.56926601448053,13.430733985519467
64,65,131.0,122.0580610089727,8.9419389910273
64,66,130.0,120.963479222209,9.036520777790997
64,67,129.0,116.93259409934699,12.067405900653014
64,68,128.0,122.45936393912208,5.540636060877915
64,69,127.0,122.47186864487983,4.528131355120166
64,70,126.0,122.39938088437616,3.600619115623843
64,71,125.0,119.51134422789653,5.4886557721034706
64,72,124.0,121.91407730878964,2.0859226912103566
64,73,123.0,120.3131090130662,2.686890986933804
64,74,122.0,115.10327165662474,6.896728343375258
64,75,121.0,117.0320161345398,3.967983865460198
64,76,120.0,111.95541446459706,8.044585535402945
64,77,119.0,114.27975647429264,4.72024352570736
64,78,118.0,112.99565963984321,5.004340360156789
64,79,117.0,105.54369420291525,11.456305797084752
64,80,116.0,111.9982446512706,4.001755348729404
64,81,115.0,103.02265899374095,11.977341006259053
64,82,114.0,104.46702161202936,9.532978387970644
64,83,113.0,107.77838016002754,5.221619839972462
64,84,112.0,107.35174234792571,4.648257652074292
64,85,111.0,105.77192242362501,5.228077576374986
64,86,110.0,113.41265636464213,-3.4126563646421317
64,87,109.0,108.31993654675281,0.6800634532471861
64,88,108.0,109.9053328596017,-1.9053328596016996
64,89,107.0,108.69677855210212,-1.696778552102117
64,90,106.0,111.28912029445783,-5.289120294457831
64,91,105.0,107.14569275069081,-2.145692750690813
64,92,104.0,100.85118795825272,3.148812041747277
64,93,103.0,98.35228149475928,4.647718505240718
64,94,102.0,105.38831732759132,-3.3883173275913236
64,95,101.0,107.21329434243013,-6.213294342430132
64,96,100.0,92.1298318122011,7.870168187798896
64,97,99.0,92.3022980063111,6.697701993688895
64,98,98.0,93.5708553952919,4.4291446047081
64,99,97.0,85.05716834902923,11.942831650970774
64,100,96.0,88.74238550737498,7.257614492625024
64,101,95.0,88.61509068992437,6.384909310075628
64,102,94.0,91.8284495153254,2.171550484674597
64,103,93.0,84.58107209571881,8.41892790428119
64,104,92.0,91.21835935589507,0.7816406441049253
64,105,91.0,88.21374749059852,2.7862525094014785
64,106,90.0,78.13423606797909,11.865763932020911
64,107,89.0,83.29318936746428,5.706810632535721
64,108,88.0,89.74109817760967,-1.741098177609672
64,109,87.0,91.76323232579126,-4.7632323257912645
64,110,86.0,98.17698153526621,-12.176981535266208
64,111,85.0,90.0131362188523,-5.013136218852296
64,112,84.0,97.15304721457,-13.153047214569995
64,113,83.0,101.25724738439605,-18.257247384396052
64,114,82.0,109.77916325536778,-27.779163255367777
64,115,81.0,99.90394514113873,-18.903945141138735
64,116,80.0,88.58149796735785,-8.581497967357848
64,117,79.0,91.59954823651992,-12.599548236519922
64,118,78.0,99.48402541749601,-21.484025417496014
64,119,77.0,99.37342265270108,-22.37342265270108
64,120,76.0,107.02789054470666,-31.027890544706665
64,121,75.0,103.8222935376798,-28.822293537679798
64,122,74.0,98.16249568208052,-24.162495682080518
64,123,73.0,102.50206096675113,-29.50206096675113
64,124,72.0,95.54475286452349,-23.54475286452349
64,125,71.0,104.04256572894695,-33.042565728946954
64,126,70.0,103.0966703030049,-33.0966703030049
64,127,69.0,96.90458256886033,-27.904582568860334
64,128,68.0,84.6784556662473,-16.678455666247302
64,129,67.0,83.8937713089175,-16.893771308917493
64,130,66.0,79.51639870246603,-13.516398702466034
64,131,65.0,81.77802965494095,-16.77802965494095
64,132,64.0,73.6473655773935,-9.6473655773935
64,133,63.0,70.21614756901037,-7.216147569010374
64,134,62.0,71.02419132719521,-9.024191327195211
64,135,61.0,72.04159824735203,-11.041598247352027
64,136,60.0,69.71149450670559,-9.711494506705591
64,137,59.0,73.57789414636277,-14.577894146362766
64,138,58.0,65.4712280489598,-7.4712280489598015
64,139,57.0,90.73706596606532,-33.737065966065316
64,140,56.0,72.98122589237711,-16.98122589237711
64,141,55.0,70.18735353604632,-15.187353536046317
64,142,54.0,59.43013488933635,-5.430134889336351
64,143,53.0,61.61909022451701,-8.61909022451701
64,144,52.0,59.99156757928014,-7.991567579280137
64,145,51.0,60.79146310367041,-9.79146310367041
64,146,50.0,61.89595497763656,-11.895954977636563
64,147,49.0,51.52057618094554,-2.5205761809455396
64,148,48.0,52.08572348155655,-4.085723481556549
64,149,47.0,49.968021543029664,-2.968021543029664
64,150,46.0,47.21182671448511,-1.2118267144851131
64,151,45.0,45.36920087774103,-0.3692008777410294
64,152,44.0,44.25116125821906,-0.25116125821905655
64,153,43.0,45.294608332555384,-2.2946083325553843
64,154,42.0,42.22706519731698,-0.22706519731698194
64,155,41.0,43.51611456768674,-2.516114567686742
64,156,40.0,44.453182976119436,-4.453182976119436
64,157,39.0,36.403697879456104,2.5963021205438963
64,158,38.0,34.43090115238095,3.5690988476190526
64,159,37.0,33.411590724707196,3.588409275292804
64,160,36.0,32.46705659110433,3.532943408895669
64,161,35.0,32.89482881754322,2.105171182456779
64,162,34.0,32.22364552241344,1.7763544775865583
64,163,33.0,28.543959432803092,4.456040567196908
64,164,32.0,26.765986150173866,5.234013849826134
64,165,31.0,27.91309119997806,3.0869088000219413
64,166,30.0,25.888728864618102,4.111271135381898
64,167,29.0,24.326965163815473,4.673034836184527
64,168,28.0,24.49804603682869,3.50195396317131
65,1,198.0,124.65615846709031,73.34384153290969
65,2,197.0,125.0,72.0
65,3,196.0,115.08233097338884,80.91766902661116
65,4,195.0,124.23942459447576,70.76057540552424
65,5,194.0,125.0,69.0
65,6,193.0,125.0,68.0
65,7,192.0,122.57692138220143,69.42307861779857
65,8,191.0,124.94729967295577,66.05270032704423
65,9,190.0,124.9461948680543,65.0538051319457
65,10,189.0,123.83252582792207,65.16747417207793
65,11,188.0,118.91172746584859,69.08827253415141
65,12,187.0,124.18721116838518,62.812788831614824
65,13,186.0,123.94667377648254,62.05332622351746
65,14,185.0,124.87632414158865,60.123675858411346
65,15,184.0,123.58409662545962,60.41590337454038
65,16,183.0,125.0,58.0
65,17,182.0,125.0,57.0
65,18,181.0,125.0,56.0
65,19,180.0,125.0,55.0
65,20,179.0,124.86591856716129,54.13408143283871
65,21,178.0,124.89345382238284,53.10654617761716
65,22,177.0,125.0,52.0
65,23,176.0,125.0,51.0
65,24,175.0,122.8181205740785,52.181879425921494
65,25,174.0,123.40332468110017,50.59667531889983
65,26,173.0,121.8427789503127,51.157221049687294
65,27,172.0,119.854658234094,52.145341765906
65,28,171.0,123.02844608334536,47.97155391665464
65,29,170.0,121.70255366988773,48.297446330112265
65,30,169.0,122.14084459114697,46.85915540885303
65,31,168.0,124.05912408976896,43.94087591023104
65,32,167.0,124.58281411969514,42.41718588030486
65,33,166.0,125.0,41.0
65,34,165.0,124.6103676205609,40.38963237943911
65,35,164.0,123.3668854311729,40.6331145688271
65,36,163.0,123.82980143971412,39.17019856028588
65,37,162.0,121.49038394319953,40.50961605680047
65,38,161.0,122.40675933306379,38.59324066693621
65,39,160.0,123.61902703712694,36.38097296287306
65,40,159.0,125.0,34.0
65,41,158.0,119.75827873642287,38.24172126357713
65,42,157.0,121.98572663186685,35.014273368133146
65,43,156.0,121.21366120800955,34.786338791990445
65,44,155.0,119.30037859120547,35.69962140879453
65,45,154.0,122.74274885405012,31.25725114594988
65,46,153.0,121.13801182608806,31.86198817391194
65,47,152.0,117.56208775749135,34.437912242508645
65,48,151.0,117.78748420798915,33.21251579201085
65,49,150.0,118.92965174801813,31.07034825198187
65,50,149.0,117.66867631388327,31.331323686116733
65,51,148.0,115.77564359054281,32.22435640945719
65,52,147.0,115.72203612653496,31.27796387346504
65,53,146.0,114.16029454952627,31.83970545047373
65,54,145.0,107.50332964614971,37.49667035385029
65,55,144.0,114.15160511492881,29.848394885071187
65,56,143.0,111.68667954882383,31.313320451176168
65,57,142.0,111.33941190511811,30.660588094881888
65,58,141.0,108.87016444538673,32.129835554613265
65,59,140.0,109.39100131773243,30.60899868226757
65,60,139.0,114.42449613770708,24.57550386229292
65,61,138.0,112.25105487139467,25.748945128605328
65,62,137.0,114.50085161146013,22.499148388539865
65,63,136.0,112.60042261939907,23.39957738060093
65,64,135.0,109.8340494213597,25.165950578640306
65,65,134.0,115.40074576559407,18.599254234405933
65,66,133.0,111.22917357651268,21.77082642348732
65,67,132.0,115.43089750437356,16.56910249562644
65,68,131.0,116.6797754801976,14.320224519802395
65,69,130.0,120.18187869938309,9.818121300616909
65,70,129.0,113.15224784080036,15.847752159199644
65,71,128.0,118.97049373656935,9.029506263430648
66,1,160.0,123.43337423050933,36.56662576949067
66,2,159.0,120.4847832614603,38.515216738539706
66,3,158.0,123.93131207291663,34.068687927083374
66,4,157.0,124.4131135155982,32.5868864844018
66,5,156.0,120.87709287210521,35.12290712789479
66,6,155.0,121.88003689649125,33.11996310350875
66,7,154.0,118.95755177687856,35.04244822312144
66,8,153.0,125.0,28.0
66,9,152.0,125.0,27.0
66,10,151.0,124.6005814110421,26.3994185889579
66,11,150.0,125.0,25.0
66,12,149.0,124.40614786059412,24.593852139405882
66,13,148.0,122.15001052557487,25.84998947442513
66,14,147.0,125.0,22.0
66,15,146.0,121.13590300855174,24.864096991448264
66,16,145.0,119.853484908382,25.146515091618
66,17,144.0,123.37255837508765,20.62744162491235
66,18,143.0,118.40829633739918,24.59170366260082
66,19,142.0,122.02856875055457,19.97143124944543
66,20,141.0,120.5340787044484,20.465921295551595
66,21,140.0,123.20020361265937,16.799796387340635
66,22,139.0,123.25047468635222,15.74952531364778
66,23,138.0,120.9932851721878,17.006714827812203
66,24,137.0,122.62149651517504,14.37850348482496
66,25,136.0,122.53978838170991,13.460211618290089
66,26,135.0,122.45554716353165,12.544452836468352
66,27,134.0,119.91224161467042,14.087758385329579
66,28,133.0,120.79575801406529,12.204241985934715
66,29,132.0,121.67828477205718,10.321715227942818
66,30,131.0,124.44027201794707,6.559727982052934
66,31,130.0,122.96343630643415,7.036563693565853
66,32,129.0,122.91691670221263,6.083083297787368
66,33,128.0,122.06386400307176,5.936135996928243
66,34,127.0,123.78133067440476,3.2186693255952434
66,35,126.0,123.47463676423423,2.5253632357657665
66,36,125.0,124.11703503950054,0.8829649604994643
66,37,124.0,122.7410611613839,1.2589388386161033
66,38,123.0,122.36998000878306,0.6300199912169404
66,39,122.0,123.53456000481468,-1.5345600048146792
66,40,121.0,123.13069597034377,-2.1306959703437656
66,41,120.0,121.35798893035947,-1.3579889303594683
66,42,119.0,124.29661186974204,-5.296611869742037
66,43,118.0,123.87083499380107,-5.870834993801068
66,44,117.0,123.08247522263635,-6.082475222636347
66,45,116.0,119.99195554947505,-3.991955549475051
66,46,115.0,121.12117962187243,-6.121179621872429
66,47,114.0,121.84753749090244,-7.84753749090244
66,48,113.0,121.15984410850386,-8.159844108503862
66,49,112.0,119.14924993702843,-7.149249937028429
66,50,111.0,119.32670509530753,-8.326705095307531
66,51,110.0,121.04234089846389,-11.042340898463891
66,52,109.0,120.58010747265887,-11.580107472658867
66,53,108.0,121.12703535206222,-13.127035352062222
66,54,107.0,119.54086046899249,-12.540860468992491
66,55,106.0,122.1800413048528,-16.180041304852793
66,56,105.0,121.8133852553341,-16.813385255334097
66,57,104.0,121.59320489058446,-17.59320489058446
66,58,103.0,122.95158694247627,-19.95158694247627
66,59,102.0,120.2559753142268,-18.255975314226802
66,60,101.0,121.22434170279274,-20.224341702792742
66,61,100.0,124.53641194594177,-24.536411945941765
66,62,99.0,122.47771941946607,-23.47771941946607
66,63,98.0,120.65332748581729,-22.653327485817286
66,64,97.0,123.28715789309707,-26.287157893097074
66,65,96.0,119.53745585628573,-23.53745585628573
66,66,95.0,121.74894409135312,-26.748944091353124
66,67,94.0,120.72088676763299,-26.72088676763299
66,68,93.0,115.6155438911206,-22.615543891120595
66,69,92.0,112.24943823065499,-20.249438230654988
66,70,91.0,116.11686860879959,-25.116868608799592
66,71,90.0,112.04977295468935,-22.049772954689345
66,72,89.0,116.09069642846592,-27.090696428465918
66,73,88.0,116.48878550645357,-28.488785506453567
66,74,87.0,114.29215002200675,-27.29215002200675
66,75,86.0,116.31568517077932,-30.315685170779318
66,76,85.0,111.12314971235179,-26.12314971235179
66,77,84.0,110.9926708513486,-26.992670851348606
66,78,83.0,115.02668480601889,-32.02668480601889
66,79,82.0,112.18404214126681,-30.184042141266815
66,80,81.0,102.0892685980918,-21.089268598091806
66,81,80.0,107.13213248656041,-27.13213248656041
66,82,79.0,105.2207729200685,-26.220772920068498
66,83,78.0,96.40146016757502,-18.401460167575024
66,84,77.0,94.69508256101747,-17.695082561017472
66,85,76.0,103.38655921557553,-27.38655921557553
66,86,75.0,100.42885608107962,-25.428856081079616
66,87,74.0,97.9916513794265,-23.9916513794265
66,88,73.0,97.52545780829912,-24.525457808299123
66,89,72.0,91.63602958440838,-19.636029584408377
66,90,71.0,88.87097551164659,-17.87097551164659
66,91,70.0,77.8180261757295,-7.8180261757295
66,92,69.0,83.23378511456565,-14.233785114565649
66,93,68.0,91.93184066287965,-23.93184066287965
66,94,67.0,84.41491094037409,-17.414910940374085
66,95,66.0,78.34113888156597,-12.341138881565968
66,96,65.0,84.12243081221887,-19.122430812218866
66,97,64.0,85.34401590545734,-21.34401590545734
66,98,63.0,82.40752078948404,-19.40752078948404
66,99,62.0,76.27731738535364,-14.27731738535364
66,100,61.0,75.51359808860452,-14.513598088604525
66,101,60.0,84.86385060128677,-24.86385060128677
66,102,59.0,73.04793849392614,-14.04793849392614
66,103,58.0,78.3514143064958,-20.351414306495798
66,104,57.0,78.48952092597091,-21.489520925970908
66,105,56.0,62.59062487635034,-6.59062487635034
66,106,55.0,64.42882160625577,-9.428821606255767
66,107,54.0,62.489408655713156,-8.489408655713156
66,108,53.0,71.15380241875582,-18.153802418755816
66,109,52.0,61.00060766774123,-9.000607667741228
66,110,51.0,63.37503645426093,-12.375036454260929
66,111,50.0,69.6862437372199,-19.686243737219897
66,112,49.0,59.65688381492506,-10.65688381492506
66,113,48.0,62.518428745526826,-14.518428745526826
66,114,47.0,63.10950390592352,-16.109503905923518
66,115,46.0,59.04296288074364,-13.042962880743637
66,116,45.0,57.28261960359619,-12.282619603596189
66,117,44.0,57.686088741892355,-13.686088741892355
66,118,43.0,48.56156580627141,-5.56156580627141
66,119,42.0,51.863074179551816,-9.863074179551816
66,120,41.0,50.06474928681731,-9.06474928681731
66,121,40.0,44.89290601118113,-4.892906011181132
66,122,39.0,43.10137759148076,-4.101377591480762
66,123,38.0,42.050461982229315,-4.050461982229315
66,124,37.0,40.975675575345925,-3.9756755753459245
66,125,36.0,41.156727562838554,-5.1567275628385545
66,126,35.0,40.59673962479985,-5.596739624799852
66,127,34.0,39.94448893146074,-5.944488931460739
66,128,33.0,39.206889077495575,-6.206889077495575
66,129,32.0,36.04163418314419,-4.04163418314419
66,130,31.0,35.399977762495524,-4.399977762495524
66,131,30.0,30.672476822917393,-0.6724768229173925
66,132,29.0,29.746210262444233,-0.746210262444233
66,133,28.0,30.96143752504758,-2.961437525047579
66,134,27.0,32.65898240715904,-5.658982407159037
66,135,26.0,34.43737610559404,-8.43737610559404
66,136,25.0,30.31309292361799,-5.31309292361799
66,137,24.0,26.944612625428533,-2.944612625428533
66,138,23.0,25.839005405627052,-2.839005405627052
66,139,22.0,24.657799042107087,-2.6577990421070865
66,140,21.0,24.06229810428836,-3.0622981042883595
66,141,20.0,23.988392545950703,-3.9883925459507026
66,142,19.0,22.203251372845454,-3.203251372845454
66,143,18.0,21.959945588788628,-3.959945588788628
66,144,17.0,20.384130960533273,-3.3841309605332732
66,145,16.0,20.88997695404829,-4.88997695404829
66,146,15.0,19.026950838880126,-4.026950838880126
66,147,14.0,16.42870132471596,-2.4287013247159592
67,1,147.0,124.79519279111265,22.204807208887345
67,2,146.0,123.33742236270129,22.66257763729871
67,3,145.0,116.35857002852923,28.64142997147077
67,4,144.0,116.2007878341386,27.799212165861405
67,5,143.0,110.85054208089889,32.14945791910111
67,6,142.0,120.12973801916223,21.870261980837768
67,7,141.0,112.34535986310324,28.65464013689676
67,8,140.0,117.95938529697781,22.040614703022186
67,9,139.0,122.29268338954945,16.707316610450548
67,10,138.0,125.0,13.0
67,11,137.0,121.30461543872389,15.695384561276114
67,12,136.0,122.67614674752761,13.32385325247239
67,13,135.0,121.49155085942292,13.508449140577085
67,14,134.0,122.8125553026483,11.187444697351694
67,15,133.0,118.76851055342311,14.231489446576887
67,16,132.0,122.82905037242989,9.17094962757011
67,17,131.0,122.44283403671334,8.557165963286664
67,18,130.0,113.1670352931498,16.832964706850206
67,19,129.0,122.00400661101719,6.995993388982811
67,20,128.0,110.14328199150594,17.856718008494056
67,21,127.0,118.58384027790194,8.416159722098058
67,22,126.0,107.56259176156891,18.43740823843109
67,23,125.0,122.20382293439177,2.7961770656082336
67,24,124.0,108.57551066979117,15.424489330208829
67,25,123.0,120.8192891484992,2.1807108515008053
67,26,122.0,121.58316603142433,0.41683396857567345
67,27,121.0,122.96437416010261,-1.964374160102608
67,28,120.0,122.40161731408033,-2.401617314080326
67,29,119.0,122.21170251450197,-3.2117025145019653
67,30,118.0,119.95919385930442,-1.9591938593044205
67,31,117.0,117.88812668959667,-0.8881266895966746
67,32,116.0,113.44440732406564,2.5555926759343635
67,33,115.0,117.2271626195978,-2.227162619597806
67,34,114.0,119.10644514450375,-5.106445144503752
67,35,113.0,122.12707380720268,-9.127073807202677
67,36,112.0,121.11214205155733,-9.112142051557328
67,37,111.0,118.59905876591334,-7.599058765913341
67,38,110.0,107.67963907800856,2.320360921991437
67,39,109.0,115.51976894670862,-6.5197689467086235
67,40,108.0,115.80253568038192,-7.802535680381922
67,41,107.0,104.14142110818214,2.8585788918178565
67,42,106.0,117.85284826575405,-11.852848265754048
67,43,105.0,115.6069293753395,-10.606929375339504
67,44,104.0,114.19211682570125,-10.192116825701248
67,45,103.0,114.57286187641633,-11.572861876416326
67,46,102.0,113.39159493007004,-11.391594930070042
67,47,101.0,114.63188307588027,-13.631883075880268
67,48,100.0,112.04451339376917,-12.044513393769165
67,49,99.0,118.60451509066493,-19.604515090664933
67,50,98.0,117.02785207606476,-19.02785207606476
67,51,97.0,121.50281364647459,-24.502813646474593
67,52,96.0,120.9800771610018,-24.9800771610018
67,53,95.0,121.53815856744734,-26.53815856744734
67,54,94.0,122.11184745133674,-28.111847451336743
67,55,93.0,118.42022255581564,-25.42022255581564
67,56,92.0,120.81004897668812,-28.810048976688122
67,57,91.0,116.23659079303555,-25.236590793035546
67,58,90.0,118.33182668013815,-28.33182668013815
67,59,89.0,118.666422742559,-29.666422742559007
67,60,88.0,115.56014552924327,-27.56014552924327
67,61,87.0,118.61336151752906,-31.613361517529057
67,62,86.0,123.30414809314104,-37.30414809314104
67,63,85.0,118.84400079882926,-33.844000798829256
67,64,84.0,118.00770302885209,-34.00770302885209
67,65,83.0,117.5383564423388,-34.538356442338795
67,66,82.0,119.2528944677893,-37.252894467789304
67,67,81.0,121.34248859554918,-40.342488595549185
67,68,80.0,117.08678429582949,-37.08678429582949
67,69,79.0,118.88656826083789,-39.88656826083789
67,70,78.0,114.65206681216661,-36.65206681216661
67,71,77.0,112.6469402322293,-35.6469402322293
68,1,194.0,125.0,69.0
68,2,193.0,125.0,68.0
68,3,192.0,125.0,67.0
68,4,191.0,125.0,66.0
68,5,190.0,124.58180630703049,65.41819369296951
68,6,189.0,124.65724667403099,64.34275332596901
68,7,188.0,124.77413578288534,63.22586421711466
68,8,187.0,125.0,62.0
68,9,186.0,125.0,61.0
68,10,185.0,124.92282918303664,60.07717081696336
68,11,184.0,123.49277551319832,60.507224486801675
68,12,183.0,124.5506545987213,58.449345401278705
68,13,182.0,124.6933330130733,57.3066669869267
68,14,181.0,125.0,56.0
68,15,180.0,124.3447120619706,55.6552879380294
68,16,179.0,124.64455517305723,54.35544482694277
68,17,178.0,124.60919706877932,53.390802931220676
68,18,177.0,125.0,52.0
68,19,176.0,124.93652879305117,51.06347120694883
68,20,175.0,125.0,50.0
68,21,174.0,125.0,49.0
68,22,173.0,123.33503570238184,49.664964297618155
68,23,172.0,122.9399556833348,49.0600443166652
68,24,171.0,123.39273233650431,47.60726766349569
68,25,170.0,122.3697389509317,47.630261049068295
68,26,169.0,123.84417076708083,45.155829232919174
68,27,168.0,124.19675189381222,43.80324810618778
68,28,167.0,122.59535326259243,44.404646737407575
68,29,166.0,122.33268990862736,43.66731009137264
68,30,165.0,123.43039640155475,41.569603598445255
68,31,164.0,118.34155074798946,45.65844925201054
68,32,163.0,117.42948346088,45.57051653912001
68,33,162.0,117.82288106283546,44.177118937164536
68,34,161.0,119.61584835657693,41.38415164342307
68,35,160.0,121.30708060550603,38.69291939449397
68,36,159.0,120.2076265942925,38.792373405707494
68,37,158.0,119.68780796192122,38.31219203807878
68,38,157.0,117.25540488873267,39.74459511126733
68,39,156.0,118.90608206551997,37.09391793448003
68,40,155.0,119.23111981694409,35.76888018305591
68,41,154.0,117.60833275768928,36.39166724231072
68,42,153.0,118.3357373561569,34.6642626438431
68,43,152.0,121.16513678314891,30.83486321685109
68,44,151.0,121.56857308087665,29.431426919123354
68,45,150.0,119.79441527833022,30.20558472166978
68,46,149.0,121.46877059975712,27.53122940024288
68,47,148.0,121.12845746461367,26.871542535386325
68,48,147.0,120.76382745385504,26.236172546144957
68,49,146.0,120.10759561033193,25.892404389668073
68,50,145.0,120.29790391633632,24.702096083663676
68,51,144.0,119.97585330542401,24.02414669457599
68,52,143.0,121.12271329063276,21.87728670936724
68,53,142.0,120.4752932857711,21.5247067142289
68,54,141.0,119.29213429296318,21.707865707036817
68,55,140.0,118.31102677492851,21.688973225071493
68,56,139.0,113.47842079062703,25.521579209372973
68,57,138.0,118.51612212276622,19.48387787723378
68,58,137.0,118.94857650808727,18.05142349191273
68,59,136.0,118.31673179784855,17.683268202151453
68,60,135.0,119.34359244201575,15.656407557984252
68,61,134.0,117.73817159782494,16.261828402175055
68,62,133.0,116.72649366888396,16.27350633111604
68,63,132.0,117.5524266116259,14.447573388374096
68,64,131.0,117.22066548491539,13.779334515084614
68,65,130.0,118.16005422864963,11.839945771350372
68,66,129.0,119.28565717436281,9.714342825637189
68,67,128.0,118.64058802825932,9.359411971740684
68,68,127.0,119.28423009884436,7.715769901155639
68,69,126.0,115.37204508816576,10.627954911834237
68,70,125.0,116.10822691260647,8.891773087393531
68,71,124.0,116.91243065225085,7.087569347749152
68,72,123.0,119.13871380368704,3.8612861963129603
68,73,122.0,119.6113375293778,2.3886624706221937
68,74,121.0,118.33493603467443,2.6650639653255723
68,75,120.0,121.68494493277132,-1.684944932771316
68,76,119.0,119.03493678032756,-0.03493678032755554
68,77,118.0,120.87061765730924,-2.8706176573092392
68,78,117.0,119.89586827898738,-2.895868278987379
68,79,116.0,118.90757950866052,-2.9075795086605183
68,80,115.0,118.5881642962936,-3.5881642962935985
68,81,114.0,119.30810684196535,-5.308106841965355
68,82,113.0,117.32758737538117,-4.327587375381171
68,83,112.0,119.59428192259301,-7.594281922593012
68,84,111.0,119.83803518991606,-8.838035189916056
68,85,110.0,120.67951744297984,-10.679517442979844
68,86,109.0,119.86059732037491,-10.860597320374907
68,87,108.0,119.19393063628074,-11.19393063628074
68,88,107.0,117.21642018010446,-10.216420180104464
68,89,106.0,117.73812296380136,-11.73812296380136
68,90,105.0,116.13873955394872,-11.138739553948724
68,91,104.0,112.27136765029272,-8.271367650292717
68,92,103.0,114.7298416738332,-11.729841673833207
68,93,102.0,118.67257659167522,-16.672576591675224
68,94,101.0,116.81821773645268,-15.81821773645268
68,95,100.0,114.75769952824012,-14.757699528240124
68,96,99.0,114.95114912014978,-15.951149120149779
68,97,98.0,117.317889230053,-19.317889230052998
68,98,97.0,110.58676531609868,-13.586765316098678
68,99,96.0,114.2272475808109,-18.227247580810896
68,100,95.0,115.7483835617385,-20.748383561738507
68,101,94.0,113.77955895180621,-19.77955895180621
68,102,93.0,113.42115342361859,-20.42115342361859
68,103,92.0,118.86308197318621,-26.863081973186212
68,104,91.0,119.846947224073,-28.846947224073006
68,105,90.0,121.04779459655741,-31.04779459655741
68,106,89.0,121.09956695641974,-32.099566956419736
68,107,88.0,119.47897776017447,-31.478977760174473
68,108,87.0,112.62269700836733,-25.622697008367325
68,109,86.0,117.4499031173063,-31.449903117306306
68,110,85.0,114.37722838240562,-29.37722838240562
68,111,84.0,113.06078911714224,-29.060789117142235
68,112,83.0,111.36674886649703,-28.366748866497034
68,113,82.0,106.97600673876498,-24.97600673876498
68,114,81.0,99.00457546802967,-18.00457546802967
68,115,80.0,100.97268347774246,-20.972683477742464
68,116,79.0,99.61275272928653,-20.612752729286527
68,117,78.0,103.23771699385452,-25.23771699385452
68,118,77.0,97.32761128520475,-20.327611285204753
68,119,76.0,96.4392043077677,-20.439204307767696
68,120,75.0,95.57944358061452,-20.579443580614523
68,121,74.0,96.80029213499493,-22.800292134994933
68,122,73.0,93.15895789521892,-20.15895789521892
68,123,72.0,87.67252424482753,-15.672524244827528
68,124,71.0,81.90505756749182,-10.905057567491824
68,125,70.0,83.72540509282717,-13.725405092827174
68,126,69.0,81.40781385310358,-12.407813853103576
68,127,68.0,69.39052476922569,-1.3905247692256921
68,128,67.0,75.78229308511595,-8.782293085115953
68,129,66.0,77.30851347855577,-11.308513478555767
68,130,65.0,70.00978516185612,-5.009785161856115
68,131,64.0,76.88846905723145,-12.888469057231447
68,132,63.0,68.22888215328568,-5.2288821532856815
68,133,62.0,64.45533879944428,-2.4553387994442772
68,134,61.0,63.445767623072776,-2.4457676230727756
68,135,60.0,62.23418115610711,-2.2341811561071125
68,136,59.0,64.32274365036581,-5.322743650365808
68,137,58.0,68.80745507710213,-10.807455077102134
68,138,57.0,60.174764167353835,-3.1747641673538354
68,139,56.0,61.726772229987695,-5.726772229987695
68,140,55.0,58.43003593754346,-3.430035937543458
68,141,54.0,59.850170512479146,-5.850170512479146
68,142,53.0,65.5920017412891,-12.592001741289096
68,143,52.0,65.15062481572322,-13.15062481572322
68,144,51.0,64.06365485212575,-13.063654852125751
68,145,50.0,59.02802510541922,-9.028025105419218
68,146,49.0,59.31984067283753,-10.319840672837529
68,147,48.0,57.23042140595873,-9.23042140595873
68,148,47.0,54.45383150655985,-7.453831506559851
68,149,46.0,57.8989886520091,-11.898988652009102
68,150,45.0,57.8558826357325,-12.855882635732499
68,151,44.0,54.38403253390724,-10.384032533907238
68,152,43.0,54.49975320842617,-11.49975320842617
68,153,42.0,56.52185034861232,-14.521850348612318
68,154,41.0,51.95323372465317,-10.953233724653167
68,155,40.0,56.44079329369023,-16.440793293690227
68,156,39.0,47.16940181392982,-8.169401813929817
68,157,38.0,55.57025797531615,-17.570257975316153
68,158,37.0,57.40331532226652,-20.403315322266522
68,159,36.0,59.0958674430027,-23.095867443002703
68,160,35.0,55.42762881142822,-20.42762881142822
68,161,34.0,50.91371243944232,-16.91371243944232
68,162,33.0,41.73942348011765,-8.739423480117651
68,163,32.0,42.50652513680011,-10.506525136800107
68,164,31.0,38.80230555929334,-7.8023055592933375
68,165,30.0,37.95289834918687,-7.952898349186867
68,166,29.0,41.84698016161892,-12.846980161618923
68,167,28.0,43.830548483192125,-15.830548483192125
68,168,27.0,45.876320251882156,-18.876320251882156
68,169,26.0,38.16811388109207,-12.168113881092069
68,170,25.0,36.47393586426412,-11.47393586426412
68,171,24.0,35.7925813203889,-11.792581320388898
68,172,23.0,33.49280325865232,-10.492803258652323
68,173,22.0,31.355545621579097,-9.355545621579097
68,174,21.0,25.414430674014966,-4.414430674014966
68,175,20.0,24.35320176749747,-4.35320176749747
68,176,19.0,22.995325973235285,-3.9953259732352855
68,177,18.0,22.699151190574284,-4.699151190574284
68,178,17.0,20.444603520664685,-3.4446035206646854
68,179,16.0,21.720222554306535,-5.720222554306535
68,180,15.0,18.319212809889827,-3.3192128098898266
68,181,14.0,17.91376623471227,-3.91376623471227
68,182,13.0,16.229831128265257,-3.229831128265257
68,183,12.0,13.965385528608184,-1.9653855286081843
68,184,11.0,13.393538182814156,-2.393538182814156
68,185,10.0,11.449312280808964,-1.4493122808089645
68,186,9.0,10.285686565640363,-1.285686565640363
68,187,8.0,8.805944119926965,-0.8059441199269646
69,1,174.0,125.0,49.0
69,2,173.0,125.0,48.0
69,3,172.0,125.0,47.0
69,4,171.0,125.0,46.0
69,5,170.0,125.0,45.0
69,6,169.0,124.09862617462741,44.90137382537259
69,7,168.0,125.0,43.0
69,8,167.0,124.23853045710578,42.76146954289422
69,9,166.0,125.0,41.0
69,10,165.0,125.0,40.0
69,11,164.0,125.0,39.0
69,12,163.0,123.56171914859262,39.438280851407384
69,13,162.0,125.0,37.0
69,14,161.0,124.01694507578605,36.983054924213945
69,15,160.0,124.3454012377738,35.6545987622262
69,16,159.0,121.51219339773525,37.487806602264754
69,17,158.0,109.59468641792878,48.405313582071216
69,18,157.0,122.80313647914417,34.19686352085583
69,19,156.0,119.34533174653885,36.65466825346115
69,20,155.0,118.30247850066641,36.69752149933359
69,21,154.0,112.29453265942341,41.70546734057659
69,22,153.0,111.13795924361851,41.86204075638149
69,23,152.0,104.38836457484706,47.61163542515294
69,24,151.0,113.3026271376516,37.6973728623484
69,25,150.0,106.81510393284121,43.18489606715879
69,26,149.0,118.27719270629564,30.722807293704363
69,27,148.0,110.73827645442815,37.261723545571854
69,28,147.0,105.60208517542665,41.39791482457335
69,29,146.0,109.46262514737643,36.53737485262357
69,30,145.0,110.93210173274672,34.067898267253284
69,31,144.0,112.08898863602926,31.911011363970744
69,32,143.0,118.61074422495177,24.389255775048227
69,33,142.0,120.2603142624181,21.739685737581894
69,34,141.0,118.98481855560404,22.015181444395964
69,35,140.0,114.59439405888615,25.405605941113848
69,36,139.0,120.20444945626737,18.79555054373263
69,37,138.0,121.9047866253986,16.0952133746014
69,38,137.0,120.54624967439177,16.453750325608226
69,39,136.0,117.99163005521838,18.00836994478162
69,40,135.0,117.76787443387491,17.23212556612509
69,41,134.0,115.32888308308574,18.671116916914258
69,42,133.0,120.2429768361217,12.757023163878301
69,43,132.0,123.42158249453892,8.578417505461076
69,44,131.0,121.22093664934943,9.779063350650574
69,45,130.0,115.65159330853363,14.348406691466366
69,46,129.0,117.53221850241795,11.467781497582052
69,47,128.0,117.47892651717792,10.521073482822075
69,48,127.0,116.14521306286538,10.85478693713462
69,49,126.0,116.80881577557062,9.191184224429378
69,50,125.0,114.30999537792283,10.690004622077169
69,51,124.0,117.14729513757864,6.852704862421362
69,52,123.0,118.50198966326491,4.498010336735092
69,53,122.0,114.11466340067756,7.885336599322443
69,54,121.0,115.09443118309107,5.905568816908925
70,1,245.0,125.0,120.0
70,2,244.0,124.52766484421245,119.47233515578755
70,3,243.0,118.01953394639027,124.98046605360973
70,4,242.0,125.0,117.0
70,5,241.0,123.90829917868267,117.09170082131733
70,6,240.0,125.0,115.0
70,7,239.0,123.86101131115127,115.13898868884873
70,8,238.0,125.0,113.0
70,9,237.0,125.0,112.0
70,10,236.0,124.97179098769327,111.02820901230673
70,11,235.0,125.0,110.0
70,12,234.0,125.0,109.0
70,13,233.0,121.54956133295194,111.45043866704806
70,14,232.0,124.17049462023547,107.82950537976453
70,15,231.0,124.50197578767379,106.49802421232621
70,16,230.0,125.0,105.0
70,17,229.0,123.52077136445108,105.47922863554892
70,18,228.0,125.0,103.0
70,19,227.0,124.89280600746415,102.10719399253585
70,20,226.0,122.9119748159738,103.0880251840262
70,21,225.0,118.44844624639607,106.55155375360393
70,22,224.0,119.9830746761559,104.0169253238441
70,23,223.0,121.07662756713721,101.92337243286279
70,24,222.0,124.23110829976177,97.76889170023823
70,25,221.0,120.19205605141973,100.80794394858027
70,26,220.0,121.25226816386179,98.74773183613821
70,27,219.0,120.78888678651411,98.21111321348589
70,28,218.0,123.00854412401058,94.99145587598942
70,29,217.0,119.77713912566213,97.22286087433787
70,30,216.0,113.42207722308086,102.57792277691914
70,31,215.0,118.66852727177354,96.33147272822646
70,32,214.0,120.05596825033378,93.94403174966622
70,33,213.0,122.79692984225649,90.20307015774351
70,34,212.0,123.01041275997075,88.98958724002925
70,35,211.0,125.0,86.0
70,36,210.0,124.43398283946885,85.56601716053115
70,37,209.0,124.972657861275,84.027342138725
70,38,208.0,125.0,83.0
70,39,207.0,125.0,82.0
70,40,206.0,122.68614399793194,83.31385600206806
70,41,205.0,124.50202180066174,80.49797819933826
70,42,204.0,124.21487212289746,79.78512787710254
70,43,203.0,123.77438775541634,79.22561224458366
70,44,202.0,123.88518280290496,78.11481719709504
70,45,201.0,124.5604952447021,76.4395047552979
70,46,200.0,124.50877407366032,75.49122592633968
70,47,199.0,125.0,74.0
70,48,198.0,123.4685182222144,74.5314817777856
70,49,197.0,124.4660051765055,72.5339948234945
70,50,196.0,123.5611632172088,72.4388367827912
70,51,195.0,123.01877137537505,71.98122862462495
70,52,194.0,122.83053922743021,71.16946077256979
70,53,193.0,124.77692768990826,68.22307231009174
70,54,192.0,125.0,67.0
70,55,191.0,125.0,66.0
70,56,190.0,125.0,65.0
70,57,189.0,124.51355266506634,64.48644733493366
70,58,188.0,124.76414830017082,63.23585169982918
70,59,187.0,123.52366033436776,63.47633966563224
70,60,186.0,124.67137966715076,61.32862033284924
70,61,185.0,124.29347580692097,60.706524193079034
70,62,184.0,122.17039987835682,61.82960012164318
70,63,183.0,123.65434308211948,59.34565691788052
70,64,182.0,123.29214162010187,58.70785837989813
70,65,181.0,124.32225528593021,56.67774471406979
70,66,180.0,123.58317366879294,56.41682633120706
70,67,179.0,122.22189797381462,56.77810202618538
70,68,178.0,120.98928233976677,57.010717660233226
70,69,177.0,122.16826477664881,54.83173522335119
70,70,176.0,122.43336940205461,53.56663059794539
70,71,175.0,122.93264691700239,52.06735308299761
70,72,174.0,121.52064016273778,52.47935983726222
70,73,173.0,122.99692911976898,50.00307088023102
70,74,172.0,121.92533920720261,50.07466079279739
70,75,171.0,121.41434738606553,49.58565261393447
70,76,170.0,120.78858646087829,49.21141353912171
70,77,169.0,120.85136011927708,48.148639880722925
70,78,168.0,120.38617245919315,47.61382754080685
70,79,167.0,116.74470245878197,50.25529754121803
70,80,166.0,115.72490575651607,50.275094243483935
70,81,165.0,120.3931234406964,44.6068765593036
70,82,164.0,119.5752485952649,44.424751404735105
70,83,163.0,122.3130470496149,40.686952950385106
70,84,162.0,116.21588595189085,45.784114048109146
70,85,161.0,109.4485412248889,51.5514587751111
70,86,160.0,120.23213460683493,39.76786539316507
70,87,159.0,122.30242206400726,36.69757793599274
70,88,158.0,122.83118999541186,35.16881000458814
70,89,157.0,121.53701351889718,35.46298648110282
70,90,156.0,120.13710676814995,35.86289323185005
70,91,155.0,120.34973979254934,34.65026020745066
70,92,154.0,121.48345790188641,32.51654209811359
70,93,153.0,122.99870781343678,30.00129218656322
70,94,152.0,117.31402464433363,34.68597535566637
70,95,151.0,118.06798046307125,32.93201953692875
70,96,150.0,120.32170545778483,29.67829454221517
70,97,149.0,121.24315363243981,27.756846367560186
70,98,148.0,120.71531869693132,27.28468130306868
70,99,147.0,120.99155539618172,26.008444603818276
70,100,146.0,116.15592280858995,29.84407719141005
70,101,145.0,115.29949794043333,29.700502059566674
70,102,144.0,119.92647414620404,24.073525853795957
70,103,143.0,120.84046699635842,22.159533003641585
70,104,142.0,122.00047605236665,19.99952394763335
70,105,141.0,118.85297918408332,22.147020815916676
70,106,140.0,118.67011657972655,21.329883420273447
70,107,139.0,120.65680843889453,18.34319156110547
70,108,138.0,121.25058440844707,16.749415591552932
70,109,137.0,118.38881738800879,18.61118261199121
70,110,136.0,111.42007128729733,24.579928712702667
70,111,135.0,119.05240621504396,15.947593784956041
70,112,134.0,118.93090330300855,15.069096696991451
70,113,133.0,117.8550900882825,15.144909911717505
70,114,132.0,113.55121184008276,18.448788159917243
70,115,131.0,118.29171442321366,12.708285576786338
70,116,130.0,118.13290985512721,11.86709014487279
70,117,129.0,118.65826268470029,10.34173731529971
70,118,128.0,113.11161638235582,14.88838361764418
70,119,127.0,107.29839767654661,19.701602323453386
70,120,126.0,117.07681179143673,8.923188208563275
70,121,125.0,112.93050338567436,12.069496614325644
70,122,124.0,106.86008873738729,17.139911262612713
70,123,123.0,104.26032200987413,18.73967799012587
70,124,122.0,107.31087272612092,14.68912727387908
70,125,121.0,106.68488695712728,14.315113042872724
70,126,120.0,99.72604863637255,20.273951363627447
70,127,119.0,99.61231791493701,19.38768208506299
70,128,118.0,101.39416509891362,16.605834901086382
70,129,117.0,109.65880118305805,7.341198816941954
70,130,116.0,107.42755616937744,8.57244383062256
70,131,115.0,105.06028913492099,9.939710865079007
70,132,114.0,104.21571098016102,9.78428901983898
70,133,113.0,106.61687711997516,6.3831228800248425
70,134,112.0,106.78568656160309,5.214313438396914
70,135,111.0,108.76554781139524,2.234452188604763
70,136,110.0,108.4824985062554,1.5175014937446036
70,137,109.0,109.31949532745563,-0.3194953274556269
70,138,108.0,108.91659216645816,-0.9165921664581589
70,139,107.0,106.97125554044034,0.028744459559661095
70,140,106.0,101.45008246920065,4.549917530799348
70,141,105.0,94.06204822988103,10.937951770118971
70,142,104.0,89.81993753838724,14.180062461612764
70,143,103.0,96.83318321149876,6.166816788501237
70,144,102.0,89.5271912048106,12.472808795189394
70,145,101.0,98.41357310556826,2.586426894431739
70,146,100.0,92.85828462928157,7.14171537071843
70,147,99.0,83.11261264092362,15.887387359076385
70,148,98.0,94.07726832156791,3.9227316784320863
70,149,97.0,92.74317051583691,4.256829484163092
70,150,96.0,87.07096446272854,8.92903553727146
70,151,95.0,73.76708556699553,21.232914433004467
70,152,94.0,83.11538103218719,10.884618967812813
71,1,185.0,120.50220844132511,64.49779155867489
71,2,184.0,122.25839426849538,61.74160573150462
71,3,183.0,120.5720738689478,62.4279261310522
71,4,182.0,112.53721105056138,69.46278894943862
71,5,181.0,124.26937605048022,56.73062394951978
71,6,180.0,112.90632205691546,67.09367794308454
71,7,179.0,112.77785419094322,66.22214580905678
71,8,178.0,122.36362045178134,55.636379548218656
71,9,177.0,116.67830938281644,60.32169061718356
71,10,176.0,117.13306570345279,58.866934296547214
71,11,175.0,115.11770455204147,59.882295447958526
71,12,174.0,123.11750522187795,50.88249477812205
71,13,173.0,125.0,48.0
71,14,172.0,121.40802403117095,50.59197596882905
71,15,171.0,119.94335768600627,51.056642313993734
71,16,170.0,124.67088313138676,45.32911686861324
71,17,169.0,115.72960143428716,53.27039856571284
71,18,168.0,113.29075915791327,54.70924084208673
71,19,167.0,109.70958341780224,57.290416582197764
71,20,166.0,106.00540321958857,59.99459678041143
71,21,165.0,107.74239928744156,57.25760071255844
71,22,164.0,110.42831276592683,53.57168723407317
71,23,163.0,110.51549705170808,52.48450294829192
71,24,162.0,97.9575532602234,64.0424467397766
71,25,161.0,110.34844205962003,50.65155794037997
71,26,160.0,107.1472128602369,52.852787139763095
71,27,159.0,109.07814590935466,49.92185409064534
71,28,158.0,117.46686275565256,40.533137244347444
71,29,157.0,116.79815958286065,40.20184041713935
71,30,156.0,113.96181898706872,42.038181012931275
71,31,155.0,117.66955969102715,37.330440308972854
71,32,154.0,116.01511001236226,37.98488998763774
71,33,153.0,119.0844704402495,33.915529559750496
71,34,152.0,116.56260901958127,35.437390980418726
71,35,151.0,113.49052122422995,37.50947877577005
71,36,150.0,118.30741553600468,31.692584463995317
71,37,149.0,117.98031325090338,31.01968674909662
71,38,148.0,116.94451488495045,31.05548511504955
71,39,147.0,116.63741711644522,30.36258288355478
71,40,146.0,118.89894107898954,27.101058921010463
71,41,145.0,119.48093201408322,25.519067985916777
71,42,144.0,120.81510392719738,23.184896072802616
71,43,143.0,124.43435812997085,18.565641870029154
71,44,142.0,123.27307538454448,18.726924615455516
71,45,141.0,121.5174608819353,19.482539118064693
71,46,140.0,119.46321443684593,20.53678556315407
71,47,139.0,119.13667185371625,19.86332814628375
71,48,138.0,122.42025368084909,15.579746319150914
71,49,137.0,117.6164357629398,19.3835642370602
71,50,136.0,116.49342746859102,19.506572531408978
71,51,135.0,122.24872554439244,12.751274455607557
71,52,134.0,120.51913402931886,13.480865970681137
71,53,133.0,117.82922392771113,15.170776072288874
71,54,132.0,123.63013128270471,8.36986871729529
71,55,131.0,122.53703552824238,8.462964471757616
71,56,130.0,122.11301234066705,7.886987659332945
71,57,129.0,122.93566545485501,6.0643345451449875
71,58,128.0,122.16984454591616,5.830155454083837
71,59,127.0,121.53469082056193,5.465309179438066
71,60,126.0,121.31446817548252,4.685531824517483
71,61,125.0,124.17662402481089,0.8233759751891085
71,62,124.0,124.33177196061254,-0.3317719606125422
71,63,123.0,122.84782350230475,0.1521764976952511
71,64,122.0,123.86951283935913,-1.8695128393591318
71,65,121.0,119.77781518653664,1.2221848134633575
71,66,120.0,124.58491182634877,-4.5849118263487725
71,67,119.0,119.74503291820194,-0.7450329182019431
71,68,118.0,121.35939022855136,-3.359390228551362
72,1,180.0,125.0,55.0
72,2,179.0,125.0,54.0
72,3,178.0,122.92559414008142,55.074405859918585
72,4,177.0,124.60401224052696,52.395987759473044
72,5,176.0,125.0,51.0
72,6,175.0,124.16889685258482,50.83110314741518
72,7,174.0,124.45255930507668,49.547440694923324
72,8,173.0,125.0,48.0
72,9,172.0,125.0,47.0
72,10,171.0,125.0,46.0
72,11,170.0,118.83714709804289,51.16285290195711
72,12,169.0,119.86300401309464,49.13699598690536
72,13,168.0,123.09668060968689,44.903319390313115
72,14,167.0,125.0,42.0
72,15,166.0,117.96856436997588,48.03143563002412
72,16,165.0,123.45807554142667,41.541924458573334
72,17,164.0,123.43573247387401,40.56426752612599
72,18,163.0,124.91504422066657,38.08495577933343
72,19,162.0,123.85117450979294,38.14882549020706
72,20,161.0,124.38644561939749,36.61355438060251
72,21,160.0,123.02401795257433,36.975982047425674
72,22,159.0,122.70002709952655,36.29997290047345
72,23,158.0,123.4633370446043,34.5366629553957
72,24,157.0,123.00457888317621,33.99542111682379
72,25,156.0,123.39683467744963,32.60316532255037
72,26,155.0,124.75589083671936,30.24410916328064
72,27,154.0,121.8376100272691,32.16238997273091
72,28,153.0,122.44673570575748,30.553264294242524
72,29,152.0,121.25805610517835,30.741943894821645
72,30,151.0,119.29718755715638,31.702812442843623
72,31,150.0,119.62517562474648,30.374824375253525
72,32,149.0,122.35938795142039,26.640612048579612
72,33,148.0,121.73938402658915,26.26061597341085
72,34,147.0,120.13634810708963,26.86365189291037
72,35,146.0,120.05648999305139,25.943510006948614
72,36,145.0,120.853576949299,24.146423050701003
72,37,144.0,110.08885297250373,33.91114702749627
72,38,143.0,115.97866743297232,27.021332567027684
72,39,142.0,118.14787293940098,23.852127060599017
72,40,141.0,119.35195452555902,21.648045474440977
72,41,140.0,120.90906473771561,19.09093526228439
72,42,139.0,121.57615546383862,17.423844536161383
72,43,138.0,122.08807821005882,15.911921789941175
72,44,137.0,119.28191701739125,17.71808298260875
72,45,136.0,122.03988051651574,13.960119483484263
72,46,135.0,122.09027476458608,12.909725235413916
72,47,134.0,121.07244540469667,12.927554595303334
72,48,133.0,121.55372095340248,11.446279046597525
72,49,132.0,121.17521803163432,10.824781968365684
72,50,131.0,122.50183987553753,8.498160124462473
72,51,130.0,121.29845689776165,8.701543102238347
72,52,129.0,120.51792308705674,8.482076912943256
72,53,128.0,120.04277797507018,7.95722202492982
72,54,127.0,119.52180968592906,7.478190314070943
72,55,126.0,121.81068037301388,4.189319626986119
72,56,125.0,119.70715917065345,5.292840829346545
72,57,124.0,122.65851574557874,1.3414842544212604
72,58,123.0,110.24331168989603,12.756688310103968
72,59,122.0,117.62738858762442,4.372611412375576
72,60,121.0,113.61967239805224,7.380327601947755
72,61,120.0,116.32928102555644,3.6707189744435595
72,62,119.0,114.62124138248963,4.378758617510371
72,63,118.0,117.40715842165639,0.5928415783436094
72,64,117.0,119.3683769161393,-2.3683769161392974
72,65,116.0,116.55046632248862,-0.5504663224886173
72,66,115.0,111.70409215891857,3.29590784108143
72,67,114.0,117.8510400780793,-3.8510400780792935
72,68,113.0,116.6611512525262,-3.6611512525261958
72,69,112.0,115.51430946680487,-3.5143094668048747
72,70,111.0,115.87094842933509,-4.870948429335087
72,71,110.0,116.90926808753942,-6.909268087539417
72,72,109.0,113.4167354581878,-4.4167354581878016
72,73,108.0,116.66923757190968,-8.669237571909676
72,74,107.0,117.55391492501533,-10.553914925015334
72,75,106.0,114.46674110673902,-8.466741106739022
72,76,105.0,109.64311406623477,-4.643114066234773
72,77,104.0,109.58193446375893,-5.581934463758927
72,78,103.0,112.47838233396728,-9.478382333967275
72,79,102.0,114.03824156262425,-12.03824156262425
72,80,101.0,118.51215015368432,-17.512150153684317
72,81,100.0,111.8899926290661,-11.8899926290661
72,82,99.0,113.13806870685514,-14.138068706855137
72,83,98.0,112.83683768536086,-14.836837685360862
72,84,97.0,116.28708963910783,-19.287089639107833
72,85,96.0,114.03712545020348,-18.037125450203476
72,86,95.0,111.67317012139624,-16.67317012139624
72,87,94.0,110.12103623253135,-16.121036232531353
72,88,93.0,110.55961142130687,-17.55961142130687
72,89,92.0,114.65810283075639,-22.65810283075639
72,90,91.0,110.9389114135713,-19.938911413571304
72,91,90.0,108.68164661572189,-18.68164661572189
72,92,89.0,109.68234293255547,-20.68234293255547
72,93,88.0,104.71621408214766,-16.71621408214766
72,94,87.0,108.66310290871156,-21.663102908711565
72,95,86.0,111.31407838059657,-25.31407838059657
72,96,85.0,111.71966587450693,-26.71966587450693
72,97,84.0,112.16568470127164,-28.165684701271644
72,98,83.0,111.55165851052668,-28.55165851052668
72,99,82.0,110.3430850183058,-28.3430850183058
72,100,81.0,105.27701255885272,-24.277012558852718
72,101,80.0,103.32526767111678,-23.325267671116777
72,102,79.0,107.82884196709601,-28.82884196709601
72,103,78.0,108.41600611916049,-30.416006119160485
72,104,77.0,102.44399769844497,-25.443997698444974
72,105,76.0,99.77323073390905,-23.773230733909045
72,106,75.0,99.8363432143184,-24.836343214318404
72,107,74.0,96.31581306404804,-22.315813064048044
72,108,73.0,94.66766656866425,-21.667666568664245
72,109,72.0,93.12499312565036,-21.124993125650363
72,110,71.0,100.30560725231466,-29.30560725231466
72,111,70.0,99.94110827409432,-29.94110827409432
72,112,69.0,98.90154602690237,-29.901546026902366
72,113,68.0,101.46043701016896,-33.46043701016896
72,114,67.0,96.14526710980584,-29.145267109805843
72,115,66.0,94.95813141950171,-28.95813141950171
72,116,65.0,83.65156184733759,-18.65156184733759
72,117,64.0,88.61905904021695,-24.619059040216953
72,118,63.0,86.29578981865343,-23.295789818653432
72,119,62.0,85.44068159106664,-23.440681591066635
72,120,61.0,87.662057327889,-26.662057327889002
72,121,60.0,83.07302230703283,-23.07302230703283
72,122,59.0,87.00719243423656,-28.007192434236558
72,123,58.0,84.25722217734985,-26.257222177349846
72,124,57.0,79.99847700448791,-22.99847700448791
72,125,56.0,70.76685220664889,-14.766852206648892
72,126,55.0,70.05978331523306,-15.059783315233062
72,127,54.0,66.44446595369507,-12.444465953695072
72,128,53.0,90.26812901047752,-37.26812901047752
72,129,52.0,82.79845471197982,-30.798454711979815
72,130,51.0,77.14823278301348,-26.148232783013484
72,131,50.0,69.28860019346445,-19.288600193464447
73,1,242.0,124.65542633347675,117.34457366652325
73,2,241.0,119.11757511339074,121.88242488660926
73,3,240.0,117.03473444399307,122.96526555600693
73,4,239.0,115.61942103722896,123.38057896277104
73,5,238.0,122.85136079875916,115.14863920124084
73,6,237.0,117.14459849207289,119.85540150792711
73,7,236.0,118.13400805948801,117.86599194051199
73,8,235.0,120.33641992424127,114.66358007575873
73,9,234.0,122.55985188832562,111.44014811167438
73,10,233.0,124.06473261804744,108.93526738195256
73,11,232.0,118.45041973841843,113.54958026158157
73,12,231.0,118.3071584203881,112.6928415796119
73,13,230.0,122.52469312257206,107.47530687742794
73,14,229.0,120.58530759675473,108.41469240324527
73,15,228.0,122.68667053524128,105.31332946475872
73,16,227.0,124.55809340736623,102.44190659263377
73,17,226.0,125.0,101.0
73,18,225.0,123.61495736829502,101.38504263170498
73,19,224.0,121.32653966700448,102.67346033299552
73,20,223.0,120.00711731957665,102.99288268042335
73,21,222.0,122.95203230941185,99.04796769058815
73,22,221.0,120.92884118679528,100.07115881320472
73,23,220.0,122.02740429948987,97.97259570051013
73,24,219.0,124.06132306176725,94.93867693823275
73,25,218.0,124.66226955686948,93.33773044313052
73,26,217.0,124.38093411442392,92.61906588557608
73,27,216.0,117.188956623022,98.811043376978
73,28,215.0,119.64261062839202,95.35738937160798
73,29,214.0,120.47213477704545,93.52786522295455
73,30,213.0,117.0794377095933,95.9205622904067
73,31,212.0,118.12667236847558,93.87332763152442
73,32,211.0,121.38832681862387,89.61167318137613
73,33,210.0,120.50823004887445,89.49176995112555
73,34,209.0,121.02401665685092,87.97598334314908
73,35,208.0,121.28423764327421,86.71576235672579
73,36,207.0,121.63373435956302,85.36626564043698
73,37,206.0,121.6435745368418,84.3564254631582
73,38,205.0,124.02241307812706,80.97758692187294
73,39,204.0,125.0,79.0
73,40,203.0,124.36011209786676,78.63988790213324
73,41,202.0,125.0,77.0
73,42,201.0,124.94236553519733,76.05763446480267
73,43,200.0,125.0,75.0
73,44,199.0,125.0,74.0
73,45,198.0,125.0,73.0
73,46,197.0,125.0,72.0
73,47,196.0,124.43944775706998,71.56055224293002
73,48,195.0,123.8209702026001,71.1790297973999
73,49,194.0,125.0,69.0
73,50,193.0,125.0,68.0
73,51,192.0,124.51918302098217,67.48081697901783
73,52,191.0,125.0,66.0
73,53,190.0,125.0,65.0
73,54,189.0,125.0,64.0
73,55,188.0,124.70516197626753,63.29483802373247
73,56,187.0,124.1875460512226,62.8124539487774
73,57,186.0,125.0,61.0
73,58,185.0,125.0,60.0
73,59,184.0,124.63272445793775,59.367275542062245
73,60,183.0,124.62853898858694,58.37146101141306
73,61,182.0,124.29342352352494,57.706576476475064
73,62,181.0,123.44376114987233,57.55623885012767
73,63,180.0,123.33909881010591,56.66090118989409
73,64,179.0,122.96323834762738,56.03676165237262
73,65,178.0,122.82344048194867,55.176559518051334
73,66,177.0,122.76569662526812,54.23430337473188
73,67,176.0,122.85490150159906,53.14509849840094
73,68,175.0,121.80703875789918,53.19296124210082
73,69,174.0,121.95299542394866,52.047004576051336
73,70,173.0,122.5527598997671,50.447240100232904
73,71,172.0,121.9798803882377,50.0201196117623
73,72,171.0,123.0338432032369,47.9661567967631
73,73,170.0,123.95954390878607,46.040456091213926
73,74,169.0,124.41324972142749,44.58675027857251
73,75,168.0,123.78101178489719,44.21898821510281
73,76,167.0,122.82619334283895,44.17380665716105
73,77,166.0,122.96149440161521,43.03850559838479
73,78,165.0,123.6360161974426,41.3639838025574
73,79,164.0,122.9225586250016,41.0774413749984
73,80,163.0,119.13040245449136,43.86959754550864
73,81,162.0,120.127409430206,41.872590569794
73,82,161.0,119.31003667276286,41.68996332723714
73,83,160.0,119.09403210184134,40.905967898158664
73,84,159.0,120.96712536431428,38.032874635685715
73,85,158.0,119.39912593803761,38.60087406196239
73,86,157.0,116.40591695364759,40.59408304635241
73,87,156.0,116.87496859036256,39.125031409637444
73,88,155.0,118.70253059044728,36.29746940955272
73,89,154.0,117.47311568530172,36.52688431469828
73,90,153.0,115.77752277382427,37.22247722617573
73,91,152.0,117.38310749185305,34.61689250814695
73,92,151.0,118.7530257809754,32.246974219024594
73,93,150.0,117.54328353693366,32.45671646306634
73,94,149.0,118.83373647133891,30.16626352866109
73,95,148.0,118.23250815485129,29.76749184514871
73,96,147.0,114.36653265911275,32.63346734088725
73,97,146.0,113.94205594627638,32.05794405372362
73,98,145.0,105.52863722367753,39.471362776322465
73,99,144.0,107.68555893196596,36.31444106803404
73,100,143.0,110.03963491911244,32.960365080887556
73,101,142.0,109.22362540767732,32.77637459232268
73,102,141.0,106.67543643506322,34.32456356493678
73,103,140.0,110.82419210924584,29.175807890754157
73,104,139.0,108.15815018698264,30.84184981301736
73,105,138.0,111.75437168195805,26.245628318041952
73,106,137.0,114.81027472316052,22.189725276839482
73,107,136.0,115.21278602832238,20.787213971677616
73,108,135.0,106.13938547859705,28.86061452140295
73,109,134.0,107.89876550386657,26.10123449613343
73,110,133.0,103.68670080517519,29.313299194824808
73,111,132.0,107.16345646602278,24.83654353397722
73,112,131.0,108.42238512724266,22.577614872757337
74,1,262.0,124.89917853103104,137.10082146896895
74,2,261.0,115.9763807337296,145.0236192662704
74,3,260.0,125.0,135.0
74,4,259.0,125.0,134.0
74,5,258.0,125.0,133.0
74,6,257.0,125.0,132.0
74,7,256.0,125.0,131.0
74,8,255.0,119.6499660847895,135.3500339152105
74,9,254.0,125.0,129.0
74,10,253.0,125.0,128.0
74,11,252.0,123.7116026187879,128.28839738121212
74,12,251.0,121.16661580204742,129.83338419795257
74,13,250.0,123.46366304223156,126.53633695776844
74,14,249.0,121.1391548238036,127.8608451761964
74,15,248.0,124.59705442908066,123.40294557091934
74,16,247.0,124.98011797356571,122.01988202643429
74,17,246.0,121.80859240184728,124.19140759815272
74,18,245.0,124.60121316808925,120.39878683191075
74,19,244.0,122.03657507318526,121.96342492681474
74,20,243.0,125.0,118.0
74,21,242.0,124.79376048980374,117.20623951019626
74,22,241.0,121.40830669881225,119.59169330118775
74,23,240.0,120.88176942993762,119.11823057006238
74,24,239.0,119.1074537740999,119.8925462259001
74,25,238.0,120.46017814890233,117.53982185109767
74,26,237.0,98.6986385717757,138.3013614282243
74,27,236.0,109.36661282792974,126.63338717207026
74,28,235.0,106.9389292092409,128.06107079075912
74,29,234.0,114.1304503665399,119.8695496334601
74,30,233.0,118.17991949232518,114.82008050767482
74,31,232.0,109.41744932454141,122.58255067545859
74,32,231.0,118.6689647654017,112.3310352345983
74,33,230.0,121.70584376346574,108.29415623653426
74,34,229.0,121.33410759995479,107.66589240004521
74,35,228.0,122.2395184006219,105.7604815993781
74,36,227.0,122.0570316241565,104.9429683758435
74,37,226.0,123.83489963804688,102.16510036195312
74,38,225.0,123.90696077657535,101.09303922342465
74,39,224.0,122.45977097632283,101.54022902367717
74,40,223.0,121.84744123885271,101.15255876114729
74,41,222.0,122.28828425521571,99.71171574478429
74,42,221.0,124.03933074710548,96.96066925289452
74,43,220.0,125.0,95.0
74,44,219.0,125.0,94.0
74,45,218.0,123.62408240747106,94.37591759252894
74,46,217.0,123.4363118264782,93.5636881735218
74,47,216.0,124.91446546720057,91.08553453279943
74,48,215.0,122.04336328656399,92.95663671343601
74,49,214.0,121.29161494419144,92.70838505580856
74,50,213.0,123.6748345386541,89.3251654613459
74,51,212.0,124.04357642040632,87.95642357959368
74,52,211.0,122.66451455558719,88.33548544441281
74,53,210.0,122.96349584433052,87.03650415566948
74,54,209.0,123.15929060068497,85.84070939931503
74,55,208.0,122.86438898325171,85.13561101674829
74,56,207.0,123.0809696547426,83.9190303452574
74,57,206.0,123.51513954442777,82.48486045557223
74,58,205.0,125.0,80.0
74,59,204.0,124.09879681010361,79.90120318989639
74,60,203.0,123.51678589807383,79.48321410192617
74,61,202.0,124.7040342649753,77.2959657350247
74,62,201.0,123.46450280829968,77.53549719170032
74,63,200.0,123.16999726650054,76.83000273349946
74,64,199.0,123.86710442400172,75.13289557599828
74,65,198.0,124.68409688333323,73.31590311666677
74,66,197.0,124.61802417688911,72.38197582311089
74,67,196.0,125.0,71.0
74,68,195.0,125.0,70.0
74,69,194.0,123.6699840143424,70.3300159856576
74,70,193.0,124.76448378974324,68.23551621025676
74,71,192.0,123.44357893430778,68.55642106569222
74,72,191.0,122.94177215919771,68.05822784080229
74,73,190.0,119.84542913810883,70.15457086189117
74,74,189.0,122.43156754374931,66.56843245625069
74,75,188.0,124.66534851750323,63.33465148249677
74,76,187.0,123.16240370575366,63.83759629424634
74,77,186.0,123.15144700508596,62.848552994914044
74,78,185.0,121.45838255564647,63.541617444353534
74,79,184.0,123.94376446940981,60.056235530590186
74,80,183.0,123.13630213712676,59.86369786287324
74,81,182.0,123.69321634543526,58.30678365456474
74,82,181.0,123.18474855375018,57.81525144624982
74,83,180.0,119.00171219764134,60.99828780235866
74,84,179.0,123.05125748005658,55.94874251994342
74,85,178.0,121.34070603155789,56.659293968442114
74,86,177.0,117.36125247883788,59.63874752116212
74,87,176.0,118.71593329065968,57.28406670934032
74,88,175.0,120.68277842389439,54.31722157610561
74,89,174.0,123.12397006483425,50.87602993516575
74,90,173.0,122.44515421497047,50.55484578502953
74,91,172.0,122.43876035363964,49.56123964636036
74,92,171.0,119.91959648887399,51.08040351112601
74,93,170.0,118.84031240813829,51.15968759186171
74,94,169.0,121.58203370860349,47.41796629139651
74,95,168.0,116.6476823291089,51.3523176708911
74,96,167.0,121.46603932343895,45.53396067656105
74,97,166.0,120.49767455264812,45.50232544735188
74,98,165.0,116.79749813861027,48.202501861389734
74,99,164.0,117.97706337833725,46.02293662166275
74,100,163.0,116.34717031489302,46.65282968510698
74,101,162.0,117.56993847125004,44.43006152874996
74,102,161.0,114.6169812959383,46.3830187040617
74,103,160.0,115.61819550446099,44.381804495539015
74,104,159.0,119.75459558294656,39.245404417053436
74,105,158.0,118.69391924436336,39.30608075563664
74,106,157.0,117.9865495358511,39.0134504641489
74,107,156.0,113.69811163884245,42.30188836115755
74,108,155.0,112.69381764933863,42.30618235066137
74,109,154.0,111.34078271206448,42.65921728793552
74,110,153.0,112.45845720605995,40.54154279394005
74,111,152.0,113.10228874863827,38.89771125136173
74,112,151.0,111.97626928174049,39.023730718259515
74,113,150.0,107.89314536156733,42.106854638432665
74,114,149.0,105.09280604889334,43.90719395110666
74,115,148.0,103.46712918168816,44.532870818311835
74,116,147.0,114.97149382888612,32.028506171113875
74,117,146.0,116.52474730070588,29.475252699294117
74,118,145.0,114.73448261991895,30.26551738008105
74,119,144.0,115.98122196425308,28.01877803574692
74,120,143.0,117.07235491882953,25.927645081170468
74,121,142.0,114.61696784192279,27.383032158077214
74,122,141.0,115.76687735306409,25.23312264693591
74,123,140.0,110.44745123003575,29.552548769964247
74,124,139.0,108.53639731313125,30.463602686868754
74,125,138.0,113.77249911075486,24.227500889245135
74,126,137.0,121.232744121436,15.767255878564
74,127,136.0,117.92741350494545,18.07258649505455
74,128,135.0,120.10354666195894,14.896453338041056
74,129,134.0,117.74651517801883,16.253484821981175
74,130,133.0,113.60531334534338,19.394686654656624
74,131,132.0,113.97162379115572,18.02837620884428
74,132,131.0,113.99383488181539,17.00616511818461
74,133,130.0,109.24500227640414,20.754997723595864
74,134,129.0,111.43227254965159,17.567727450348414
74,135,128.0,113.46149305267913,14.538506947320869
74,136,127.0,111.20130616140212,15.798693838597885
74,137,126.0,108.59887395171694,17.40112604828306
75,1,200.0,125.0,75.0
75,2,199.0,111.87312870952505,87.12687129047495
75,3,198.0,123.78355637147784,74.21644362852216
75,4,197.0,121.2283211807404,75.7716788192596
75,5,196.0,118.15533441145632,77.84466558854368
75,6,195.0,117.67294922686085,77.32705077313915
75,7,194.0,118.53064753197587,75.46935246802413
75,8,193.0,104.21606458347658,88.78393541652342
75,9,192.0,124.6167449645431,67.3832550354569
75,10,191.0,125.0,66.0
75,11,190.0,123.95274100719976,66.04725899280024
75,12,189.0,122.25186183394794,66.74813816605206
75,13,188.0,124.95755682028545,63.04244317971455
75,14,187.0,125.0,62.0
75,15,186.0,125.0,61.0
75,16,185.0,125.0,60.0
75,17,184.0,122.93867746713946,61.061322532860544
75,18,183.0,119.53816471122879,63.46183528877121
75,19,182.0,119.79779737524994,62.20220262475006
75,20,181.0,120.15184820757922,60.84815179242078
75,21,180.0,118.01035492673346,61.989645073266544
75,22,179.0,110.70304124062714,68.29695875937286
75,23,178.0,114.7927675210015,63.207232478998506
75,24,177.0,125.0,52.0
75,25,176.0,124.95831509723851,51.04168490276149
75,26,175.0,121.44295445931645,53.557045540683546
75,27,174.0,121.94635013936599,52.05364986063401
75,28,173.0,119.31538366432963,53.68461633567037
75,29,172.0,121.26894015901591,50.73105984098409
75,30,171.0,123.05666491609678,47.94333508390322
75,31,170.0,120.9097119520459,49.090288047954104
75,32,169.0,123.25324649435956,45.74675350564044
75,33,168.0,121.19244490080024,46.80755509919976
75,34,167.0,122.45136508615008,44.548634913849924
75,35,166.0,122.27679283142032,43.72320716857968
75,36,165.0,122.96539436060306,42.03460563939694
75,37,164.0,123.04857332361172,40.95142667638828
75,38,163.0,122.30096888938415,40.69903111061585
75,39,162.0,123.33081151525751,38.66918848474249
75,40,161.0,122.19491420103266,38.80508579896734
75,41,160.0,123.43925083606305,36.56074916393695
75,42,159.0,121.25621434406308,37.74378565593692
75,43,158.0,120.01610804370624,37.98389195629376
75,44,157.0,118.32697073175991,38.673029268240086
75,45,156.0,117.69130008822646,38.308699911773544
75,46,155.0,119.93637795708155,35.06362204291845
75,47,154.0,117.7518168958046,36.248183104195405
75,48,153.0,118.49958320818351,34.50041679181649
75,49,152.0,118.41716688307127,33.582833116928725
75,50,151.0,118.25627837803911,32.74372162196089
75,51,150.0,121.17372219345766,28.826277806542336
75,52,149.0,118.66969471982233,30.33030528017767
75,53,148.0,122.27402292786208,25.725977072137923
75,54,147.0,120.32982962288833,26.670170377111674
75,55,146.0,120.63859846930764,25.361401530692362
75,56,145.0,119.92000239626122,25.079997603738775
75,57,144.0,123.01669816085186,20.98330183914814
75,58,143.0,120.09755911270538,22.902440887294617
75,59,142.0,118.57844103029936,23.42155896970064
75,60,141.0,121.01223188642544,19.98776811357456
75,61,140.0,119.45428748416552,20.54571251583448
75,62,139.0,118.91562315665573,20.084376843344273
75,63,138.0,118.7831659941516,19.216834005848398
75,64,137.0,118.25385599552465,18.746144004475354
75,65,136.0,119.04045734149479,16.959542658505214
75,66,135.0,114.11703429486506,20.882965705134936
75,67,134.0,113.20964546357497,20.790354536425028
75,68,133.0,115.67841114728682,17.321588852713177
75,69,132.0,113.76907920961524,18.230920790384758
75,70,131.0,110.44376855974065,20.556231440259353
75,71,130.0,111.41090744115562,18.589092558844385
75,72,129.0,113.63770101223164,15.362298987768355
75,73,128.0,109.59419472675525,18.405805273244752
75,74,127.0,107.84594897093345,19.15405102906655
75,75,126.0,105.65746235876746,20.34253764123254
75,76,125.0,109.13940870140816,15.860591298591842
75,77,124.0,109.94850653325057,14.051493466749434
75,78,123.0,105.98182475182733,17.018175248172668
75,79,122.0,110.90104278394558,11.098957216054416
75,80,121.0,106.21916647933729,14.78083352066271
75,81,120.0,113.67375699423296,6.32624300576704
75,82,119.0,111.64151324592743,7.3584867540725725
75,83,118.0,110.01631304222911,7.983686957770885
75,84,117.0,106.19473565364578,10.805264346354221
75,85,116.0,104.03415855428385,11.965841445716151
75,86,115.0,90.65004594623534,24.349954053764662
75,87,114.0,100.76655806286395,13.23344193713605
75,88,113.0,105.30623321831163,7.6937667816883675
76,1,214.0,125.0,89.0
76,2,213.0,123.75144201562173,89.24855798437827
76,3,212.0,125.0,87.0
76,4,211.0,117.46042290596327,93.53957709403673
76,5,210.0,123.39306717764971,86.60693282235029
76,6,209.0,124.64965472098946,84.35034527901054
76,7,208.0,125.0,83.0
76,8,207.0,125.0,82.0
76,9,206.0,125.0,81.0
76,10,205.0,125.0,80.0
76,11,204.0,125.0,79.0
76,12,203.0,125.0,78.0
76,13,202.0,125.0,77.0
76,14,201.0,125.0,76.0
76,15,200.0,125.0,75.0
76,16,199.0,125.0,74.0
76,17,198.0,125.0,73.0
76,18,197.0,125.0,72.0
76,19,196.0,125.0,71.0
76,20,195.0,125.0,70.0
76,21,194.0,125.0,69.0
76,22,193.0,125.0,68.0
76,23,192.0,125.0,67.0
76,24,191.0,125.0,66.0
76,25,190.0,125.0,65.0
76,26,189.0,124.36475000564181,64.63524999435819
76,27,188.0,125.0,63.0
76,28,187.0,122.95592939769924,64.04407060230076
76,29,186.0,124.88712278201086,61.11287721798914
76,30,185.0,124.79954019143392,60.20045980856608
76,31,184.0,125.0,59.0
76,32,183.0,125.0,58.0
76,33,182.0,125.0,57.0
76,34,181.0,125.0,56.0
76,35,180.0,125.0,55.0
76,36,179.0,124.323110535913,54.676889464087
76,37,178.0,125.0,53.0
76,38,177.0,124.99070953587433,52.00929046412567
76,39,176.0,125.0,51.0
76,40,175.0,125.0,50.0
76,41,174.0,125.0,49.0
76,42,173.0,125.0,48.0
76,43,172.0,125.0,47.0
76,44,171.0,125.0,46.0
76,45,170.0,124.1959410448304,45.804058955169594
76,46,169.0,125.0,44.0
76,47,168.0,124.97105732364928,43.028942676350724
76,48,167.0,124.1526689396696,42.847331060330404
76,49,166.0,125.0,41.0
76,50,165.0,123.57772627945592,41.422273720544084
76,51,164.0,124.63314819996302,39.36685180003698
76,52,163.0,124.5561849473409,38.443815052659104
76,53,162.0,123.44907492933702,38.550925070662984
76,54,161.0,125.0,36.0
76,55,160.0,122.4358537801911,37.564146219808904
76,56,159.0,123.219579882319,35.780420117681004
76,57,158.0,122.92723261303146,35.072767386968536
76,58,157.0,122.76559875272507,34.23440124727493
76,59,156.0,123.53891125053917,32.46108874946083
76,60,155.0,122.2395601948829,32.7604398051171
76,61,154.0,124.96832357750993,29.031676422490065
76,62,153.0,121.56990059601077,31.43009940398923
76,63,152.0,122.99181744137067,29.00818255862933
76,64,151.0,122.45700379271958,28.542996207280424
76,65,150.0,123.01605173692845,26.983948263071554
76,66,149.0,123.37041297560278,25.629587024397225
76,67,148.0,123.13303265286432,24.866967347135684
76,68,147.0,121.88807406361728,25.11192593638272
76,69,146.0,122.48118073879638,23.518819261203618
76,70,145.0,120.9624719200178,24.037528079982195
76,71,144.0,117.93582040350104,26.06417959649896
76,72,143.0,121.65103328135581,21.348966718644192
76,73,142.0,118.84789573035313,23.15210426964687
76,74,141.0,118.66588742178978,22.334112578210224
76,75,140.0,114.29618031888958,25.703819681110417
76,76,139.0,117.68975930987759,21.310240690122413
76,77,138.0,114.96043381576824,23.03956618423176
76,78,137.0,111.72186938629731,25.278130613702686
76,79,136.0,112.2933253540351,23.706674645964895
76,80,135.0,113.51210707512567,21.48789292487433
76,81,134.0,106.14301185228747,27.856988147712528
76,82,133.0,111.8634641218057,21.136535878194294
76,83,132.0,108.76892410501009,23.231075894989914
76,84,131.0,111.87565229286747,19.12434770713253
76,85,130.0,114.06303054309487,15.936969456905132
76,86,129.0,110.81971687830031,18.180283121699688
76,87,128.0,108.79115580034409,19.208844199655914
76,88,127.0,104.26910127716886,22.730898722831142
76,89,126.0,105.52797738997424,20.47202261002576
76,90,125.0,110.03365928073994,14.96634071926006
76,91,124.0,107.88686054130346,16.113139458696537
76,92,123.0,107.63818418582015,15.361815814179849
76,93,122.0,107.85464568415256,14.145354315847442
76,94,121.0,111.56511015645806,9.434889843541939
76,95,120.0,108.9103131194902,11.089686880509802
76,96,119.0,110.08976518727181,8.910234812728191
76,97,118.0,114.42513420073999,3.57486579926001
76,98,117.0,114.69685882747497,2.303141172525031
76,99,116.0,109.99695378778337,6.003046212216631
76,100,115.0,106.47979032143603,8.520209678563972
76,101,114.0,107.63451914996546,6.365480850034544
76,102,113.0,106.95736402369857,6.042635976301426
76,103,112.0,110.5932895114548,1.406710488545201
76,104,111.0,107.20123027900871,3.798769720991288
76,105,110.0,112.50551784424924,-2.5055178442492405
76,106,109.0,108.73839183059096,0.26160816940904397
76,107,108.0,105.3469950744321,2.653004925567899
76,108,107.0,111.38859363891412,-4.3885936389141165
76,109,106.0,102.14475300161813,3.8552469983818725
76,110,105.0,109.20750239529798,-4.207502395297979
76,111,104.0,113.61648369274508,-9.616483692745078
76,112,103.0,106.5064604411377,-3.5064604411377047
76,113,102.0,105.72880684394606,-3.72880684394606
76,114,101.0,108.41307294598165,-7.413072945981654
76,115,100.0,112.27499492638553,-12.274994926385531
76,116,99.0,115.90107913614673,-16.901079136146734
76,117,98.0,104.10625276495176,-6.106252764951762
76,118,97.0,100.04407865773558,-3.0440786577355823
76,119,96.0,112.8866108569867,-16.886610856986707
76,120,95.0,105.29096111634549,-10.290961116345485
76,121,94.0,105.46219521941362,-11.462195219413616
76,122,93.0,109.94053935927523,-16.940539359275235
76,123,92.0,106.84682169452428,-14.84682169452428
76,124,91.0,107.19134358126205,-16.191343581262046
76,125,90.0,98.08836428752434,-8.088364287524342
76,126,89.0,101.54451317896546,-12.54451317896546
76,127,88.0,104.3595246354129,-16.359524635412896
76,128,87.0,92.99738725550445,-5.997387255504449
76,129,86.0,98.93207460124681,-12.93207460124681
76,130,85.0,88.97292093179249,-3.972920931792487
76,131,84.0,88.01190313864923,-4.011903138649231
76,132,83.0,86.22634515117949,-3.226345151179487
76,133,82.0,86.92847889556442,-4.9284788955644245
76,134,81.0,83.87502279820221,-2.8750227982022096
76,135,80.0,80.45481024062667,-0.45481024062667075
76,136,79.0,75.31455863023275,3.685441369767247
76,137,78.0,80.96760179497092,-2.9676017949709177
76,138,77.0,77.89433758680546,-0.894337586805463
76,139,76.0,73.6179246017407,2.3820753982593033
76,140,75.0,72.1805024602469,2.819497539753101
76,141,74.0,77.85562565030443,-3.8556256503044324
76,142,73.0,72.96290068844033,0.03709931155967183
76,143,72.0,76.4004539977194,-4.400453997719396
76,144,71.0,75.2916117963445,-4.2916117963444975
76,145,70.0,67.72043631672109,2.2795636832789086
76,146,69.0,68.67429505297078,0.32570494702922304
76,147,68.0,75.2677318111735,-7.267731811173505
76,148,67.0,72.18536013133105,-5.185360131331052
76,149,66.0,76.98281596595886,-10.982815965958864
76,150,65.0,66.90152179990694,-1.901521799906945
76,151,64.0,69.21290255196264,-5.212902551962642
76,152,63.0,70.84864145613848,-7.8486414561384805
76,153,62.0,68.73428550134577,-6.7342855013457665
76,154,61.0,66.46119252090617,-5.461192520906167
76,155,60.0,67.61274893906959,-7.61274893906959
76,156,59.0,69.45038573779898,-10.450385737798982
76,157,58.0,65.06711805674735,-7.067118056747347
76,158,57.0,63.294459270987645,-6.294459270987645
76,159,56.0,61.45121263745038,-5.451212637450382
76,160,55.0,60.25535518189904,-5.255355181899041
76,161,54.0,65.13519462552085,-11.135194625520853
76,162,53.0,62.66899617217726,-9.668996172177259
76,163,52.0,58.82963949125933,-6.829639491259329
76,164,51.0,57.19181832535515,-6.19181832535515
76,165,50.0,53.38836053527633,-3.388360535276327
76,166,49.0,55.2530136892819,-6.2530136892819
76,167,48.0,53.212811173304296,-5.212811173304296
76,168,47.0,49.91471681387907,-2.9147168138790676
76,169,46.0,48.87687940697373,-2.8768794069737282
76,170,45.0,44.672272017180106,0.32772798281989424
76,171,44.0,45.96284041254886,-1.9628404125488572
76,172,43.0,42.50159575876021,0.49840424123978977
76,173,42.0,41.759724049506765,0.2402759504932348
76,174,41.0,44.507316744848126,-3.5073167448481257
76,175,40.0,39.79429617625755,0.20570382374245355
76,176,39.0,45.36748468427393,-6.367484684273933
76,177,38.0,39.10374105223431,-1.1037410522343123
76,178,37.0,38.385911337674564,-1.385911337674564
76,179,36.0,35.916074259146924,0.08392574085307558
76,180,35.0,34.21334239832086,0.7866576016791385
76,181,34.0,32.929054554748404,1.0709454452515956
76,182,33.0,32.32994043560915,0.6700595643908471
76,183,32.0,32.94198045457898,-0.9419804545789816
76,184,31.0,26.80388792156627,4.196112078433728
76,185,30.0,25.83357120473076,4.1664287952692405
76,186,29.0,25.333889737193587,3.666110262806413
76,187,28.0,24.251727647122728,3.7482723528772723
76,188,27.0,23.57196570029464,3.4280342997053594
76,189,26.0,22.982737835386914,3.0172621646130864
76,190,25.0,22.416512631702783,2.5834873682972166
76,191,24.0,21.451146761784386,2.5488532382156137
76,192,23.0,18.78704056903029,4.212959430969711
76,193,22.0,17.538715388134815,4.461284611865185
76,194,21.0,14.659089622032411,6.340910377967589
76,195,20.0,15.893208607916675,4.106791392083325
76,196,19.0,14.031905275126707,4.968094724873293
76,197,18.0,13.845713358012667,4.154286641987333
76,198,17.0,11.334751711764037,5.665248288235963
76,199,16.0,11.61184381818608,4.388156181813921
76,200,15.0,10.853217034977243,4.146782965022757
76,201,14.0,10.637198780061544,3.362801219938456
76,202,13.0,11.255676458177337,1.7443235418226628
76,203,12.0,9.655538620100964,2.3444613798990357
76,204,11.0,8.564140617002783,2.435859382997217
76,205,10.0,7.549074987472918,2.4509250125270823
77,1,195.0,124.37886663408938,70.62113336591062
77,2,194.0,119.74622832140173,74.25377167859827
77,3,193.0,111.73886944805956,81.26113055194044
77,4,192.0,117.10885420809024,74.89114579190976
77,5,191.0,122.68878612754045,68.31121387245955
77,6,190.0,121.10027441836456,68.89972558163544
77,7,189.0,124.41967912872796,64.58032087127204
77,8,188.0,121.88776948148173,66.11223051851827
77,9,187.0,121.339586789369,65.660413210631
77,10,186.0,111.07144687929056,74.92855312070944
77,11,185.0,115.29584661071122,69.70415338928878
77,12,184.0,118.63902790976562,65.36097209023438
77,13,183.0,120.87890737768646,62.12109262231354
77,14,182.0,125.0,57.0
77,15,181.0,120.31530890399377,60.68469109600623
77,16,180.0,120.78007317350966,59.21992682649034
77,17,179.0,123.33510923271902,55.66489076728098
77,18,178.0,121.89544674958836,56.10455325041164
77,19,177.0,124.52618798602602,52.47381201397398
77,20,176.0,122.10641402117912,53.89358597882088
77,21,175.0,121.98165243622702,53.01834756377298
77,22,174.0,121.10204464199124,52.89795535800876
77,23,173.0,122.25590870755889,50.74409129244111
77,24,172.0,124.87939985727569,47.120600142724314
77,25,171.0,123.07288064393208,47.92711935606792
77,26,170.0,122.77244151474206,47.227558485257944
77,27,169.0,122.18292568920471,46.81707431079529
77,28,168.0,117.62788332879947,50.37211667120053
77,29,167.0,116.87162917917993,50.12837082082007
77,30,166.0,119.68506697035731,46.31493302964269
77,31,165.0,120.5852189567175,44.4147810432825
77,32,164.0,118.08264671841312,45.917353281586884
77,33,163.0,121.11158517068885,41.888414829311145
77,34,162.0,119.25399996450204,42.74600003549796
77,35,161.0,121.29810069617463,39.70189930382537
77,36,160.0,121.31292644515104,38.687073554848965
77,37,159.0,120.56928486346897,38.430715136531035
77,38,158.0,118.63252904999375,39.36747095000625
77,39,157.0,119.80281426540662,37.197185734593376
77,40,156.0,119.24753824759068,36.75246175240932
77,41,155.0,118.1667117620439,36.8332882379561
77,42,154.0,120.01431898827234,33.985681011727664
77,43,153.0,118.85249308167583,34.14750691832417
77,44,152.0,118.55412740709785,33.44587259290215
77,45,151.0,117.0973549839903,33.9026450160097
77,46,150.0,116.67392784869168,33.326072151308324
77,47,149.0,114.85695571987465,34.14304428012535
77,48,148.0,119.78256779031247,28.21743220968753
77,49,147.0,120.55895991822176,26.44104008177824
77,50,146.0,117.62617372796305,28.37382627203695
77,51,145.0,118.09865021862356,26.90134978137644
77,52,144.0,115.21474556542557,28.785254434574426
77,53,143.0,116.57336073131214,26.426639268687865
77,54,142.0,121.35325326018484,20.646746739815157
77,55,141.0,123.16451608394713,17.835483916052866
77,56,140.0,123.48453780244522,16.515462197554783
77,57,139.0,123.44648121516106,15.553518784838943
77,58,138.0,123.84147744981209,14.15852255018791
77,59,137.0,124.31660490318535,12.68339509681465
77,60,136.0,119.2519209921012,16.748079007898795
77,61,135.0,122.50362080173046,12.496379198269537
77,62,134.0,122.62120967890435,11.37879032109565
77,63,133.0,120.47200789468184,12.527992105318162
77,64,132.0,121.18357881856231,10.81642118143769
77,65,131.0,119.59634708322223,11.403652916777773
77,66,130.0,119.88009314523623,10.11990685476377
77,67,129.0,120.19624768214221,8.803752317857786
77,68,128.0,120.04014357722646,7.959856422773541
77,69,127.0,121.41896111671481,5.5810388832851885
77,70,126.0,119.11726431710636,6.882735682893639
77,71,125.0,118.69909550396099,6.30090449603901
77,72,124.0,118.915891615629,5.084108384371007
77,73,123.0,117.87451456996311,5.125485430036889
77,74,122.0,118.48737368866709,3.512626311332909
77,75,121.0,120.5473492118542,0.45265078814580306
77,76,120.0,118.15322226922306,1.8467777307769353
77,77,119.0,115.03595394800082,3.9640460519991763
77,78,118.0,111.42773209234348,6.572267907656524
77,79,117.0,113.54501011332133,3.454989886678675
77,80,116.0,114.62520384987158,1.374796150128418
77,81,115.0,113.45247646558491,1.5475235344150917
77,82,114.0,112.72571660873747,1.2742833912625287
77,83,113.0,112.48992876997347,0.5100712300265258
77,84,112.0,113.42674159284519,-1.4267415928451896
77,85,111.0,112.49298003756306,-1.4929800375630577
77,86,110.0,110.3979771156042,-0.39797711560420623
77,87,109.0,94.76585108301093,14.23414891698907
77,88,108.0,108.91289147568637,-0.9128914756863651
77,89,107.0,109.35978534074911,-2.359785340749113
77,90,106.0,113.77469102953182,-7.774691029531823
77,91,105.0,114.90015729596124,-9.900157295961236
77,92,104.0,111.49720296819645,-7.497202968196447
77,93,103.0,114.68406764581074,-11.684067645810742
77,94,102.0,112.52420689926232,-10.524206899262325
77,95,101.0,111.50502515109599,-10.505025151095992
77,96,100.0,105.13722989802497,-5.1372298980249695
77,97,99.0,105.2604481424195,-6.260448142419506
77,98,98.0,105.68008912582143,-7.680089125821425
77,99,97.0,104.00130965736648,-7.001309657366477
77,100,96.0,97.82311534183138,-1.8231153418313824
77,101,95.0,103.96591849246585,-8.965918492465846
77,102,94.0,100.5678291660455,-6.567829166045499
77,103,93.0,103.7223106987709,-10.722310698770897
77,104,92.0,108.12635660298305,-16.12635660298305
77,105,91.0,107.74434239302752,-16.744342393027523
77,106,90.0,113.65375184978798,-23.65375184978798
77,107,89.0,115.83955911506946,-26.839559115069463
77,108,88.0,113.76264283549233,-25.76264283549233
77,109,87.0,116.9321010576048,-29.932101057604797
77,110,86.0,112.76322563194189,-26.763225631941893
77,111,85.0,109.88636430231807,-24.88636430231807
77,112,84.0,97.91543325087703,-13.91543325087703
77,113,83.0,109.17592483241718,-26.17592483241718
77,114,82.0,102.8927134519602,-20.892713451960205
77,115,81.0,86.74566195593228,-5.7456619559322775
77,116,80.0,83.83928811096493,-3.8392881109649295
77,117,79.0,92.5388988066166,-13.5388988066166
77,118,78.0,81.21813998865083,-3.218139988650833
77,119,77.0,70.06732715219444,6.932672847805563
77,120,76.0,75.95296340858066,0.047036591419342244
77,121,75.0,66.0195652111919,8.980434788808097
77,122,74.0,70.38571378221994,3.6142862177800623
77,123,73.0,74.24442354902854,-1.2444235490285394
77,124,72.0,76.9865925638374,-4.986592563837405
77,125,71.0,79.18166565469672,-8.181665654696715
77,126,70.0,69.84499130501543,0.15500869498457348
77,127,69.0,70.64595969309441,-1.6459596930944116
77,128,68.0,72.33333165199046,-4.333331651990463
77,129,67.0,70.97122612294444,-3.9712261229444437
77,130,66.0,67.2562502982047,-1.256250298204705
77,131,65.0,70.57206511179452,-5.572065111794515
77,132,64.0,68.56949167106204,-4.569491671062039
77,133,63.0,73.18210720165989,-10.182107201659889
77,134,62.0,59.261396567636375,2.7386034323636252
77,135,61.0,54.67899480715362,6.321005192846378
77,136,60.0,56.34618158016492,3.6538184198350834
77,137,59.0,50.10663121407604,8.893368785923961
77,138,58.0,56.08858551220865,1.9114144877913475
77,139,57.0,57.52575295616392,-0.5257529561639203
77,140,56.0,57.564782347128,-1.564782347128002
77,141,55.0,53.94985655080758,1.0501434491924186
77,142,54.0,53.283290104680994,0.7167098953190063
77,143,53.0,54.336864772640155,-1.3368647726401548
77,144,52.0,56.77430652206932,-4.774306522069317
77,145,51.0,43.14758452267575,7.85241547732425
77,146,50.0,41.43389473357048,8.566105266429517
77,147,49.0,43.5608458591755,5.439154140824499
77,148,48.0,47.78755750000586,0.21244249999413967
77,149,47.0,47.141472290893496,-0.14147229089349622
77,150,46.0,42.39452297785914,3.6054770221408603
77,151,45.0,40.74554760280168,4.254452397198321
77,152,44.0,39.88331124212936,4.116688757870641
77,153,43.0,40.35008786061709,2.649912139382913
77,154,42.0,39.52711370015802,2.4728862998419814
77,155,41.0,39.45731325016076,1.5426867498392411
77,156,40.0,40.171584330867404,-0.17158433086740388
77,157,39.0,35.90299699722297,3.0970030027770292
77,158,38.0,35.69271243895368,2.307287561046323
77,159,37.0,39.98965859345285,-2.9896585934528517
77,160,36.0,34.182228068202726,1.8177719317972745
77,161,35.0,32.05105567408912,2.9489443259108796
77,162,34.0,29.228553293691654,4.771446706308346
78,1,178.0,125.0,53.0
78,2,177.0,125.0,52.0
78,3,176.0,125.0,51.0
78,4,175.0,124.03438285030816,50.96561714969184
78,5,174.0,125.0,49.0
78,6,173.0,123.37619691502006,49.62380308497994
78,7,172.0,125.0,47.0
78,8,171.0,125.0,46.0
78,9,170.0,125.0,45.0
78,10,169.0,125.0,44.0
78,11,168.0,125.0,43.0
78,12,167.0,125.0,42.0
78,13,166.0,125.0,41.0
78,14,165.0,125.0,40.0
78,15,164.0,125.0,39.0
78,16,163.0,125.0,38.0
78,17,162.0,123.85470319412035,38.14529680587965
78,18,161.0,123.83590394332552,37.16409605667448
78,19,160.0,125.0,35.0
78,20,159.0,124.37181482436917,34.62818517563083
78,21,158.0,123.63749944091659,34.362500559083415
78,22,157.0,124.18641139680092,32.81358860319908
78,23,156.0,122.97474302356767,33.02525697643233
78,24,155.0,125.0,30.0
78,25,154.0,124.50438941896773,29.495610581032267
78,26,153.0,125.0,28.0
78,27,152.0,123.4500780905924,28.5499219094076
78,28,151.0,125.0,26.0
78,29,150.0,125.0,25.0
78,30,149.0,125.0,24.0
78,31,148.0,125.0,23.0
78,32,147.0,122.95557179041646,24.044428209583543
78,33,146.0,122.13574893519164,23.864251064808357
78,34,145.0,123.12613698423301,21.873863015766986
78,35,144.0,125.0,19.0
78,36,143.0,119.96153638419374,23.038463615806265
78,37,142.0,125.0,17.0
78,38,141.0,118.88650129654815,22.113498703451853
78,39,140.0,122.53979440093867,17.460205599061325
78,40,139.0,122.4298003695931,16.570199630406904
78,41,138.0,118.39662822880612,19.603371771193878
78,42,137.0,117.84306109344071,19.15693890655929
78,43,136.0,118.54824216836886,17.45175783163114
78,44,135.0,121.74812648447482,13.251873515525176
78,45,134.0,123.69888418518445,10.301115814815546
78,46,133.0,118.6722768721101,14.327723127889897
78,47,132.0,123.11973694586298,8.880263054137018
78,48,131.0,120.67717952889393,10.32282047110607
78,49,130.0,123.15299495124344,6.847005048756557
78,50,129.0,123.49687704005571,5.503122959944292
78,51,128.0,123.38118428744966,4.618815712550344
78,52,127.0,122.64292135140947,4.35707864859053
78,53,126.0,121.74484310396714,4.255156896032858
78,54,125.0,123.01496224628968,1.9850377537103157
78,55,124.0,122.68967894051892,1.3103210594810832
78,56,123.0,120.86720795239698,2.1327920476030187
78,57,122.0,118.77735127289976,3.2226487271002355
78,58,121.0,114.57398653873548,6.4260134612645174
78,59,120.0,116.71181895020115,3.288181049798851
78,60,119.0,114.5803537934825,4.419646206517498
78,61,118.0,116.63176107641856,1.368238923581444
78,62,117.0,118.1798527588101,-1.1798527588100995
78,63,116.0,121.30091316780499,-5.3009131678049926
78,64,115.0,121.1923233743011,-6.192323374301097
78,65,114.0,121.65443027940466,-7.654430279404664
78,66,113.0,117.82215522249086,-4.8221552224908635
78,67,112.0,122.987572649321,-10.987572649320995
78,68,111.0,120.94100229639858,-9.94100229639858
78,69,110.0,118.65551953562303,-8.655519535623029
78,70,109.0,120.5785244183312,-11.578524418331199
78,71,108.0,117.58919493602524,-9.589194936025237
78,72,107.0,118.77642328717549,-11.77642328717549
79,1,163.0,125.0,38.0
79,2,162.0,125.0,37.0
79,3,161.0,125.0,36.0
79,4,160.0,125.0,35.0
79,5,159.0,125.0,34.0
79,6,158.0,125.0,33.0
79,7,157.0,125.0,32.0
79,8,156.0,125.0,31.0
79,9,155.0,125.0,30.0
79,10,154.0,125.0,29.0
79,11,153.0,125.0,28.0
79,12,152.0,125.0,27.0
79,13,151.0,125.0,26.0
79,14,150.0,125.0,25.0
79,15,149.0,122.94615368838123,26.05384631161877
79,16,148.0,122.66980186212996,25.330198137870042
79,17,147.0,123.09173330687663,23.908266693123366
79,18,146.0,119.88344210724266,26.116557892757342
79,19,145.0,117.65725309933751,27.34274690066249
79,20,144.0,119.28371377631797,24.716286223682033
79,21,143.0,117.7036001547927,25.296399845207304
79,22,142.0,123.50076323249782,18.499236767502182
79,23,141.0,122.96676562804728,18.033234371952716
79,24,140.0,124.17932216260064,15.820677837399359
79,25,139.0,125.0,14.0
79,26,138.0,122.45517299584941,15.54482700415059
79,27,137.0,122.59089782258698,14.409102177413018
79,28,136.0,122.86430361020727,13.135696389792727
79,29,135.0,125.0,10.0
79,30,134.0,119.58825725404152,14.411742745958477
79,31,133.0,119.00822693498603,13.991773065013973
79,32,132.0,121.51572730816675,10.484272691833254
79,33,131.0,122.27398564364903,8.726014356350973
79,34,130.0,122.28846847527012,7.711531524729878
79,35,129.0,120.64172784158006,8.358272158419936
79,36,128.0,121.47296036738516,6.527039632614844
79,37,127.0,120.70677901573711,6.293220984262888
79,38,126.0,119.87065642053086,6.129343579469136
79,39,125.0,119.2765160356235,5.7234839643764985
79,40,124.0,120.70905415069976,3.2909458493002433
79,41,123.0,121.05647346305349,1.9435265369465071
79,42,122.0,122.00941416094963,-0.009414160949631878
79,43,121.0,121.46531529145598,-0.4653152914559797
79,44,120.0,120.41123116149555,-0.41123116149555017
79,45,119.0,119.9904952676067,-0.990495267606704
79,46,118.0,122.18838660424653,-4.188386604246531
79,47,117.0,121.12649944649648,-4.1264994464964815
79,48,116.0,121.28803195634808,-5.288031956348078
79,49,115.0,122.01557107511105,-7.015571075111055
79,50,114.0,122.6063439914073,-8.6063439914073
79,51,113.0,121.81270466620211,-8.812704666202109
79,52,112.0,119.88581620227626,-7.88581620227626
79,53,111.0,121.25109817284346,-10.251098172843456
79,54,110.0,118.42209120493209,-8.422091204932087
79,55,109.0,121.62877723363397,-12.628777233633969
79,56,108.0,121.40159985775841,-13.401599857758413
79,57,107.0,119.79849567004628,-12.798495670046279
79,58,106.0,121.25717875337422,-15.25717875337422
79,59,105.0,122.29435495264242,-17.294354952642422
79,60,104.0,123.98340321998418,-19.983403219984183
79,61,103.0,120.52812642161983,-17.52812642161983
79,62,102.0,116.2622355998512,-14.262235599851195
79,63,101.0,120.7357669432049,-19.735766943204894
79,64,100.0,118.44735708349874,-18.447357083498744
79,65,99.0,116.14329132206599,-17.14329132206599
79,66,98.0,121.04787611482767,-23.047876114827673
79,67,97.0,118.99316327740604,-21.99316327740604
79,68,96.0,117.98003460699925,-21.980034606999254
79,69,95.0,115.56165111078684,-20.56165111078684
79,70,94.0,113.05423494759744,-19.054234947597436
79,71,93.0,111.34854670365665,-18.348546703656652
79,72,92.0,112.5718684876169,-20.571868487616896
79,73,91.0,110.8344434789992,-19.834443478999205
79,74,90.0,115.0619665607985,-25.061966560798496
79,75,89.0,110.00871196316916,-21.008711963169162
79,76,88.0,110.81974242763644,-22.81974242763644
79,77,87.0,113.0708420520659,-26.0708420520659
79,78,86.0,117.73051122517435,-31.730511225174354
79,79,85.0,112.70801149258233,-27.70801149258233
79,80,84.0,110.8841843594861,-26.8841843594861
79,81,83.0,111.26090806383228,-28.260908063832275
79,82,82.0,108.81660461652096,-26.816604616520962
79,83,81.0,111.27201867220862,-30.272018672208617
79,84,80.0,111.33345683978595,-31.333456839785953
79,85,79.0,112.37999267507384,-33.37999267507384
79,86,78.0,113.61321043861086,-35.613210438610864
79,87,77.0,111.95571797722268,-34.955717977222676
79,88,76.0,113.62777990253485,-37.627779902534854
79,89,75.0,106.07485627618571,-31.074856276185713
79,90,74.0,110.45321942376458,-36.45321942376458
79,91,73.0,108.79240339420697,-35.79240339420697
79,92,72.0,106.9070252624769,-34.90702526247691
79,93,71.0,102.04054620556745,-31.040546205567452
79,94,70.0,97.23430170584108,-27.234301705841077
79,95,69.0,98.20119774624915,-29.20119774624915
79,96,68.0,93.28770749256108,-25.287707492561083
79,97,67.0,89.90876302833652,-22.908763028336523
79,98,66.0,90.09957514409545,-24.099575144095454
79,99,65.0,96.30070246316039,-31.30070246316039
79,100,64.0,93.85747219368291,-29.85747219368291
79,101,63.0,81.7584094777653,-18.758409477765298
80,1,222.0,124.58105598809551,97.41894401190449
80,2,221.0,125.0,96.0
80,3,220.0,92.00354843001762,127.99645156998238
80,4,219.0,123.20608465294154,95.79391534705846
80,5,218.0,125.0,93.0
80,6,217.0,125.0,92.0
80,7,216.0,125.0,91.0
80,8,215.0,124.51273064859292,90.48726935140708
80,9,214.0,125.0,89.0
80,10,213.0,125.0,88.0
80,11,212.0,124.5828416623388,87.4171583376612
80,12,211.0,123.57138790987929,87.42861209012071
80,13,210.0,121.28662116944123,88.71337883055877
80,14,209.0,122.9355314850199,86.0644685149801
80,15,208.0,124.82608203827223,83.17391796172777
80,16,207.0,124.14635504962112,82.85364495037888
80,17,206.0,120.74613137777982,85.25386862222018
80,18,205.0,119.25228280523,85.74771719477
80,19,204.0,123.18209111683186,80.81790888316814
80,20,203.0,114.29814013854227,88.70185986145773
80,21,202.0,116.94381260319629,85.05618739680371
80,22,201.0,114.86306850971509,86.13693149028491
80,23,200.0,116.25755479482626,83.74244520517374
80,24,199.0,117.12893011895238,81.87106988104762
80,25,198.0,115.84225496260028,82.15774503739972
80,26,197.0,119.48908164411166,77.51091835588834
80,27,196.0,119.97669614704138,76.02330385295862
80,28,195.0,120.65647133979962,74.34352866020038
80,29,194.0,117.98694523627967,76.01305476372033
80,30,193.0,116.26033241597034,76.73966758402966
80,31,192.0,120.35201377893927,71.64798622106073
80,32,191.0,122.29436112850038,68.70563887149962
80,33,190.0,123.99227454526009,66.00772545473991
80,34,189.0,121.96637845584662,67.03362154415338
80,35,188.0,122.01304744674194,65.98695255325806
80,36,187.0,121.5461946192744,65.4538053807256
80,37,186.0,123.66596396554678,62.33403603445322
80,38,185.0,124.32612415715155,60.673875842848446
80,39,184.0,122.98754211586784,61.01245788413216
80,40,183.0,123.79439762214332,59.20560237785668
80,41,182.0,124.21624714548511,57.78375285451489
80,42,181.0,122.20576888764978,58.79423111235022
80,43,180.0,123.8508218180987,56.149178181901306
80,44,179.0,121.16943980029866,57.83056019970134
80,45,178.0,124.71410626283435,53.28589373716565
80,46,177.0,122.23829777505351,54.76170222494649
80,47,176.0,124.26965923034716,51.73034076965284
80,48,175.0,124.16152663861878,50.83847336138122
80,49,174.0,123.4285937143485,50.571406285651506
80,50,173.0,123.52997623759656,49.47002376240344
80,51,172.0,122.83610893439113,49.163891065608865
80,52,171.0,122.76098030145712,48.239019698542876
80,53,170.0,122.07497601000014,47.92502398999986
80,54,169.0,121.40542334751831,47.59457665248169
80,55,168.0,123.67614312896679,44.323856871033215
80,56,167.0,120.7688557970058,46.2311442029942
80,57,166.0,122.12342039163269,43.87657960836731
80,58,165.0,122.81301492690805,42.18698507309195
80,59,164.0,121.574898729761,42.425101270239
80,60,163.0,123.70843276665406,39.291567233345944
80,61,162.0,122.32102317178492,39.678976828215085
80,62,161.0,121.98054471151747,39.01945528848253
80,63,160.0,122.49550519036424,37.50449480963576
80,64,159.0,121.13489357266823,37.86510642733177
80,65,158.0,122.79431171914736,35.20568828085264
80,66,157.0,119.85244257453745,37.14755742546255
80,67,156.0,121.2341453499266,34.76585465007339
80,68,155.0,120.90654658162647,34.09345341837353
80,69,154.0,122.7417179526813,31.2582820473187
80,70,153.0,117.02086680716313,35.97913319283687
80,71,152.0,115.69476039216704,36.30523960783296
80,72,151.0,114.51371799532308,36.48628200467692
80,73,150.0,117.92359318824818,32.07640681175182
80,74,149.0,118.8675457376943,30.1324542623057
80,75,148.0,118.44513199989298,29.55486800010702
80,76,147.0,117.4666548125038,29.533345187496195
80,77,146.0,113.06772938200263,32.932270617997375
80,78,145.0,120.71852398029615,24.281476019703845
80,79,144.0,118.85249708865562,25.147502911344375
80,80,143.0,118.28064474165615,24.719355258343853
80,81,142.0,115.66210410743892,26.33789589256108
80,82,141.0,122.22564774045159,18.774352259548408
80,83,140.0,124.13692057259702,15.86307942740298
80,84,139.0,125.0,14.0
80,85,138.0,124.7425453094462,13.2574546905538
80,86,137.0,122.72554083862224,14.274459161377763
80,87,136.0,123.4542246253431,12.545775374656898
80,88,135.0,123.98173486589039,11.018265134109612
80,89,134.0,123.76376935580078,10.236230644199225
80,90,133.0,122.67805465429923,10.321945345700769
80,91,132.0,121.95842807750716,10.041571922492835
80,92,131.0,121.89310695194122,9.10689304805878
80,93,130.0,122.46626988826307,7.533730111736929
80,94,129.0,119.73969501860182,9.260304981398178
80,95,128.0,121.64513934117957,6.354860658820428
80,96,127.0,121.48693953029384,5.513060469706161
80,97,126.0,113.85086014240885,12.149139857591152
80,98,125.0,118.31833141194868,6.681668588051323
80,99,124.0,111.74324369932701,12.25675630067299
80,100,123.0,115.6070999078446,7.392900092155401
80,101,122.0,111.28222875593919,10.717771244060813
80,102,121.0,115.74232961072532,5.257670389274679
80,103,120.0,114.31665495661781,5.6833450433821895
80,104,119.0,114.10760030454003,4.8923996954599716
80,105,118.0,108.26896533235019,9.731034667649809
80,106,117.0,105.31440444781526,11.685595552184736
80,107,116.0,104.93218286871145,11.06781713128855
80,108,115.0,99.74948475448817,15.250515245511835
80,109,114.0,102.84320363860489,11.15679636139511
80,110,113.0,107.36663332457883,5.633366675421172
80,111,112.0,103.6580194347803,8.3419805652197
80,112,111.0,103.44510730024955,7.554892699750454
80,113,110.0,103.14650023484265,6.853499765157352
80,114,109.0,108.3509314181894,0.6490685818105959
80,115,108.0,114.92705468808396,-6.927054688083956
80,116,107.0,104.78916288887356,2.2108371111264375
80,117,106.0,105.22093124393004,0.779068756069961
80,118,105.0,107.32640471978378,-2.326404719783781
80,119,104.0,91.45148370124433,12.548516298755672
80,120,103.0,106.65425954349298,-3.6542595434929837
80,121,102.0,105.48182646570739,-3.4818264657073854
80,122,101.0,90.10732415710332,10.89267584289668
80,123,100.0,104.08879755120118,-4.088797551201182
80,124,99.0,105.79513367477644,-6.795133674776437
80,125,98.0,101.42195128166823,-3.4219512816682283
80,126,97.0,102.72804983309304,-5.7280498330930385
80,127,96.0,101.3099578306922,-5.309957830692198
80,128,95.0,100.49097884103703,-5.490978841037034
80,129,94.0,97.07961819205548,-3.0796181920554773
80,130,93.0,99.60495285328888,-6.604952853288879
80,131,92.0,99.51620763664566,-7.51620763664566
80,132,91.0,89.84797873314326,1.1520212668567353
80,133,90.0,94.06873507467904,-4.06873507467904
81,1,220.0,114.5799833868233,105.4200166131767
81,2,219.0,125.0,94.0
81,3,218.0,125.0,93.0
81,4,217.0,125.0,92.0
81,5,216.0,125.0,91.0
81,6,215.0,125.0,90.0
81,7,214.0,125.0,89.0
81,8,213.0,125.0,88.0
81,9,212.0,125.0,87.0
81,10,211.0,125.0,86.0
81,11,210.0,124.29578681189365,85.70421318810635
81,12,209.0,121.60504167861626,87.39495832138374
81,13,208.0,124.31406852918161,83.68593147081839
81,14,207.0,122.95632530818271,84.04367469181729
81,15,206.0,123.07352984555341,82.92647015444659
81,16,205.0,124.24129904504814,80.75870095495186
81,17,204.0,124.48566587147123,79.51433412852877
81,18,203.0,124.18480856059135,78.81519143940865
81,19,202.0,119.62692717502239,82.37307282497761
81,20,201.0,123.80799722585444,77.19200277414556
81,21,200.0,124.82159548354407,75.17840451645593
81,22,199.0,125.0,74.0
81,23,198.0,123.84497101532283,74.15502898467717
81,24,197.0,125.0,72.0
81,25,196.0,125.0,71.0
81,26,195.0,125.0,70.0
81,27,194.0,124.40027515963388,69.59972484036612
81,28,193.0,125.0,68.0
81,29,192.0,125.0,67.0
81,30,191.0,125.0,66.0
81,31,190.0,125.0,65.0
81,32,189.0,124.05453118645514,64.94546881354486
81,33,188.0,125.0,63.0
81,34,187.0,123.99512953255581,63.00487046744419
81,35,186.0,125.0,61.0
81,36,185.0,124.61524037469843,60.38475962530157
81,37,184.0,124.1229647189618,59.877035281038204
81,38,183.0,123.41798773824218,59.582012261757825
81,39,182.0,124.71973685089037,57.28026314910963
81,40,181.0,121.3140927121135,59.685907287886494
81,41,180.0,117.92473641755225,62.07526358244775
81,42,179.0,118.28265474243807,60.71734525756193
81,43,178.0,117.03492086037622,60.96507913962378
81,44,177.0,121.2060319219918,55.793968078008206
81,45,176.0,116.87756260705832,59.12243739294168
81,46,175.0,118.7248822473235,56.27511775267649
81,47,174.0,116.84345746952694,57.15654253047306
81,48,173.0,119.15346963998144,53.84653036001856
81,49,172.0,118.21583501724615,53.78416498275385
81,50,171.0,117.83062114643765,53.16937885356235
81,51,170.0,117.67719725616249,52.322802743837514
81,52,169.0,115.50149409650719,53.49850590349281
81,53,168.0,119.22734759391868,48.77265240608132
81,54,167.0,111.1869865785134,55.8130134214866
81,55,166.0,113.08701300134209,52.912986998657914
81,56,165.0,117.05129995872589,47.94870004127411
81,57,164.0,114.78588919739266,49.21411080260734
81,58,163.0,116.42170058113318,46.57829941886682
81,59,162.0,115.95500640339985,46.04499359660015
81,60,161.0,113.17261095244132,47.82738904755868
81,61,160.0,115.87412165667152,44.12587834332848
81,62,159.0,115.37038642273573,43.629613577264266
81,63,158.0,113.57187486268244,44.428125137317565
81,64,157.0,112.57827174790482,44.42172825209518
81,65,156.0,119.47482591357353,36.525174086426475
81,66,155.0,115.17209853709697,39.82790146290303
81,67,154.0,117.30066525534245,36.69933474465755
81,68,153.0,114.91927322639785,38.08072677360215
81,69,152.0,118.87980259760911,33.120197402390886
81,70,151.0,119.44119872021408,31.558801279785925
81,71,150.0,118.3617029971552,31.638297002844794
81,72,149.0,118.25997179295862,30.740028207041377
81,73,148.0,118.55492944796814,29.445070552031865
81,74,147.0,119.55151590751441,27.448484092485586
81,75,146.0,120.80660035123731,25.193399648762693
81,76,145.0,118.93483916068138,26.065160839318622
81,77,144.0,118.34893207735968,25.651067922640323
81,78,143.0,120.52985594981031,22.47014405018969
81,79,142.0,120.79159707723481,21.20840292276519
81,80,141.0,122.82467840274316,18.17532159725684
81,81,140.0,122.61311137216975,17.386888627830245
81,82,139.0,123.58689559397409,15.413104406025909
81,83,138.0,125.0,13.0
81,84,137.0,124.09025670195297,12.909743298047033
81,85,136.0,123.33830367726102,12.661696322738976
81,86,135.0,119.7016505468643,15.2983494531357
81,87,134.0,121.51461186807535,12.485388131924651
81,88,133.0,122.89531933642677,10.104680663573234
81,89,132.0,121.04118779887628,10.95881220112372
81,90,131.0,122.83319771771332,8.166802282286682
81,91,130.0,122.79209118352453,7.2079088164754666
81,92,129.0,119.79064051407357,9.209359485926427
81,93,128.0,121.2548093534599,6.745190646540095
81,94,127.0,121.11552443424631,5.884475565753689
81,95,126.0,120.83094056412175,5.169059435878253
81,96,125.0,122.96892419918741,2.0310758008125873
81,97,124.0,122.34596635584218,1.6540336441578205
81,98,123.0,120.42401592329598,2.5759840767040174
81,99,122.0,120.40473307611853,1.5952669238814678
81,100,121.0,116.30522233657122,4.694777663428781
81,101,120.0,122.19742816994922,-2.1974281699492195
81,102,119.0,124.28000803026401,-5.280008030264014
81,103,118.0,123.28773080464734,-5.287730804647339
81,104,117.0,114.90152380079206,2.098476199207937
81,105,116.0,115.85252669521995,0.14747330478004983
81,106,115.0,119.1658143466842,-4.165814346684201
81,107,114.0,120.71363008260025,-6.713630082600247
81,108,113.0,115.23773942038231,-2.2377394203823116
81,109,112.0,117.11452093484104,-5.114520934841039
81,110,111.0,113.47730299604014,-2.4773029960401374
81,111,110.0,103.5169038413098,6.483096158690202
81,112,109.0,103.04870802864967,5.951291971350329
81,113,108.0,100.24631054901737,7.753689450982634
81,114,107.0,102.10628938902471,4.89371061097529
81,115,106.0,99.93077238221053,6.0692276177894655
81,116,105.0,96.62729810203089,8.372701897969108
81,117,104.0,98.95430172324366,5.04569827675634
81,118,103.0,97.49810767635105,5.501892323648946
81,119,102.0,86.23886553810726,15.761134461892738
81,120,101.0,103.46665399704474,-2.4666539970447445
81,121,100.0,102.45990699197314,-2.459906991973142
81,122,99.0,97.67863169129507,1.3213683087049333
81,123,98.0,96.30777154479048,1.6922284552095164
81,124,97.0,86.36075104491822,10.639248955081783
81,125,96.0,98.36919718429492,-2.3691971842949187
81,126,95.0,84.3010765742997,10.6989234257003
81,127,94.0,99.50700628466493,-5.507006284664925
81,128,93.0,94.1204566386083,-1.120456638608303
81,129,92.0,86.62623636374812,5.37376363625188
81,130,91.0,95.55640380982405,-4.556403809824047
81,131,90.0,90.80205302134831,-0.8020530213483141
81,132,89.0,84.8759106635653,4.124089336434693
81,133,88.0,73.06603658802605,14.933963411973949
81,134,87.0,68.56650480117138,18.433495198828624
81,135,86.0,69.82008610062906,16.179913899370945
81,136,85.0,83.23116223694713,1.768837763052872
81,137,84.0,76.5786852022119,7.421314797788099
81,138,83.0,76.96281634454512,6.037183655454882
81,139,82.0,68.07450107620595,13.925498923794052
81,140,81.0,63.07352544389982,17.92647455610018
81,141,80.0,73.70725881858606,6.292741181413945
81,142,79.0,74.84206650611323,4.157933493886773
81,143,78.0,85.47857050033367,-7.478570500333674
81,144,77.0,85.27025837007635,-8.270258370076348
81,145,76.0,85.7859858163341,-9.785985816334104
81,146,75.0,85.4300497446836,-10.4300497446836
81,147,74.0,86.37434582289723,-12.374345822897226
81,148,73.0,84.05520609433668,-11.055206094336683
81,149,72.0,85.96061070794795,-13.96061070794795
81,150,71.0,84.4835480516976,-13.483548051697596
81,151,70.0,84.64025345135339,-14.640253451353388
81,152,69.0,81.01457954092338,-12.014579540923378
81,153,68.0,75.44552221055042,-7.445522210550422
81,154,67.0,67.35497322123446,-0.3549732212344594
81,155,66.0,74.26717541642827,-8.267175416428273
81,156,65.0,62.34006193242205,2.659938067577947
81,157,64.0,65.26664425293643,-1.2666442529364303
81,158,63.0,66.73022190799533,-3.730221907995329
81,159,62.0,56.95649405682151,5.043505943178488
81,160,61.0,60.85051354774008,0.14948645225992152
81,161,60.0,56.61563317622032,3.384366823779679
81,162,59.0,60.809573810586905,-1.8095738105869046
81,163,58.0,65.41713066219798,-7.417130662197977
81,164,57.0,62.37931503028865,-5.379315030288652
81,165,56.0,57.248143586051235,-1.2481435860512349
81,166,55.0,60.25001392096432,-5.250013920964321
81,167,54.0,58.44234587877606,-4.4423458787760595
81,168,53.0,62.70004048258054,-9.70004048258054
81,169,52.0,50.74511012556988,1.2548898744301198
81,170,51.0,43.106671601612234,7.893328398387766
81,171,50.0,43.31529129975518,6.684708700244819
81,172,49.0,44.76489902902029,4.235100970979708
81,173,48.0,41.43768030710827,6.562319692891727
81,174,47.0,36.547558065626994,10.452441934373006
81,175,46.0,36.9144357883723,9.085564211627698
81,176,45.0,36.9902341651146,8.0097658348854
81,177,44.0,36.81837501582694,7.181624984173062
81,178,43.0,36.89400619374455,6.105993806255448
81,179,42.0,35.888727244612376,6.111272755387624
81,180,41.0,36.72308699397989,4.276913006020109
81,181,40.0,36.49668685220559,3.503313147794408
81,182,39.0,36.88240761165754,2.1175923883424588
81,183,38.0,31.722075309141832,6.277924690858168
81,184,37.0,27.429589126487826,9.570410873512174
81,185,36.0,24.148975446621254,11.851024553378746
81,186,35.0,25.609446118597585,9.390553881402415
81,187,34.0,26.079175798241188,7.920824201758812
81,188,33.0,25.903674942085917,7.096325057914083
81,189,32.0,25.00717968581487,6.992820314185131
81,190,31.0,24.26380863850539,6.736191361494608
81,191,30.0,24.585105740436738,5.414894259563262
81,192,29.0,24.78537340176209,4.21462659823791
81,193,28.0,25.792508493574616,2.2074915064253844
81,194,27.0,24.140183480254,2.8598165197460013
81,195,26.0,23.4062512770367,2.5937487229633014
81,196,25.0,23.414249039257378,1.5857509607426223
81,197,24.0,20.88839231929036,3.111607680709639
81,198,23.0,19.383779704997806,3.6162202950021936
81,199,22.0,19.322311051966715,2.6776889480332855
81,200,21.0,18.536890773285446,2.463109226714554
81,201,20.0,17.708740608547117,2.2912593914528827
81,202,19.0,17.036987049059192,1.9630129509408079
81,203,18.0,15.750283384949645,2.249716615050355
81,204,17.0,15.807523121328236,1.1924768786717639
81,205,16.0,14.045981014786236,1.9540189852137644
81,206,15.0,14.401563522091088,0.598436477908912
81,207,14.0,13.943810564860359,0.056189435139641475
81,208,13.0,12.42050449296153,0.5794955070384695
81,209,12.0,13.072946494101608,-1.0729464941016076
81,210,11.0,13.822650823782446,-2.822650823782446
81,211,10.0,13.497033029290739,-3.497033029290739
81,212,9.0,11.347475158184237,-2.3474751581842366
81,213,8.0,10.05105051296072,-2.0510505129607193
82,1,170.0,124.3405913255324,45.6594086744676
82,2,169.0,125.0,44.0
82,3,168.0,125.0,43.0
82,4,167.0,125.0,42.0
82,5,166.0,125.0,41.0
82,6,165.0,117.78497166648278,47.215028333517225
82,7,164.0,125.0,39.0
82,8,163.0,117.13089381925406,45.869106180745945
82,9,162.0,123.24739470411848,38.75260529588152
82,10,161.0,122.02844524737075,38.971554752629245
82,11,160.0,117.9383224885819,42.0616775114181
82,12,159.0,121.446427959576,37.553572040424
82,13,158.0,125.0,33.0
82,14,157.0,120.27366614121509,36.72633385878491
82,15,156.0,117.93026554087825,38.06973445912175
82,16,155.0,119.89398425744889,35.10601574255111
82,17,154.0,118.9138770711363,35.0861229288637
82,18,153.0,123.12164656135226,29.878353438647736
82,19,152.0,120.08215934312399,31.91784065687601
82,20,151.0,121.36207127971645,29.637928720283554
82,21,150.0,121.75886634430155,28.241133655698448
82,22,149.0,121.48091757061037,27.519082429389627
82,23,148.0,121.2253889820874,26.774611017912605
82,24,147.0,123.04717276960389,23.95282723039611
82,25,146.0,123.83751661291254,22.162483387087462
82,26,145.0,118.71072720089259,26.289272799107408
82,27,144.0,119.73562676876071,24.26437323123929
82,28,143.0,120.09758246007154,22.902417539928464
82,29,142.0,116.2086210288883,25.791378971111698
82,30,141.0,107.44762581641322,33.55237418358678
82,31,140.0,115.65876508219047,24.34123491780953
82,32,139.0,118.73840397454893,20.26159602545107
82,33,138.0,116.43323245426625,21.566767545733754
82,34,137.0,118.4409152459087,18.5590847540913
82,35,136.0,115.4519641815246,20.548035818475398
82,36,135.0,114.75379174489366,20.24620825510634
82,37,134.0,109.60581771144773,24.394182288552273
82,38,133.0,110.85258102806614,22.14741897193386
82,39,132.0,111.24296985837235,20.757030141627652
82,40,131.0,108.3271440178631,22.672855982136895
82,41,130.0,107.53425827376198,22.465741726238022
82,42,129.0,106.21777100109,22.78222899891
82,43,128.0,105.31279729485742,22.68720270514258
82,44,127.0,108.1710001833428,18.828999816657202
82,45,126.0,109.97780910473675,16.02219089526325
82,46,125.0,101.91941216201609,23.080587837983913
82,47,124.0,104.63012306607725,19.369876933922754
82,48,123.0,109.86134603714507,13.138653962854931
82,49,122.0,108.62416611445181,13.37583388554819
82,50,121.0,103.0008448194773,17.999155180522706
82,51,120.0,98.8816784220827,21.1183215779173
82,52,119.0,108.73685690982757,10.263143090172434
82,53,118.0,98.1763514334366,19.823648566563406
82,54,117.0,115.5435359424901,1.4564640575099048
82,55,116.0,100.2825217141257,15.717478285874293
82,56,115.0,109.8375731427529,5.162426857247098
82,57,114.0,112.42730894790175,1.57269105209825
82,58,113.0,99.25125798214643,13.748742017853573
82,59,112.0,111.39635431779234,0.6036456822076559
82,60,111.0,112.21191718599887,-1.211917185998871
82,61,110.0,108.27053377841828,1.729466221581717
82,62,109.0,108.39711257886482,0.6028874211351791
82,63,108.0,111.554453207531,-3.5544532075309974
82,64,107.0,114.95694589765276,-7.9569458976527585
82,65,106.0,112.25139325599555,-6.251393255995552
82,66,105.0,115.29706709621556,-10.297067096215557
82,67,104.0,115.65703768043164,-11.657037680431642
82,68,103.0,118.01572947225014,-15.015729472250143
82,69,102.0,111.56559166872012,-9.565591668720117
82,70,101.0,113.9944042430426,-12.994404243042595
82,71,100.0,115.7984167729381,-15.798416772938097
82,72,99.0,121.70145011670603,-22.701450116706027
82,73,98.0,116.58750756175203,-18.587507561752034
82,74,97.0,115.30304205037447,-18.303042050374472
82,75,96.0,110.80671412204536,-14.806714122045364
82,76,95.0,117.01711210632624,-22.017112106326238
82,77,94.0,115.55426391069756,-21.554263910697557
82,78,93.0,113.28563499358798,-20.285634993587976
82,79,92.0,107.14813983954907,-15.148139839549074
82,80,91.0,111.8349588900168,-20.834958890016793
82,81,90.0,106.56016850172679,-16.560168501726793
82,82,89.0,102.84767614247386,-13.847676142473858
82,83,88.0,105.58242401488299,-17.58242401488299
82,84,87.0,109.53293098318011,-22.53293098318011
82,85,86.0,113.01487528707324,-27.014875287073238
82,86,85.0,112.22478816212848,-27.224788162128476
82,87,84.0,107.62871567572103,-23.628715675721025
82,88,83.0,106.47813012343302,-23.47813012343302
82,89,82.0,96.28907480403933,-14.28907480403933
82,90,81.0,97.01291434571085,-16.012914345710854
82,91,80.0,93.89053254356344,-13.890532543563438
82,92,79.0,95.00129751229902,-16.00129751229902
82,93,78.0,99.1874188837743,-21.1874188837743
82,94,77.0,99.68524060022656,-22.685240600226564
82,95,76.0,101.68239009040519,-25.682390090405192
82,96,75.0,101.795476777971,-26.795476777971004
82,97,74.0,98.79388394831018,-24.79388394831018
82,98,73.0,92.98750080725303,-19.987500807253028
82,99,72.0,91.7961902552851,-19.796190255285097
82,100,71.0,89.70740362690366,-18.707403626903655
82,101,70.0,83.1014241018271,-13.101424101827106
82,102,69.0,71.75873817339367,-2.7587381733936667
82,103,68.0,70.22862079577385,-2.2286207957738497
82,104,67.0,68.3944127574409,-1.3944127574409038
82,105,66.0,62.76382584934548,3.23617415065452
82,106,65.0,62.48576744159384,2.5142325584061567
82,107,64.0,57.8693707532135,6.130629246786498
82,108,63.0,50.06923603059166,12.93076396940834
82,109,62.0,54.08667290615446,7.913327093845538
82,110,61.0,54.37905474003693,6.620945259963072
82,111,60.0,51.344552777602075,8.655447222397925
82,112,59.0,51.70348446775356,7.296515532246438
82,113,58.0,53.36897668977964,4.631023310220357
82,114,57.0,51.090551799951804,5.909448200048196
82,115,56.0,48.026344707113815,7.9736552928861855
82,116,55.0,51.60907432882304,3.3909256711769586
82,117,54.0,48.04862937938025,5.951370620619748
82,118,53.0,48.73385695006401,4.266143049935991
82,119,52.0,45.69341465181,6.306585348189998
82,120,51.0,47.457122872003,3.542877127997002
82,121,50.0,49.06964712883635,0.9303528711636488
82,122,49.0,51.06757433449141,-2.067574334491411
82,123,48.0,47.78566372803383,0.2143362719661681
82,124,47.0,47.70680282670407,-0.7068028267040702
82,125,46.0,46.50401618588352,-0.5040161858835219
82,126,45.0,47.90196853505828,-2.9019685350582805
82,127,44.0,47.346869948642485,-3.3468699486424853
82,128,43.0,41.99938078295485,1.0006192170451484
82,129,42.0,44.68180317266399,-2.68180317266399
82,130,41.0,46.68720037588851,-5.687200375888509
82,131,40.0,37.26380044500662,2.7361995549933766
82,132,39.0,34.9955759465156,4.004424053484399
82,133,38.0,34.81225502073825,3.187744979261751
82,134,37.0,38.64501435115244,-1.6450143511524402
82,135,36.0,36.6701737686331,-0.6701737686330986
82,136,35.0,37.14253071932555,-2.142530719325549
82,137,34.0,36.2937013160855,-2.293701316085503
82,138,33.0,35.92654984543412,-2.926549845434117
82,139,32.0,34.92016412633415,-2.92016412633415
82,140,31.0,32.553953405582874,-1.5539534055828739
82,141,30.0,32.19688041877814,-2.196880418778143
82,142,29.0,32.59539321094282,-3.5953932109428166
82,143,28.0,31.46727514760422,-3.4672751476042194
82,144,27.0,34.938685053475254,-7.938685053475254
82,145,26.0,32.7346566670079,-6.734656667007897
82,146,25.0,33.7490369381993,-8.749036938199303
82,147,24.0,27.635495041896036,-3.6354950418960357
82,148,23.0,28.387511018417474,-5.387511018417474
82,149,22.0,27.596317405702,-5.596317405701999
82,150,21.0,26.124523914169448,-5.124523914169448
82,151,20.0,24.724637117105406,-4.724637117105406
82,152,19.0,22.037709766880162,-3.0377097668801625
82,153,18.0,20.714727500757327,-2.714727500757327
82,154,17.0,17.801113520341165,-0.8011135203411648
82,155,16.0,18.135068020317537,-2.1350680203175365
82,156,15.0,17.17256679484693,-2.1725667948469294
82,157,14.0,16.414854070408467,-2.4148540704084667
82,158,13.0,12.360603156725396,0.6393968432746036
82,159,12.0,13.299733587038647,-1.2997335870386468
82,160,11.0,9.796256644729464,1.2037433552705359
82,161,10.0,9.864703001875434,0.13529699812456641
82,162,9.0,8.558781720967163,0.44121827903283695
83,1,209.0,125.0,84.0
83,2,208.0,114.95540328224567,93.04459671775433
83,3,207.0,125.0,82.0
83,4,206.0,123.1402439277335,82.8597560722665
83,5,205.0,124.99579456973689,80.00420543026311
83,6,204.0,125.0,79.0
83,7,203.0,124.52040564419174,78.47959435580826
83,8,202.0,125.0,77.0
83,9,201.0,123.23615500244667,77.76384499755333
83,10,200.0,125.0,75.0
83,11,199.0,121.47337627535232,77.52662372464768
83,12,198.0,123.72296377283263,74.27703622716737
83,13,197.0,123.9601651823378,73.0398348176622
83,14,196.0,125.0,71.0
83,15,195.0,125.0,70.0
83,16,194.0,125.0,69.0
83,17,193.0,125.0,68.0
83,18,192.0,125.0,67.0
83,19,191.0,124.77690070147973,66.22309929852027
83,20,190.0,124.07413539462358,65.92586460537642
83,21,189.0,125.0,64.0
83,22,188.0,123.70844762944847,64.29155237055153
83,23,187.0,123.05058156679858,63.949418433201416
83,24,186.0,120.8739837795933,65.1260162204067
83,25,185.0,121.30417892083751,63.695821079162485
83,26,184.0,121.40024823105286,62.599751768947144
83,27,183.0,121.18775665784273,61.812243342157274
83,28,182.0,122.66056973953134,59.33943026046866
83,29,181.0,120.61478552465144,60.38521447534856
83,30,180.0,121.44245720097796,58.557542799022045
83,31,179.0,122.12050977534804,56.87949022465196
83,32,178.0,122.92154401970572,55.07845598029428
83,33,177.0,122.487918586282,54.51208141371799
83,34,176.0,123.75003787771499,52.24996212228501
83,35,175.0,123.2278123233025,51.7721876766975
83,36,174.0,124.79951451205172,49.200485487948285
83,37,173.0,125.0,48.0
83,38,172.0,124.42597424805419,47.57402575194581
83,39,171.0,124.04260186799067,46.95739813200933
83,40,170.0,124.23918630593197,45.760813694068034
83,41,169.0,125.0,44.0
83,42,168.0,124.12385758970221,43.87614241029779
83,43,167.0,123.97786041211313,43.02213958788687
83,44,166.0,124.49866196167571,41.50133803832429
83,45,165.0,125.0,40.0
83,46,164.0,124.98575003821935,39.01424996178065
83,47,163.0,125.0,38.0
83,48,162.0,125.0,37.0
83,49,161.0,123.41922330459283,37.58077669540717
83,50,160.0,123.26157870429445,36.73842129570555
83,51,159.0,120.97536807871779,38.02463192128221
83,52,158.0,122.78533919057293,35.21466080942707
83,53,157.0,122.70309708752585,34.29690291247415
83,54,156.0,122.66636697957706,33.33363302042294
83,55,155.0,122.5664887131678,32.4335112868322
83,56,154.0,122.32421011514563,31.675789884854368
83,57,153.0,120.60175698733934,32.39824301266066
83,58,152.0,123.45192978298418,28.54807021701582
83,59,151.0,123.0691725771841,27.930827422815895
83,60,150.0,120.49188912130482,29.508110878695177
83,61,149.0,122.27706778655292,26.72293221344708
83,62,148.0,121.85086020532057,26.149139794679428
83,63,147.0,121.38624944140842,25.613750558591576
83,64,146.0,122.10996803315078,23.89003196684922
83,65,145.0,124.18245010668724,20.81754989331276
83,66,144.0,123.99238995355829,20.007610046441712
83,67,143.0,123.928756238637,19.071243761362993
83,68,142.0,123.73436615551702,18.265633844482977
83,69,141.0,123.48349297597096,17.51650702402904
83,70,140.0,124.34247634042563,15.657523659574366
83,71,139.0,122.27265873868107,16.727341261318927
83,72,138.0,124.02630446021227,13.973695539787727
83,73,137.0,123.30236930494164,13.697630695058365
84,1,229.0,124.08307912553623,104.91692087446377
84,2,228.0,125.0,103.0
84,3,227.0,125.0,102.0
84,4,226.0,123.55446717418364,102.44553282581636
84,5,225.0,124.87702169344647,100.12297830655353
84,6,224.0,122.6481966098555,101.3518033901445
84,7,223.0,125.0,98.0
84,8,222.0,122.70181231971503,99.29818768028497
84,9,221.0,113.8858565542524,107.1141434457476
84,10,220.0,108.71013614179483,111.28986385820517
84,11,219.0,116.37486977942604,102.62513022057396
84,12,218.0,120.02610900115155,97.97389099884845
84,13,217.0,121.87517872990638,95.12482127009362
84,14,216.0,122.10500894586497,93.89499105413503
84,15,215.0,123.87856619442992,91.12143380557008
84,16,214.0,122.23075491455293,91.76924508544707
84,17,213.0,124.24474710941851,88.75525289058149
84,18,212.0,124.12713304906379,87.87286695093621
84,19,211.0,124.74584865756212,86.25415134243788
84,20,210.0,122.02051819933196,87.97948180066804
84,21,209.0,121.63030110887519,87.36969889112481
84,22,208.0,121.13296548374744,86.86703451625256
84,23,207.0,119.37544276774193,87.62455723225807
84,24,206.0,120.0158149949614,85.9841850050386
84,25,205.0,120.97151374692518,84.02848625307482
84,26,204.0,118.43035189457031,85.56964810542969
84,27,203.0,116.84862747049652,86.15137252950348
84,28,202.0,118.40583301215584,83.59416698784416
84,29,201.0,116.24099402074874,84.75900597925126
84,30,200.0,121.79837367062467,78.20162632937533
84,31,199.0,120.46455623946136,78.53544376053864
84,32,198.0,118.88119079863101,79.11880920136899
84,33,197.0,121.17717204955896,75.82282795044104
84,34,196.0,122.97913528745637,73.02086471254363
84,35,195.0,119.53940593393882,75.46059406606118
84,36,194.0,122.320098147076,71.679901852924
84,37,193.0,121.2752526375114,71.7247473624886
84,38,192.0,121.10906866719085,70.89093133280915
84,39,191.0,121.7705399510628,69.2294600489372
84,40,190.0,122.08872161496544,67.91127838503456
84,41,189.0,121.5282895348315,67.4717104651685
84,42,188.0,122.95053627140412,65.04946372859588
84,43,187.0,124.02565747202823,62.97434252797177
84,44,186.0,122.75978670833226,63.24021329166774
84,45,185.0,122.66895885922912,62.33104114077088
84,46,184.0,121.2421236390895,62.7578763609105
84,47,183.0,121.85008669998942,61.14991330001058
84,48,182.0,121.81994954084351,60.18005045915649
84,49,181.0,123.65527177088057,57.344728229119426
84,50,180.0,122.91943348265488,57.08056651734512
84,51,179.0,121.79509687397154,57.204903126028455
84,52,178.0,122.53148102267181,55.46851897732819
84,53,177.0,123.41748681295738,53.58251318704262
84,54,176.0,124.8846636014651,51.11533639853489
84,55,175.0,123.60394177399866,51.396058226001344
84,56,174.0,125.0,49.0
84,57,173.0,124.95820116714476,48.041798832855235
84,58,172.0,119.20491727198576,52.795082728014236
84,59,171.0,117.66274509993532,53.33725490006468
84,60,170.0,117.39435775157978,52.605642248420224
84,61,169.0,115.92168832237485,53.07831167762515
84,62,168.0,122.12819998573623,45.87180001426377
84,63,167.0,122.55098314024765,44.44901685975235
84,64,166.0,117.221605846492,48.778394153508
84,65,165.0,121.89731881619984,43.10268118380016
84,66,164.0,119.72984590560867,44.27015409439133
84,67,163.0,116.74593261004637,46.25406738995363
84,68,162.0,115.84044978635154,46.15955021364846
84,69,161.0,121.52618820341033,39.47381179658967
84,70,160.0,123.07059790161627,36.92940209838373
84,71,159.0,122.8887214786475,36.1112785213525
84,72,158.0,122.34006953845362,35.65993046154638
84,73,157.0,122.73146076408916,34.268539235910836
84,74,156.0,124.56245904579468,31.437540954205318
84,75,155.0,125.0,30.0
84,76,154.0,122.24638040319341,31.753619596806587
84,77,153.0,124.78618420238959,28.21381579761041
84,78,152.0,123.94302600207095,28.05697399792905
84,79,151.0,121.82442035290035,29.175579647099653
84,80,150.0,122.83998303462485,27.16001696537515
84,81,149.0,119.8769561672912,29.123043832708802
84,82,148.0,118.27407821199911,29.72592178800089
84,83,147.0,119.40731248281956,27.592687517180437
84,84,146.0,119.76649519194389,26.23350480805611
84,85,145.0,120.86955131277563,24.130448687224373
84,86,144.0,120.24658173813074,23.753418261869257
84,87,143.0,125.0,18.0
84,88,142.0,121.65624803086797,20.34375196913203
84,89,141.0,124.16655795336068,16.83344204663932
84,90,140.0,125.0,15.0
84,91,139.0,123.86496685513127,15.135033144868729
84,92,138.0,123.12244476658218,14.877555233417823
84,93,137.0,125.0,12.0
84,94,136.0,125.0,11.0
84,95,135.0,123.44427711046647,11.555722889533527
84,96,134.0,119.80363724140632,14.19636275859368
84,97,133.0,121.45107577748287,11.54892422251713
84,98,132.0,121.84902514193297,10.15097485806703
84,99,131.0,122.54441936557815,8.45558063442185
84,100,130.0,124.46463123022612,5.535368769773882
84,101,129.0,117.8899261953324,11.110073804667607
84,102,128.0,117.70791145141617,10.292088548583834
84,103,127.0,121.03867618563659,5.961323814363411
84,104,126.0,122.36091521919107,3.639084780808929
84,105,125.0,123.31618180693171,1.6838181930682907
84,106,124.0,123.23620281665556,0.7637971833444368
84,107,123.0,122.45926361318378,0.5407363868162207
84,108,122.0,121.94591269790794,0.05408730209205714
84,109,121.0,113.40494224668225,7.595057753317747
84,110,120.0,112.30934144624202,7.690658553757984
84,111,119.0,113.95754085474488,5.042459145255123
84,112,118.0,113.71646498799034,4.283535012009665
84,113,117.0,112.63008502733074,4.369914972669264
84,114,116.0,115.11291004076169,0.8870899592383097
84,115,115.0,115.57487551034943,-0.574875510349429
84,116,114.0,112.45891745283546,1.5410825471645353
84,117,113.0,117.18549900437576,-4.185499004375757
84,118,112.0,114.60139601477961,-2.60139601477961
84,119,111.0,117.14149552947954,-6.141495529479542
84,120,110.0,111.66055532895854,-1.6605553289585373
84,121,109.0,114.33099178489675,-5.330991784896753
84,122,108.0,108.84142883002988,-0.8414288300298836
84,123,107.0,101.41305657242363,5.586943427576372
84,124,106.0,101.90052348399112,4.0994765160088775
84,125,105.0,107.75860144165995,-2.7586014416599483
84,126,104.0,104.73594283447287,-0.7359428344728656
84,127,103.0,113.01680417622894,-10.016804176228945
84,128,102.0,114.03967526372384,-12.039675263723836
84,129,101.0,110.32177533817104,-9.321775338171037
84,130,100.0,101.56846296009753,-1.5684629600975342
84,131,99.0,103.17563889970954,-4.17563889970954
84,132,98.0,99.0154670719108,-1.0154670719108054
84,133,97.0,99.2730288335269,-2.2730288335268938
84,134,96.0,99.27859153337478,-3.2785915333747795
84,135,95.0,109.00394588952808,-14.003945889528083
84,136,94.0,106.54349527849651,-12.543495278496508
84,137,93.0,106.156831355822,-13.156831355822007
84,138,92.0,108.88388574024826,-16.88388574024826
84,139,91.0,104.81326024765757,-13.813260247657567
84,140,90.0,102.58889585487036,-12.588895854870358
84,141,89.0,107.52750499758719,-18.527504997587187
84,142,88.0,99.45680817829333,-11.456808178293329
84,143,87.0,107.96300293637202,-20.96300293637202
84,144,86.0,103.42177738896167,-17.421777388961672
84,145,85.0,102.4195653028722,-17.4195653028722
84,146,84.0,94.16117164426643,-10.161171644266432
84,147,83.0,93.37982796559139,-10.379827965591389
84,148,82.0,89.23168987674067,-7.231689876740674
84,149,81.0,83.99373900512413,-2.9937390051241266
84,150,80.0,83.9014014306299,-3.901401430629903
84,151,79.0,85.27867697440102,-6.278676974401023
84,152,78.0,73.56150056317806,4.438499436821942
84,153,77.0,67.16456587553905,9.835434124460946
84,154,76.0,65.58365610250533,10.41634389749467
84,155,75.0,70.57919749022771,4.420802509772287
84,156,74.0,67.53151152597373,6.468488474026273
84,157,73.0,65.70074937621186,7.29925062378814
84,158,72.0,66.36470820214839,5.6352917978516075
84,159,71.0,62.11585334045746,8.884146659542537
84,160,70.0,65.22698049729176,4.773019502708237
84,161,69.0,62.72034274138356,6.279657258616439
84,162,68.0,55.35891435190923,12.641085648090773
84,163,67.0,55.884894319848,11.115105680151999
84,164,66.0,50.30212511441376,15.697874885586238
84,165,65.0,55.79631531379986,9.203684686200141
84,166,64.0,48.85496210167359,15.145037898326407
84,167,63.0,52.5360147587245,10.463985241275502
84,168,62.0,56.99000687510883,5.009993124891167
84,169,61.0,53.7265537072152,7.273446292784797
84,170,60.0,57.4920560990299,2.5079439009700977
84,171,59.0,58.00698212618719,0.9930178738128106
84,172,58.0,55.74829560602752,2.2517043939724815
85,1,151.0,124.71799086032739,26.28200913967261
85,2,150.0,92.49803377892728,57.50196622107272
85,3,149.0,125.0,24.0
85,4,148.0,120.01423851568545,27.98576148431455
85,5,147.0,115.71875204866438,31.281247951335615
85,6,146.0,105.50905033333532,40.490949666664676
85,7,145.0,110.18930687102906,34.81069312897094
85,8,144.0,125.0,19.0
85,9,143.0,125.0,18.0
85,10,142.0,125.0,17.0
85,11,141.0,123.3140451454377,17.685954854562297
85,12,140.0,120.11378485386162,19.886215146138383
85,13,139.0,119.19692735301953,19.803072646980468
85,14,138.0,122.19608544452916,15.80391455547084
85,15,137.0,117.35470157062943,19.64529842937057
85,16,136.0,122.51541067226431,13.48458932773569
85,17,135.0,117.6900193248304,17.309980675169598
85,18,134.0,119.3575806707892,14.642419329210796
85,19,133.0,123.21166262299595,9.788337377004055
85,20,132.0,117.78369247879229,14.21630752120771
85,21,131.0,122.41339916206076,8.586600837939244
85,22,130.0,121.33859417928154,8.661405820718457
85,23,129.0,124.3493414808616,4.650658519138403
85,24,128.0,121.79299647718447,6.207003522815526
85,25,127.0,121.6865567418687,5.313443258131301
85,26,126.0,122.61904496193536,3.3809550380646414
85,27,125.0,122.20121362023647,2.798786379763527
85,28,124.0,123.35470385444373,0.6452961455562729
85,29,123.0,123.75166976149337,-0.7516697614933747
85,30,122.0,124.77951207320208,-2.779512073202085
85,31,121.0,123.67076200367475,-2.670762003674753
85,32,120.0,122.12756703491803,-2.1275670349180302
85,33,119.0,121.16746424341147,-2.167464243411473
85,34,118.0,120.9408300115757,-2.9408300115756987
86,1,198.0,125.0,73.0
86,2,197.0,112.87557333911863,84.12442666088137
86,3,196.0,117.07952313603353,78.92047686396647
86,4,195.0,115.90370853093334,79.09629146906666
86,5,194.0,108.30489445673032,85.69510554326968
86,6,193.0,75.22286239545497,117.77713760454503
86,7,192.0,117.44872475611919,74.55127524388081
86,8,191.0,98.3590366438697,92.6409633561303
86,9,190.0,117.2281157795535,72.7718842204465
86,10,189.0,120.70524008873056,68.29475991126944
86,11,188.0,121.613298921251,66.386701078749
86,12,187.0,119.70812048736956,67.29187951263044
86,13,186.0,117.4032085856066,68.5967914143934
86,14,185.0,116.15523710420813,68.84476289579187
86,15,184.0,117.90347239684993,66.09652760315007
86,16,183.0,115.27107976443232,67.72892023556768
86,17,182.0,119.92711697690685,62.072883023093155
86,18,181.0,108.06610836941317,72.93389163058683
86,19,180.0,114.02855333866148,65.97144666133852
86,20,179.0,123.54497564290098,55.45502435709902
86,21,178.0,118.56386728152857,59.43613271847143
86,22,177.0,121.76043031207834,55.23956968792166
86,23,176.0,123.57879536361395,52.42120463638605
86,24,175.0,123.59348749828315,51.40651250171685
86,25,174.0,123.56076984606088,50.43923015393912
86,26,173.0,122.80049456794319,50.19950543205681
86,27,172.0,123.8734786455096,48.12652135449039
86,28,171.0,124.61557844219595,46.384421557804046
86,29,170.0,122.59735402688196,47.40264597311804
86,30,169.0,123.79044210239765,45.20955789760235
86,31,168.0,119.35659986236222,48.643400137637784
86,32,167.0,125.0,42.0
86,33,166.0,122.8516203110578,43.1483796889422
86,34,165.0,122.10230943548596,42.897690564514036
86,35,164.0,118.47135728644366,45.52864271355634
86,36,163.0,123.24034467817778,39.75965532182222
86,37,162.0,122.60922581886005,39.390774181139946
86,38,161.0,121.83762153315183,39.16237846684817
86,39,160.0,117.16539190555544,42.83460809444456
86,40,159.0,122.29256785687052,36.70743214312948
86,41,158.0,120.67188349086206,37.32811650913794
86,42,157.0,121.6428281110764,35.3571718889236
86,43,156.0,121.64570991138407,34.354290088615926
86,44,155.0,123.70726851307305,31.292731486926954
86,45,154.0,124.23444878230922,29.765551217690785
86,46,153.0,122.82532911433267,30.174670885667325
86,47,152.0,122.9978606384947,29.0021393615053
86,48,151.0,122.66004621692117,28.339953783078826
86,49,150.0,119.165531806828,30.834468193172
86,50,149.0,116.93974285970555,32.06025714029445
86,51,148.0,122.39678802432856,25.603211975671442
86,52,147.0,116.39153517679983,30.608464823200165
86,53,146.0,115.26849503664342,30.731504963356585
86,54,145.0,117.46617852581058,27.533821474189423
86,55,144.0,117.4290231497354,26.5709768502646
86,56,143.0,119.19925972608306,23.800740273916944
86,57,142.0,119.41302815843972,22.586971841560285
86,58,141.0,115.34152263593195,25.658477364068048
86,59,140.0,114.57882842278242,25.421171577217578
86,60,139.0,115.66313740433804,23.336862595661955
86,61,138.0,118.89426511809225,19.10573488190775
86,62,137.0,121.47590275243064,15.524097247569358
86,63,136.0,121.91540269454956,14.084597305450444
86,64,135.0,124.60525845010326,10.394741549896736
86,65,134.0,123.24969737627565,10.750302623724352
86,66,133.0,122.25302947690884,10.746970523091164
86,67,132.0,122.5302730571648,9.469726942835194
86,68,131.0,116.45392861456786,14.546071385432143
86,69,130.0,116.41542222657148,13.58457777342852
86,70,129.0,121.05139111940902,7.948608880590982
86,71,128.0,121.50634976231292,6.493650237687078
86,72,127.0,110.47629153526137,16.523708464738633
86,73,126.0,113.78104755361947,12.218952446380527
86,74,125.0,114.59392109898481,10.406078901015192
86,75,124.0,111.67103810398804,12.328961896011961
86,76,123.0,112.89270061497659,10.10729938502341
86,77,122.0,108.15418669348524,13.845813306514756
86,78,121.0,102.69955895376988,18.30044104623012
86,79,120.0,102.14169374443064,17.85830625556936
86,80,119.0,108.10132202803085,10.89867797196915
86,81,118.0,103.9376647498468,14.062335250153197
86,82,117.0,110.15996235336814,6.840037646631856
86,83,116.0,101.28483535994421,14.71516464005579
86,84,115.0,113.39594198366476,1.6040580163352445
86,85,114.0,109.88014126796749,4.119858732032512
86,86,113.0,93.99909208476109,19.000907915238912
86,87,112.0,102.37234090107212,9.627659098927879
86,88,111.0,104.37992512388955,6.620074876110451
86,89,110.0,93.43609687840055,16.563903121599452
86,90,109.0,115.52543782133755,-6.5254378213375475
86,91,108.0,106.79459583212486,1.2054041678751446
86,92,107.0,94.41281673558937,12.587183264410626
86,93,106.0,115.91597814462256,-9.915978144622557
86,94,105.0,112.39482250007109,-7.394822500071086
86,95,104.0,114.58248070449147,-10.582480704491473
86,96,103.0,112.12630109546862,-9.12630109546862
86,97,102.0,110.35748162439477,-8.357481624394765
86,98,101.0,115.57242836609228,-14.572428366092282
86,99,100.0,100.1593473645592,-0.15934736455919563
86,100,99.0,116.64970445840768,-17.649704458407683
86,101,98.0,102.56067521310288,-4.560675213102883
86,102,97.0,112.46706214277883,-15.467062142778829
86,103,96.0,113.1024780486807,-17.102478048680695
86,104,95.0,107.92246991384377,-12.92246991384377
86,105,94.0,98.01297719932883,-4.01297719932883
86,106,93.0,111.80024402171736,-18.80024402171736
86,107,92.0,110.6753772744046,-18.675377274404596
86,108,91.0,116.98215602155466,-25.98215602155466
86,109,90.0,113.17421344383386,-23.174213443833864
86,110,89.0,98.50515799148735,-9.505157991487351
87,1,171.0,124.7878587446203,46.212141255379706
87,2,170.0,125.0,45.0
87,3,169.0,125.0,44.0
87,4,168.0,124.81254544646961,43.18745455353039
87,5,167.0,125.0,42.0
87,6,166.0,125.0,41.0
87,7,165.0,125.0,40.0
87,8,164.0,124.74645929583143,39.25354070416857
87,9,163.0,125.0,38.0
87,10,162.0,125.0,37.0
87,11,161.0,123.62122015637941,37.37877984362059
87,12,160.0,122.02426685275678,37.97573314724322
87,13,159.0,119.33789949529525,39.66210050470475
87,14,158.0,114.18023234235932,43.81976765764068
87,15,157.0,118.15326383844909,38.84673616155091
87,16,156.0,120.81989777447292,35.18010222552708
87,17,155.0,114.56811110340048,40.43188889659952
87,18,154.0,119.60850686782702,34.39149313217298
87,19,153.0,118.77289032132285,34.22710967867715
87,20,152.0,122.39011241480023,29.609887585199772
87,21,151.0,123.36343747095735,27.63656252904265
87,22,150.0,119.94975619970701,30.05024380029299
87,23,149.0,121.56045295769881,27.439547042301186
87,24,148.0,120.598934855544,27.401065144456
87,25,147.0,120.76281140365222,26.237188596347778
87,26,146.0,119.50156738998773,26.498432610012273
87,27,145.0,115.66707402131864,29.33292597868136
87,28,144.0,111.94294985990986,32.05705014009014
87,29,143.0,115.4205912433109,27.579408756689105
87,30,142.0,114.95054628465265,27.049453715347354
87,31,141.0,116.01545882435364,24.984541175646356
87,32,140.0,113.63074225083531,26.36925774916469
87,33,139.0,114.77016658688208,24.229833413117916
87,34,138.0,115.20316297015093,22.796837029849073
87,35,137.0,114.47809432039095,22.52190567960905
87,36,136.0,112.35360589831349,23.64639410168651
87,37,135.0,110.91346754716184,24.086532452838156
87,38,134.0,113.98188023567486,20.018119764325135
87,39,133.0,116.91833846379869,16.08166153620131
87,40,132.0,115.45183901222256,16.548160987777436
87,41,131.0,117.38066508569372,13.619334914306279
87,42,130.0,116.84591494567607,13.154085054323929
87,43,129.0,115.3109846181964,13.6890153818036
87,44,128.0,116.50298587143092,11.497014128569077
87,45,127.0,112.59447180619536,14.405528193804642
87,46,126.0,112.86934915500107,13.130650844998925
87,47,125.0,111.04159167766862,13.95840832233138
87,48,124.0,109.88821014731363,14.111789852686371
87,49,123.0,109.20145743668124,13.798542563318762
87,50,122.0,111.66652111788892,10.33347888211108
87,51,121.0,110.06438031316463,10.935619686835366
87,52,120.0,113.78234040029686,6.21765959970314
87,53,119.0,113.83814116103149,5.161858838968513
87,54,118.0,113.75812629002009,4.241873709979913
87,55,117.0,112.6426348255038,4.357365174496195
87,56,116.0,113.97669950547304,2.023300494526964
88,1,182.0,125.0,57.0
88,2,181.0,93.0752699793021,87.9247300206979
88,3,180.0,109.1435479397966,70.8564520602034
88,4,179.0,95.24450216446023,83.75549783553977
88,5,178.0,121.21801605118127,56.781983948818734
88,6,177.0,123.58288678050555,53.41711321949445
88,7,176.0,125.0,51.0
88,8,175.0,124.14693771783485,50.853062282165155
88,9,174.0,125.0,49.0
88,10,173.0,124.4131500797924,48.5868499202076
88,11,172.0,119.45465326624654,52.54534673375346
88,12,171.0,122.56581824164715,48.43418175835285
88,13,170.0,121.38650976006252,48.61349023993748
88,14,169.0,125.0,44.0
88,15,168.0,124.27683549040351,43.72316450959649
88,16,167.0,120.95196932373968,46.048030676260325
88,17,166.0,119.65804637833389,46.34195362166611
88,18,165.0,121.95489962061464,43.04510037938536
88,19,164.0,123.0607197794377,40.939280220562296
88,20,163.0,123.62376396800987,39.37623603199013
88,21,162.0,122.91523974725008,39.084760252749916
88,22,161.0,121.71341634086997,39.28658365913003
88,23,160.0,122.77761539619925,37.22238460380075
88,24,159.0,122.95857519429589,36.04142480570411
88,25,158.0,123.95726192717929,34.04273807282071
88,26,157.0,125.0,32.0
88,27,156.0,124.08267145915927,31.917328540840728
88,28,155.0,125.0,30.0
88,29,154.0,122.5669449613628,31.433055038637207
88,30,153.0,122.95780820197133,30.042191798028668
88,31,152.0,124.21321233015438,27.786787669845623
88,32,151.0,117.82687408959625,33.173125910403755
88,33,150.0,117.0623860831272,32.937613916872806
88,34,149.0,121.11252603251205,27.88747396748795
88,35,148.0,121.80122136229406,26.198778637705942
88,36,147.0,118.73380743848635,28.26619256151365
88,37,146.0,115.54644608407743,30.45355391592257
88,38,145.0,113.87657966516396,31.12342033483604
88,39,144.0,112.90599774793992,31.09400225206008
88,40,143.0,111.07797692492706,31.922023075072943
88,41,142.0,103.70913233788525,38.29086766211475
88,42,141.0,113.07184786138137,27.92815213861863
88,43,140.0,107.15942067598486,32.84057932401514
88,44,139.0,111.66075511650236,27.339244883497642
88,45,138.0,117.16980541911184,20.83019458088816
88,46,137.0,112.32710955577856,24.672890444221437
88,47,136.0,106.99104743599796,29.008952564002044
88,48,135.0,110.80526525672627,24.194734743273727
88,49,134.0,106.15922003712713,27.840779962872872
88,50,133.0,107.09247773867496,25.90752226132504
88,51,132.0,102.94380385731304,29.056196142686957
88,52,131.0,110.61127762278602,20.38872237721398
88,53,130.0,102.68659224479482,27.313407755205176
88,54,129.0,100.47428862729086,28.52571137270914
88,55,128.0,101.05447425108161,26.945525748918385
88,56,127.0,101.8490074936777,25.150992506322297
88,57,126.0,104.36456741539197,21.635432584608026
88,58,125.0,100.30852330780792,24.691476692192083
88,59,124.0,100.98641095524033,23.01358904475967
88,60,123.0,80.60010889677437,42.39989110322563
88,61,122.0,88.32036084378136,33.67963915621864
88,62,121.0,96.83337635715003,24.16662364284997
88,63,120.0,93.48001624168967,26.51998375831033
88,64,119.0,94.8266420358313,24.1733579641687
88,65,118.0,97.09584450522757,20.904155494772425
88,66,117.0,99.48109547395727,17.518904526042732
88,67,116.0,96.31734376566327,19.682656234336733
88,68,115.0,104.07230475661596,10.927695243384036
89,1,312.0,124.34035427777815,187.65964572222185
89,2,311.0,125.0,186.0
89,3,310.0,125.0,185.0
89,4,309.0,124.94942888883439,184.0505711111656
89,5,308.0,125.0,183.0
89,6,307.0,125.0,182.0
89,7,306.0,125.0,181.0
89,8,305.0,123.313276854627,181.68672314537298
89,9,304.0,121.73259267369484,182.26740732630515
89,10,303.0,124.84950498382376,178.15049501617625
89,11,302.0,124.23892989092253,177.76107010907748
89,12,301.0,125.0,176.0
89,13,300.0,125.0,175.0
89,14,299.0,125.0,174.0
89,15,298.0,125.0,173.0
89,16,297.0,125.0,172.0
89,17,296.0,123.14577087163265,172.85422912836736
89,18,295.0,124.26259334420163,170.73740665579837
89,19,294.0,124.39038448260891,169.6096155173911
89,20,293.0,122.49418570388181,170.5058142961182
89,21,292.0,125.0,167.0
89,22,291.0,125.0,166.0
89,23,290.0,125.0,165.0
89,24,289.0,125.0,164.0
89,25,288.0,124.26523013696996,163.73476986303004
89,26,287.0,124.14913132764458,162.85086867235543
89,27,286.0,124.02253069587029,161.97746930412973
89,28,285.0,124.66549273931834,160.33450726068168
89,29,284.0,125.0,159.0
89,30,283.0,123.86598374623325,159.13401625376673
89,31,282.0,124.19933065569008,157.80066934430994
89,32,281.0,125.0,156.0
89,33,280.0,124.48093597287605,155.51906402712393
89,34,279.0,122.98992877278687,156.01007122721313
89,35,278.0,123.95084157613664,154.04915842386336
89,36,277.0,122.63906439117531,154.3609356088247
89,37,276.0,124.2480253190733,151.7519746809267
89,38,275.0,124.73586648930463,150.2641335106954
89,39,274.0,124.58249387083278,149.41750612916724
89,40,273.0,125.0,148.0
89,41,272.0,122.10970545038948,149.89029454961053
89,42,271.0,124.58487527319006,146.41512472680995
89,43,270.0,123.75988412399788,146.2401158760021
89,44,269.0,123.27833421414377,145.72166578585623
89,45,268.0,124.4770124108667,143.5229875891333
89,46,267.0,124.44228570956582,142.55771429043418
89,47,266.0,122.94262467152487,143.05737532847513
89,48,265.0,124.85708796287197,140.14291203712804
89,49,264.0,124.5694808943251,139.4305191056749
89,50,263.0,125.0,138.0
89,51,262.0,122.78337259672956,139.21662740327042
89,52,261.0,121.12418472809864,139.87581527190136
89,53,260.0,119.34020973178373,140.65979026821628
89,54,259.0,120.13405114188402,138.86594885811598
89,55,258.0,114.5757892503761,143.4242107496239
89,56,257.0,116.00238390490573,140.99761609509426
89,57,256.0,117.27248881824966,138.72751118175034
89,58,255.0,117.10303459044121,137.8969654095588
89,59,254.0,115.44183764727853,138.55816235272147
89,60,253.0,120.03479511171767,132.96520488828233
89,61,252.0,122.40538971226815,129.59461028773185
89,62,251.0,122.76278405358677,128.23721594641324
89,63,250.0,122.90758315751128,127.09241684248872
89,64,249.0,122.82853558444174,126.17146441555826
89,65,248.0,120.03690887121219,127.96309112878781
89,66,247.0,122.04822619356165,124.95177380643835
89,67,246.0,121.65188120419108,124.34811879580892
89,68,245.0,118.98023278881492,126.01976721118508
89,69,244.0,120.39931096555901,123.60068903444099
89,70,243.0,120.72868119845934,122.27131880154066
89,71,242.0,121.08877423318464,120.91122576681536
89,72,241.0,121.75692054724105,119.24307945275895
89,73,240.0,123.4728298880293,116.5271701119707
89,74,239.0,124.03178448354106,114.96821551645894
89,75,238.0,123.26057566683109,114.73942433316891
89,76,237.0,122.4986970165852,114.5013029834148
89,77,236.0,122.44049046304596,113.55950953695404
89,78,235.0,120.31234572699007,114.68765427300993
89,79,234.0,121.58040423819676,112.41959576180324
89,80,233.0,118.9391595985669,114.0608404014331
89,81,232.0,121.61257585323,110.38742414677
89,82,231.0,119.75719338208248,111.24280661791752
89,83,230.0,118.88554556821977,111.11445443178023
89,84,229.0,117.42019249794734,111.57980750205266
89,85,228.0,117.51336780078951,110.48663219921049
89,86,227.0,114.5074590388652,112.4925409611348
89,87,226.0,118.95346256025043,107.04653743974957
89,88,225.0,116.6559363550396,108.3440636449604
89,89,224.0,119.45482000988562,104.54517999011438
89,90,223.0,120.37950716624458,102.62049283375542
89,91,222.0,124.38115666637923,97.61884333362077
89,92,221.0,120.54228160392466,100.45771839607534
89,93,220.0,122.24667302089094,97.75332697910906
89,94,219.0,120.89661640117157,98.10338359882843
89,95,218.0,119.96067917676544,98.03932082323456
89,96,217.0,118.98268138116465,98.01731861883535
89,97,216.0,118.39942441974951,97.60057558025049
89,98,215.0,121.7010040435532,93.2989959564468
89,99,214.0,118.6494751622926,95.3505248377074
89,100,213.0,123.65065773406826,89.34934226593174
89,101,212.0,123.52220161151803,88.47779838848197
89,102,211.0,123.92881139740676,87.07118860259324
89,103,210.0,123.79389358895988,86.20610641104012
89,104,209.0,120.42284416296539,88.57715583703461
89,105,208.0,123.38557862480923,84.61442137519077
89,106,207.0,121.18382748080263,85.81617251919737
89,107,206.0,123.26703037938981,82.73296962061019
89,108,205.0,122.43343625182825,82.56656374817175
89,109,204.0,123.60291175346445,80.39708824653555
89,110,203.0,122.93495048834214,80.06504951165786
89,111,202.0,122.78272006111682,79.21727993888318
89,112,201.0,123.40512879424712,77.59487120575288
89,113,200.0,123.18698649343048,76.81301350656952
89,114,199.0,121.00382961828815,77.99617038171185
89,115,198.0,121.47739834178466,76.52260165821534
89,116,197.0,120.78714613791419,76.21285386208581
89,117,196.0,121.78645290463712,74.21354709536288
89,118,195.0,122.29342372203314,72.70657627796686
89,119,194.0,121.07757234533395,72.92242765466605
89,120,193.0,119.24804630440087,73.75195369559913
89,121,192.0,121.37507600163583,70.62492399836417
89,122,191.0,121.24889487852928,69.75110512147072
89,123,190.0,120.43737826156446,69.56262173843554
89,124,189.0,121.56469078980902,67.43530921019098
89,125,188.0,121.5438638649834,66.4561361350166
89,126,187.0,121.78237329757528,65.21762670242472
89,127,186.0,123.71309817889698,62.286901821103015
89,128,185.0,121.98193560115807,63.01806439884193
89,129,184.0,121.26221755609335,62.73778244390665
89,130,183.0,121.66620961411094,61.33379038588906
89,131,182.0,118.62117861104228,63.37882138895772
89,132,181.0,122.3447795508625,58.6552204491375
89,133,180.0,117.28567153059169,62.714328469408315
89,134,179.0,116.63017826375051,62.36982173624949
89,135,178.0,118.08804290376713,59.91195709623287
89,136,177.0,117.62002403916173,59.379975960838266
89,137,176.0,118.31593899559674,57.68406100440326
89,138,175.0,118.74652179294732,56.25347820705268
89,139,174.0,115.54251082094224,58.45748917905776
89,140,173.0,118.42256657369359,54.57743342630641
89,141,172.0,118.39905236478964,53.60094763521036
89,142,171.0,120.23534632709456,50.76465367290544
89,143,170.0,121.02546579301477,48.974534206985226
89,144,169.0,119.8974002712991,49.102599728700895
89,145,168.0,119.45486958350462,48.54513041649538
89,146,167.0,116.75314358865104,50.24685641134896
89,147,166.0,118.56381089353026,47.43618910646974
89,148,165.0,115.56140716197784,49.43859283802216
89,149,164.0,117.98595175551688,46.01404824448312
89,150,163.0,116.1033170170672,46.8966829829328
89,151,162.0,119.34435015011069,42.655649849889315
89,152,161.0,115.6789806665763,45.321019333423706
89,153,160.0,116.57653706123571,43.42346293876429
89,154,159.0,114.55050610350612,44.44949389649388
89,155,158.0,115.0681524070713,42.931847592928705
89,156,157.0,110.94849101717499,46.05150898282501
89,157,156.0,116.07620320019328,39.92379679980672
89,158,155.0,118.75295169512727,36.247048304872735
89,159,154.0,115.89342795732605,38.106572042673946
89,160,153.0,114.68028324635257,38.31971675364743
89,161,152.0,117.18270927844092,34.817290721559075
89,162,151.0,118.1128319245927,32.8871680754073
89,163,150.0,118.96473961186649,31.03526038813351
89,164,149.0,122.88343830129875,26.116561698701247
89,165,148.0,117.46372757408788,30.536272425912117
89,166,147.0,113.15938867398857,33.84061132601143
89,167,146.0,112.18454245667037,33.81545754332963
89,168,145.0,113.83595226855303,31.16404773144697
89,169,144.0,109.03463902721636,34.96536097278364
89,170,143.0,107.26248191920408,35.73751808079592
89,171,142.0,110.78948030560545,31.21051969439455
89,172,141.0,111.93924069159291,29.060759308407086
89,173,140.0,115.1114606394422,24.8885393605578
89,174,139.0,112.46382536337332,26.536174636626683
89,175,138.0,109.31861450567446,28.68138549432554
89,176,137.0,113.8639882425024,23.1360117574976
89,177,136.0,112.70274007426531,23.297259925734693
90,1,173.0,125.0,48.0
90,2,172.0,125.0,47.0
90,3,171.0,125.0,46.0
90,4,170.0,125.0,45.0
90,5,169.0,125.0,44.0
90,6,168.0,125.0,43.0
90,7,167.0,125.0,42.0
90,8,166.0,125.0,41.0
90,9,165.0,123.12142528135473,41.87857471864527
90,10,164.0,125.0,39.0
90,11,163.0,124.39802577331369,38.60197422668631
90,12,162.0,122.18694558297945,39.81305441702055
90,13,161.0,125.0,36.0
90,14,160.0,125.0,35.0
90,15,159.0,124.81802031259554,34.181979687404464
90,16,158.0,125.0,33.0
90,17,157.0,122.23594891504678,34.76405108495322
90,18,156.0,123.97910538902732,32.020894610972675
90,19,155.0,122.70389278234705,32.296107217652946
90,20,154.0,123.99306474121838,30.006935258781624
90,21,153.0,123.11169307112588,29.888306928874115
90,22,152.0,123.41813464300098,28.581865356999018
90,23,151.0,124.33421584908722,26.665784150912785
90,24,150.0,124.69375563760164,25.30624436239836
90,25,149.0,122.07901727335162,26.920982726648376
90,26,148.0,124.00807074416484,23.99192925583516
90,27,147.0,125.0,22.0
90,28,146.0,125.0,21.0
90,29,145.0,123.39019913806247,21.60980086193753
90,30,144.0,125.0,19.0
90,31,143.0,124.99031546740552,18.009684532594477
90,32,142.0,125.0,17.0
90,33,141.0,125.0,16.0
90,34,140.0,125.0,15.0
90,35,139.0,125.0,14.0
90,36,138.0,125.0,13.0
90,37,137.0,125.0,12.0
90,38,136.0,125.0,11.0
90,39,135.0,124.70570169893958,10.294298301060422
90,40,134.0,125.0,9.0
90,41,133.0,124.92074935244138,8.079250647558624
90,42,132.0,123.27182741292818,8.728172587071825
90,43,131.0,123.2767370222966,7.723262977703399
90,44,130.0,122.97605195044338,7.023948049556623
90,45,129.0,123.55963743453776,5.440362565462237
90,46,128.0,124.2474441534386,3.752555846561407
90,47,127.0,122.80789180376371,4.1921081962362905
90,48,126.0,122.22380207239583,3.776197927604173
90,49,125.0,121.07691206882532,3.9230879311746776
90,50,124.0,122.30703782770517,1.692962172294827
90,51,123.0,122.49738624890725,0.5026137510927526
90,52,122.0,120.59582070154289,1.4041792984571089
90,53,121.0,120.90714122906641,0.09285877093358863
90,54,120.0,116.39893671213235,3.601063287867646
90,55,119.0,117.07742399871033,1.92257600128967
90,56,118.0,118.01361342493728,-0.013613424937275909
90,57,117.0,118.25062072663978,-1.2506207266397809
90,58,116.0,118.91859407339535,-2.9185940733953544
90,59,115.0,121.03666236617464,-6.036662366174639
90,60,114.0,120.40778492970303,-6.407784929703027
90,61,113.0,113.13375421695906,-0.13375421695906198
90,62,112.0,113.50319705241071,-1.5031970524107123
90,63,111.0,110.24645695333102,0.7535430466689803
90,64,110.0,110.72271886209339,-0.7227188620933873
90,65,109.0,114.80984217215361,-5.809842172153608
90,66,108.0,109.3760726962156,-1.3760726962156014
90,67,107.0,109.51491434536338,-2.5149143453633798
90,68,106.0,111.58442390422698,-5.5844239042269805
90,69,105.0,110.65829846476221,-5.658298464762211
90,70,104.0,111.42897730124827,-7.428977301248267
90,71,103.0,113.99272696420697,-10.992726964206966
90,72,102.0,116.94898395726166,-14.94898395726166
90,73,101.0,115.6687696035375,-14.668769603537498
90,74,100.0,113.471630731474,-13.471630731473994
90,75,99.0,105.4360325031742,-6.436032503174204
90,76,98.0,97.49048083260898,0.5095191673910193
90,77,97.0,106.88900988705753,-9.889009887057526
90,78,96.0,97.32217029710387,-1.3221702971038667
90,79,95.0,105.39630175827241,-10.396301758272415
90,80,94.0,108.13526972903622,-14.135269729036224
90,81,93.0,107.19131332365514,-14.191313323655137
90,82,92.0,107.26622048897642,-15.266220488976415
90,83,91.0,109.34836874853441,-18.348368748534412
90,84,90.0,105.77228006398404,-15.772280063984041
90,85,89.0,109.24645592083603,-20.246455920836027
90,86,88.0,104.84386669458394,-16.843866694583937
90,87,87.0,100.11475534434257,-13.11475534434257
90,88,86.0,104.53994944103941,-18.53994944103941
90,89,85.0,104.51603170398035,-19.516031703980346
90,90,84.0,98.7223137440653,-14.722313744065303
90,91,83.0,102.09745844425747,-19.09745844425747
90,92,82.0,98.51307120005862,-16.51307120005862
90,93,81.0,96.5451767805235,-15.545176780523505
90,94,80.0,96.55420148500754,-16.55420148500754
90,95,79.0,98.34087992079989,-19.340879920799892
90,96,78.0,96.60050455609486,-18.60050455609486
90,97,77.0,101.6481676598884,-24.6481676598884
90,98,76.0,96.77666042124511,-20.77666042124511
90,99,75.0,103.62906520075683,-28.629065200756827
90,100,74.0,105.79148711303368,-31.791487113033682
90,101,73.0,110.61907519155294,-37.61907519155294
90,102,72.0,110.7542469998233,-38.754246999823295
90,103,71.0,111.20978675185629,-40.209786751856285
90,104,70.0,100.19922673718096,-30.199226737180965
90,105,69.0,100.69587898228035,-31.695878982280348
90,106,68.0,101.6291147245428,-33.6291147245428
90,107,67.0,103.8752936216055,-36.87529362160549
90,108,66.0,99.93413758808546,-33.93413758808546
90,109,65.0,92.15482469145734,-27.154824691457335
90,110,64.0,93.58269042855977,-29.582690428559772
90,111,63.0,94.87993360730934,-31.87993360730934
90,112,62.0,97.45703755487997,-35.457037554879975
90,113,61.0,85.75333898190233,-24.75333898190233
90,114,60.0,76.0274606437848,-16.027460643784806
90,115,59.0,79.89569409925531,-20.89569409925531
90,116,58.0,75.586918604642,-17.586918604641994
90,117,57.0,72.99486939176974,-15.99486939176974
90,118,56.0,72.27280619546741,-16.27280619546741
90,119,55.0,66.78195634191275,-11.781956341912746
90,120,54.0,73.14645599851393,-19.14645599851393
90,121,53.0,71.47809560204128,-18.47809560204128
90,122,52.0,70.14119188811215,-18.141191888112147
90,123,51.0,68.86105511599219,-17.861055115992187
90,124,50.0,63.916907040142426,-13.916907040142426
90,125,49.0,61.96944495810518,-12.969444958105179
90,126,48.0,57.992678350835135,-9.992678350835135
90,127,47.0,56.31906452137106,-9.319064521371061
90,128,46.0,57.77160430635635,-11.771604306356352
90,129,45.0,47.69979718645886,-2.6997971864588592
90,130,44.0,47.48657866977815,-3.4865786697781473
90,131,43.0,50.13354754285433,-7.1335475428543305
90,132,42.0,48.223403876497585,-6.223403876497585
90,133,41.0,47.27886777103103,-6.278867771031031
90,134,40.0,45.19441252848363,-5.194412528483632
90,135,39.0,36.97535628826782,2.024643711732182
90,136,38.0,35.90951451593681,2.090485484063187
90,137,37.0,38.229525143959755,-1.229525143959755
90,138,36.0,36.241170549127546,-0.24117054912754554
90,139,35.0,36.25905325819939,-1.259053258199387
90,140,34.0,36.430726335208824,-2.430726335208824
90,141,33.0,33.931249677565155,-0.9312496775651553
90,142,32.0,33.28876214212432,-1.2887621421243196
90,143,31.0,33.57575122409351,-2.5757512240935085
90,144,30.0,30.28373900358708,-0.2837390035870797
90,145,29.0,27.150026401594893,1.8499735984051071
90,146,28.0,28.68237422463042,-0.6823742246304185
91,1,271.0,124.77780274928394,146.22219725071608
91,2,270.0,125.0,145.0
91,3,269.0,125.0,144.0
91,4,268.0,125.0,143.0
91,5,267.0,125.0,142.0
91,6,266.0,125.0,141.0
91,7,265.0,124.07106370368318,140.9289362963168
91,8,264.0,121.36961682942467,142.63038317057533
91,9,263.0,118.94743887151742,144.05256112848258
91,10,262.0,125.0,137.0
91,11,261.0,120.78300894467586,140.21699105532414
91,12,260.0,125.0,135.0
91,13,259.0,125.0,134.0
91,14,258.0,123.23589256993809,134.76410743006193
91,15,257.0,119.68002573880037,137.31997426119963
91,16,256.0,123.48954553963108,132.51045446036892
91,17,255.0,106.77121597681035,148.22878402318963
91,18,254.0,117.64908029078528,136.35091970921474
91,19,253.0,121.38245586587149,131.6175441341285
91,20,252.0,117.86632307015955,134.13367692984045
91,21,251.0,114.78529199628647,136.21470800371353
91,22,250.0,108.49286957265755,141.50713042734245
91,23,249.0,116.1253508400562,132.8746491599438
91,24,248.0,117.80269673456516,130.19730326543484
91,25,247.0,118.39801258820417,128.60198741179585
91,26,246.0,118.0178015167318,127.9821984832682
91,27,245.0,117.95870782196167,127.04129217803833
91,28,244.0,121.33841578384757,122.66158421615243
91,29,243.0,119.70258415449884,123.29741584550116
91,30,242.0,117.27520891605012,124.72479108394988
91,31,241.0,119.48499626482781,121.51500373517219
91,32,240.0,119.50023752240011,120.49976247759989
91,33,239.0,121.78280319410408,117.21719680589592
91,34,238.0,121.71688085675937,116.28311914324063
91,35,237.0,119.44465951819292,117.55534048180708
91,36,236.0,120.193431133069,115.806568866931
91,37,235.0,115.34932789982891,119.65067210017109
91,38,234.0,114.38507533674135,119.61492466325865
91,39,233.0,115.28862505499768,117.71137494500232
91,40,232.0,113.87140040684206,118.12859959315794
91,41,231.0,113.82035848196358,117.17964151803642
91,42,230.0,119.10127290316035,110.89872709683965
91,43,229.0,121.17391443223987,107.82608556776013
91,44,228.0,121.01041060382681,106.98958939617319
91,45,227.0,120.94953651504093,106.05046348495907
91,46,226.0,117.81706954006413,108.18293045993587
91,47,225.0,118.92717306459629,106.07282693540371
91,48,224.0,121.64711770088005,102.35288229911995
91,49,223.0,120.47689444058037,102.52310555941963
91,50,222.0,118.68709606838641,103.31290393161359
91,51,221.0,121.34070232677712,99.65929767322288
91,52,220.0,117.95167315557812,102.04832684442188
91,53,219.0,116.0285431416011,102.9714568583989
91,54,218.0,110.32955905621415,107.67044094378585
91,55,217.0,111.46666368822203,105.53333631177797
91,56,216.0,114.85301566772831,101.14698433227169
91,57,215.0,114.52635577181046,100.47364422818954
91,58,214.0,114.15634845252494,99.84365154747506
91,59,213.0,116.24705912689154,96.75294087310846
91,60,212.0,118.60364525008768,93.39635474991232
91,61,211.0,112.92110429717052,98.07889570282948
91,62,210.0,116.29673920667491,93.70326079332509
91,63,209.0,121.43592001585698,87.56407998414302
91,64,208.0,119.63278440651571,88.36721559348429
91,65,207.0,119.41701643165874,87.58298356834126
91,66,206.0,121.0770097794949,84.9229902205051
91,67,205.0,119.08303874725844,85.91696125274156
91,68,204.0,119.15585051117799,84.84414948882201
91,69,203.0,116.44016968484358,86.55983031515642
91,70,202.0,120.50094677476343,81.49905322523657
91,71,201.0,119.84978725676491,81.15021274323509
91,72,200.0,118.25086600423333,81.74913399576667
91,73,199.0,118.53336979454697,80.46663020545303
91,74,198.0,115.29106106180143,82.70893893819857
91,75,197.0,117.63437882553072,79.36562117446928
91,76,196.0,115.95494818733734,80.04505181266266
91,77,195.0,118.76360962500561,76.23639037499439
91,78,194.0,118.4781140738086,75.5218859261914
91,79,193.0,116.03832042304437,76.96167957695563
91,80,192.0,116.31065531358372,75.68934468641628
91,81,191.0,114.55316826324811,76.44683173675189
91,82,190.0,116.85052484498851,73.14947515501149
91,83,189.0,121.90320015481068,67.09679984518932
91,84,188.0,114.74783537353218,73.25216462646782
91,85,187.0,114.52414926513626,72.47585073486374
91,86,186.0,116.42617216387735,69.57382783612265
91,87,185.0,116.07879890625664,68.92120109374336
91,88,184.0,120.18372391317666,63.816276086823336
91,89,183.0,116.34361684549945,66.65638315450055
91,90,182.0,118.57562312366849,63.42437687633151
91,91,181.0,114.44328594794567,66.55671405205433
91,92,180.0,118.87134759657312,61.128652403426884
91,93,179.0,116.29342300257723,62.70657699742277
91,94,178.0,115.84486377943041,62.15513622056959
91,95,177.0,116.38083091870675,60.61916908129325
91,96,176.0,116.4451305326992,59.554869467300804
91,97,175.0,118.44618525323294,56.55381474676706
91,98,174.0,117.63369790619497,56.36630209380503
91,99,173.0,112.95029989056385,60.049700109436145
91,100,172.0,111.78068788615373,60.21931211384627
91,101,171.0,117.7813532938946,53.2186467061054
91,102,170.0,107.56446092057958,62.43553907942042
91,103,169.0,110.38112904176495,58.61887095823505
91,104,168.0,106.97897144862762,61.02102855137238
91,105,167.0,104.06306010019381,62.93693989980619
91,106,166.0,106.51796743876885,59.48203256123115
91,107,165.0,101.35788367637085,63.64211632362915
91,108,164.0,102.19293218938799,61.80706781061201
91,109,163.0,99.27358659650558,63.72641340349442
91,110,162.0,102.83741974324191,59.16258025675809
91,111,161.0,101.92475531083157,59.07524468916843
91,112,160.0,102.55838742105821,57.441612578941786
91,113,159.0,108.12957123957261,50.87042876042739
91,114,158.0,107.80927342314232,50.190726576857685
91,115,157.0,117.03472049293052,39.96527950706948
91,116,156.0,116.97155754639813,39.02844245360187
91,117,155.0,114.85168092419258,40.14831907580742
91,118,154.0,117.75532937558502,36.24467062441498
91,119,153.0,118.38566481086161,34.61433518913839
91,120,152.0,114.28503370375485,37.71496629624515
91,121,151.0,115.13760803775108,35.86239196224892
91,122,150.0,118.06756351067104,31.932436489328964
91,123,149.0,119.26575845835514,29.734241541644863
91,124,148.0,117.34196942662952,30.658030573370482
91,125,147.0,103.7907009872492,43.209299012750805
91,126,146.0,107.73373471047732,38.26626528952268
91,127,145.0,102.24290699918495,42.75709300081505
91,128,144.0,111.75970698406725,32.24029301593275
91,129,143.0,111.91111531277073,31.088884687229267
91,130,142.0,114.29557026120062,27.704429738799377
91,131,141.0,110.96216991822905,30.03783008177095
91,132,140.0,115.57288932696079,24.42711067303921
91,133,139.0,112.4163258877808,26.5836741122192
91,134,138.0,105.00088364499541,32.99911635500459
91,135,137.0,108.68490887374998,28.315091126250024
91,136,136.0,106.91016758167116,29.08983241832884
91,137,135.0,103.79569514334271,31.204304856657288
91,138,134.0,101.84054825654088,32.159451743459115
91,139,133.0,99.96270687812525,33.037293121874754
91,140,132.0,101.92460087745917,30.07539912254083
91,141,131.0,101.69148871574988,29.308511284250116
91,142,130.0,95.60453675411999,34.39546324588001
91,143,129.0,94.13462634714878,34.86537365285122
91,144,128.0,93.98883626123626,34.01116373876374
91,145,127.0,93.05758532387374,33.94241467612626
91,146,126.0,88.64113178409107,37.35886821590893
91,147,125.0,80.56539051967725,44.43460948032275
91,148,124.0,80.2313661265113,43.768633873488696
91,149,123.0,73.25976363310487,49.74023636689513
91,150,122.0,76.29926883887758,45.70073116112242
91,151,121.0,71.7075494122526,49.292450587747396
91,152,120.0,73.55671676106762,46.44328323893238
91,153,119.0,74.69196345423619,44.30803654576381
91,154,118.0,71.76586575926372,46.23413424073628
91,155,117.0,69.91988747212234,47.08011252787766
91,156,116.0,68.2823111527864,47.717688847213594
91,157,115.0,67.32690285272608,47.67309714727392
91,158,114.0,65.92967407224883,48.07032592775117
91,159,113.0,60.93795073800879,52.06204926199121
91,160,112.0,59.84238615340482,52.15761384659518
91,161,111.0,60.78840158601747,50.21159841398253
91,162,110.0,64.08261217059588,45.91738782940412
91,163,109.0,65.71596239554111,43.28403760445889
91,164,108.0,67.39308263833554,40.60691736166446
91,165,107.0,63.23978427200906,43.76021572799094
91,166,106.0,65.37760257897556,40.622397421024445
91,167,105.0,65.89575312396276,39.10424687603724
91,168,104.0,64.14005500552845,39.85994499447155
91,169,103.0,69.9669246850929,33.033075314907094
91,170,102.0,68.02903275871202,33.97096724128798
91,171,101.0,67.38868079239215,33.61131920760785
91,172,100.0,63.40508787848809,36.59491212151191
91,173,99.0,69.6151935566417,29.3848064433583
91,174,98.0,70.70187234575069,27.298127654249313
91,175,97.0,68.24302464345634,28.756975356543663
91,176,96.0,62.9005809856469,33.0994190143531
91,177,95.0,68.16593469501959,26.834065304980413
91,178,94.0,71.652987156758,22.347012843242
91,179,93.0,64.25692223265892,28.743077767341077
91,180,92.0,65.4752938966896,26.524706103310393
91,181,91.0,75.62096848818413,15.379031511815867
91,182,90.0,78.86376814962088,11.136231850379119
91,183,89.0,85.75581306911944,3.2441869308805593
91,184,88.0,82.45226990094893,5.547730099051066
91,185,87.0,86.83891260477279,0.16108739522721294
91,186,86.0,79.83045955758469,6.169540442415311
91,187,85.0,78.62527354552243,6.3747264544775675
91,188,84.0,80.03010212982326,3.9698978701767373
91,189,83.0,78.79907542588703,4.200924574112975
91,190,82.0,78.26742974893108,3.732570251068921
91,191,81.0,66.73592325760438,14.264076742395616
91,192,80.0,65.39004123809998,14.609958761900018
91,193,79.0,62.15099579206167,16.84900420793833
91,194,78.0,57.927823634128835,20.072176365871165
91,195,77.0,59.68367239418648,17.31632760581352
91,196,76.0,57.30075850068894,18.699241499311057
91,197,75.0,61.59643823205357,13.403561767946428
91,198,74.0,61.93858233837406,12.061417661625939
91,199,73.0,62.854410197647695,10.145589802352305
91,200,72.0,58.261828255465716,13.738171744534284
91,201,71.0,58.10262981999132,12.897370180008679
91,202,70.0,54.762152398545034,15.237847601454966
91,203,69.0,57.60340423386889,11.396595766131107
91,204,68.0,60.441329295776235,7.558670704223765
91,205,67.0,59.10956975713327,7.890430242866728
91,206,66.0,59.4048203830444,6.595179616955598
91,207,65.0,62.39124283462714,2.6087571653728574
91,208,64.0,62.19145806574076,1.8085419342592388
91,209,63.0,61.14908983819121,1.850910161808791
91,210,62.0,61.57046110349068,0.429538896509321
91,211,61.0,58.971766124374035,2.028233875625965
91,212,60.0,59.3717305458933,0.6282694541067002
91,213,59.0,55.91103044129792,3.0889695587020825
91,214,58.0,54.423336805501904,3.5766631944980958
91,215,57.0,54.02131519041024,2.9786848095897582
91,216,56.0,50.242317497509596,5.757682502490404
91,217,55.0,51.03120133042948,3.9687986695705177
91,218,54.0,52.724940395547236,1.275059604452764
91,219,53.0,46.31127247927164,6.6887275207283565
91,220,52.0,52.0041691451127,-0.004169145112697947
91,221,51.0,46.96307183732219,4.03692816267781
91,222,50.0,46.29563927749989,3.7043607225001125
91,223,49.0,46.82915422779055,2.1708457722094465
91,224,48.0,46.27376888185592,1.726231118144078
91,225,47.0,45.643395369668106,1.3566046303318942
91,226,46.0,43.430772471739445,2.569227528260555
91,227,45.0,41.34193316031576,3.6580668396842384
91,228,44.0,40.52802221980382,3.471977780196177
91,229,43.0,36.57759227523975,6.422407724760248
91,230,42.0,32.55010792913308,9.449892070866923
91,231,41.0,30.8394827026154,10.160517297384601
91,232,40.0,30.522304761348668,9.477695238651332
91,233,39.0,30.53565279471889,8.464347205281111
91,234,38.0,30.235694627762165,7.7643053722378355
92,1,169.0,106.2278807564489,62.7721192435511
92,2,168.0,114.65723915163348,53.342760848366524
92,3,167.0,114.12259991098809,52.877400089011914
92,4,166.0,116.95296694735211,49.04703305264789
92,5,165.0,118.53805113664333,46.46194886335667
92,6,164.0,123.65456578948935,40.345434210510646
92,7,163.0,120.58683987359001,42.41316012640999
92,8,162.0,122.8724600740631,39.1275399259369
92,9,161.0,125.0,36.0
92,10,160.0,125.0,35.0
92,11,159.0,123.59056478430996,35.40943521569004
92,12,158.0,125.0,33.0
92,13,157.0,125.0,32.0
92,14,156.0,124.54321326251035,31.45678673748965
92,15,155.0,125.0,30.0
92,16,154.0,125.0,29.0
92,17,153.0,125.0,28.0
92,18,152.0,123.75880594568851,28.241194054311492
92,19,151.0,116.1618073621318,34.838192637868204
92,20,150.0,110.16439099432965,39.83560900567035
92,21,149.0,116.36329565936671,32.63670434063329
92,22,148.0,119.2601088172506,28.739891182749403
92,23,147.0,123.03430106948541,23.96569893051459
92,24,146.0,115.51780736566988,30.48219263433012
92,25,145.0,121.55310487737609,23.446895122623914
92,26,144.0,119.80143348188199,24.198566518118014
92,27,143.0,122.51545591533149,20.484544084668514
92,28,142.0,120.33913443479952,21.66086556520048
92,29,141.0,123.62499997888493,17.37500002111507
92,30,140.0,124.63001340325489,15.369986596745107
92,31,139.0,125.0,14.0
92,32,138.0,125.0,13.0
92,33,137.0,125.0,12.0
92,34,136.0,122.79667915415156,13.203320845848438
92,35,135.0,122.46972352006654,12.530276479933462
92,36,134.0,124.61465347288687,9.385346527113128
92,37,133.0,124.55690649757085,8.44309350242915
92,38,132.0,124.45296772737322,7.54703227262678
92,39,131.0,124.5101969620684,6.489803037931594
92,40,130.0,123.02176699721389,6.978233002786112
92,41,129.0,122.44897089876609,6.551029101233908
92,42,128.0,124.10126895873076,3.8987310412692437
92,43,127.0,123.87326439652176,3.126735603478238
92,44,126.0,122.76438405734922,3.2356159426507816
92,45,125.0,124.59928636522905,0.4007136347709519
92,46,124.0,124.51546318404257,-0.5154631840425736
92,47,123.0,122.68764960310901,0.31235039689099153
92,48,122.0,123.32001571465428,-1.320015714654275
92,49,121.0,122.48728439183711,-1.4872843918371075
92,50,120.0,121.21450042621778,-1.214500426217782
92,51,119.0,121.96893958504073,-2.9689395850407294
92,52,118.0,122.14941351952996,-4.149413519529958
92,53,117.0,120.80361262699938,-3.8036126269993815
92,54,116.0,122.46992385409288,-6.469923854092883
92,55,115.0,120.9006087730222,-5.900608773022199
92,56,114.0,122.08880989507759,-8.088809895077588
92,57,113.0,122.60293658338132,-9.602936583381322
92,58,112.0,122.00451460487275,-10.004514604872753
92,59,111.0,123.33021588498656,-12.330215884986558
92,60,110.0,123.761636772923,-13.761636772922998
92,61,109.0,121.86907010477162,-12.869070104771623
92,62,108.0,120.10914635592084,-12.109146355920842
92,63,107.0,121.57152907293431,-14.571529072934311
92,64,106.0,119.88902514674402,-13.889025146744018
92,65,105.0,119.5173617601106,-14.517361760110603
92,66,104.0,118.3954305410416,-14.395430541041605
92,67,103.0,119.14074370698593,-16.14074370698593
92,68,102.0,116.08501298989546,-14.08501298989546
92,69,101.0,119.53386882705482,-18.533868827054818
92,70,100.0,118.21988570622919,-18.219885706229192
92,71,99.0,119.3113606016922,-20.3113606016922
92,72,98.0,121.32530025711083,-23.325300257110825
92,73,97.0,120.63966703006562,-23.639667030065624
92,74,96.0,118.10614661884587,-22.10614661884587
92,75,95.0,115.00123886645673,-20.00123886645673
92,76,94.0,115.50499368286528,-21.504993682865276
92,77,93.0,115.94305977995003,-22.943059779950033
92,78,92.0,114.56145851823713,-22.56145851823713
92,79,91.0,120.28827545963505,-29.288275459635045
92,80,90.0,114.8513056728316,-24.8513056728316
92,81,89.0,111.61674752470867,-22.61674752470867
92,82,88.0,107.83969260623837,-19.839692606238373
92,83,87.0,99.24378271538095,-12.243782715380945
92,84,86.0,94.49343533370265,-8.49343533370265
92,85,85.0,95.89580262087313,-10.895802620873127
92,86,84.0,95.64093609682341,-11.64093609682341
92,87,83.0,87.9880382643928,-4.988038264392799
92,88,82.0,87.86215149722506,-5.862151497225057
92,89,81.0,93.68343009599387,-12.68343009599387
92,90,80.0,90.51835832586924,-10.518358325869244
92,91,79.0,94.38087103498779,-15.380871034987791
92,92,78.0,100.87264919284117,-22.872649192841166
92,93,77.0,94.17351259985668,-17.17351259985668
92,94,76.0,92.97804929163571,-16.978049291635713
92,95,75.0,92.06254105815289,-17.06254105815289
92,96,74.0,90.86800110981535,-16.868001109815353
92,97,73.0,91.74486114528298,-18.744861145282982
92,98,72.0,88.45304452928791,-16.453044529287908
92,99,71.0,87.92596171012693,-16.925961710126927
92,100,70.0,88.9703613715871,-18.970361371587103
92,101,69.0,81.03290375236564,-12.032903752365641
92,102,68.0,82.71383695746991,-14.713836957469908
92,103,67.0,69.56507728023787,-2.5650772802378725
92,104,66.0,70.19685028199298,-4.19685028199298
92,105,65.0,71.95731744633311,-6.957317446333107
92,106,64.0,76.44974142095111,-12.449741420951113
92,107,63.0,74.96948107389625,-11.969481073896247
92,108,62.0,68.65217790429591,-6.652177904295911
92,109,61.0,74.70857190354766,-13.708571903547664
92,110,60.0,76.93238887085451,-16.93238887085451
92,111,59.0,75.23846053658455,-16.238460536584554
92,112,58.0,65.97748433808006,-7.97748433808006
92,113,57.0,66.72042422237381,-9.720424222373808
92,114,56.0,64.31246739288568,-8.31246739288568
92,115,55.0,65.5251496522252,-10.525149652225195
92,116,54.0,68.78541027224809,-14.785410272248086
92,117,53.0,65.03644985373808,-12.036449853738077
92,118,52.0,65.08223595737736,-13.082235957377364
92,119,51.0,60.717052548977406,-9.717052548977406
92,120,50.0,58.16884087239728,-8.168840872397283
92,121,49.0,56.492184905541315,-7.492184905541315
92,122,48.0,58.43116921733053,-10.431169217330527
92,123,47.0,55.97060867841596,-8.970608678415957
92,124,46.0,55.17403940849077,-9.17403940849077
92,125,45.0,53.535354904739975,-8.535354904739975
92,126,44.0,53.57765752499556,-9.577657524995558
92,127,43.0,47.032521534097185,-4.032521534097185
92,128,42.0,51.72482115166169,-9.724821151661693
92,129,41.0,50.93026254363501,-9.93026254363501
92,130,40.0,51.87099881650233,-11.870998816502329
92,131,39.0,47.97929220597406,-8.979292205974062
92,132,38.0,53.509035168915624,-15.509035168915624
92,133,37.0,44.115414173095864,-7.115414173095864
92,134,36.0,41.2175602943014,-5.2175602943014
92,135,35.0,37.61596981990238,-2.615969819902382
92,136,34.0,36.684398622453884,-2.684398622453884
92,137,33.0,29.221509334018293,3.778490665981707
92,138,32.0,31.257113349943335,0.7428866500566649
92,139,31.0,31.98262870755797,-0.9826287075579714
92,140,30.0,33.80107399016899,-3.8010739901689874
92,141,29.0,34.32370874489859,-5.323708744898589
92,142,28.0,32.113966277000806,-4.113966277000806
92,143,27.0,29.72939888869568,-2.7293988886956804
92,144,26.0,32.71265118230502,-6.712651182305017
92,145,25.0,29.3905655705408,-4.390565570540801
92,146,24.0,29.75313886568742,-5.7531388656874185
92,147,23.0,26.101194367743723,-3.101194367743723
92,148,22.0,26.07245077275644,-4.07245077275644
92,149,21.0,26.794001973533366,-5.794001973533366
92,150,20.0,22.829966314682466,-2.8299663146824656
93,1,328.0,125.0,203.0
93,2,327.0,112.23861671390092,214.7613832860991
93,3,326.0,94.8184097794985,231.1815902205015
93,4,325.0,117.5289645805657,207.47103541943432
93,5,324.0,125.0,199.0
93,6,323.0,119.01026543488649,203.9897345651135
93,7,322.0,124.0215717127772,197.9784282872228
93,8,321.0,119.9004798798828,201.0995201201172
93,9,320.0,117.31003052023715,202.68996947976285
93,10,319.0,119.61506160187963,199.38493839812037
93,11,318.0,113.9829025407723,204.0170974592277
93,12,317.0,120.72756155308595,196.27243844691407
93,13,316.0,115.97039196802257,200.02960803197743
93,14,315.0,109.93213163410108,205.0678683658989
93,15,314.0,113.61110047612353,200.3888995238765
93,16,313.0,118.2213773785766,194.77862262142338
93,17,312.0,116.62109823070543,195.37890176929457
93,18,311.0,116.09598244376016,194.90401755623984
93,19,310.0,119.58287038709133,190.41712961290867
93,20,309.0,115.9308672553137,193.0691327446863
93,21,308.0,119.61814280094788,188.38185719905212
93,22,307.0,120.23191934294039,186.7680806570596
93,23,306.0,120.59247038694284,185.40752961305716
93,24,305.0,113.78223741679513,191.2177625832049
93,25,304.0,121.22296633654398,182.77703366345602
93,26,303.0,121.78607004225809,181.21392995774193
93,27,302.0,122.81604490513126,179.18395509486874
93,28,301.0,123.13427084292051,177.8657291570795
93,29,300.0,119.75281000720835,180.24718999279165
93,30,299.0,123.32101008195022,175.67898991804978
93,31,298.0,123.65963622526941,174.34036377473058
93,32,297.0,122.20759870204685,174.79240129795315
93,33,296.0,122.85655728919185,173.14344271080813
93,34,295.0,122.41761074191066,172.58238925808934
93,35,294.0,123.50275416382927,170.49724583617075
93,36,293.0,125.0,168.0
93,37,292.0,124.41648405579397,167.58351594420603
93,38,291.0,123.94710711740306,167.05289288259695
93,39,290.0,123.83136567851227,166.16863432148773
93,40,289.0,121.77514496457898,167.224855035421
93,41,288.0,124.35076842987837,163.64923157012163
93,42,287.0,122.78083047276844,164.21916952723154
93,43,286.0,122.3736799793486,163.6263200206514
93,44,285.0,123.90962738322686,161.09037261677315
93,45,284.0,124.91389846889768,159.08610153110232
93,46,283.0,125.0,158.0
93,47,282.0,125.0,157.0
93,48,281.0,120.96015652149224,160.03984347850775
93,49,280.0,125.0,155.0
93,50,279.0,125.0,154.0
93,51,278.0,124.92674752794889,153.0732524720511
93,52,277.0,124.48436241719762,152.51563758280238
93,53,276.0,115.65999070021162,160.3400092997884
93,54,275.0,125.0,150.0
93,55,274.0,124.11654921437402,149.883450785626
93,56,273.0,111.67774449438038,161.32225550561964
93,57,272.0,124.592103821182,147.40789617881802
93,58,271.0,124.55457130293344,146.44542869706657
93,59,270.0,124.53445943952715,145.46554056047285
93,60,269.0,122.63256600760792,146.36743399239208
93,61,268.0,123.56101669832805,144.43898330167195
93,62,267.0,122.78625027083947,144.21374972916053
93,63,266.0,120.68253195480847,145.31746804519153
93,64,265.0,121.70545690378164,143.29454309621838
93,65,264.0,123.14232625496524,140.85767374503476
93,66,263.0,121.93118269409165,141.06881730590834
93,67,262.0,121.5517795630189,140.4482204369811
93,68,261.0,121.51010755464557,139.48989244535443
93,69,260.0,123.42399902185592,136.57600097814407
93,70,259.0,111.82108265335398,147.17891734664602
93,71,258.0,121.0095366922141,136.9904633077859
93,72,257.0,121.17490118338483,135.82509881661517
93,73,256.0,122.28639433098958,133.7136056690104
93,74,255.0,122.57742068232633,132.42257931767367
93,75,254.0,120.37168586796678,133.6283141320332
93,76,253.0,120.537268836127,132.462731163873
93,77,252.0,115.43953200604885,136.56046799395114
93,78,251.0,119.8344121770617,131.1655878229383
93,79,250.0,117.0258627768821,132.9741372231179
93,80,249.0,117.25854234063317,131.74145765936683
93,81,248.0,117.6872256885368,130.31277431146322
93,82,247.0,120.38021570706054,126.61978429293946
93,83,246.0,121.73559718324336,124.26440281675664
93,84,245.0,117.51244600504272,127.48755399495728
93,85,244.0,115.08090675062063,128.9190932493794
93,86,243.0,115.13600230425396,127.86399769574604
93,87,242.0,114.57793251993756,127.42206748006244
93,88,241.0,119.89328276524384,121.10671723475616
93,89,240.0,121.51627219505217,118.48372780494783
93,90,239.0,116.94094619001045,122.05905380998955
93,91,238.0,116.76750117671537,121.23249882328463
93,92,237.0,104.77517858818413,132.22482141181587
93,93,236.0,110.01839441594308,125.98160558405692
93,94,235.0,103.41994715428382,131.58005284571618
93,95,234.0,115.80439093176477,118.19560906823523
93,96,233.0,112.17429867971933,120.82570132028067
93,97,232.0,105.20841948318886,126.79158051681114
93,98,231.0,107.29882037983778,123.70117962016222
93,99,230.0,111.46330585807641,118.53669414192359
93,100,229.0,110.09906320168467,118.90093679831533
93,101,228.0,115.22007109434054,112.77992890565946
93,102,227.0,112.12258569102744,114.87741430897256
93,103,226.0,106.9228544569129,119.0771455430871
93,104,225.0,109.95042771897191,115.04957228102809
93,105,224.0,114.381686302478,109.618313697522
93,106,223.0,116.07325326999407,106.92674673000593
93,107,222.0,120.3336030631565,101.6663969368435
93,108,221.0,114.49165325244377,106.50834674755623
93,109,220.0,113.35635416682015,106.64364583317985
93,110,219.0,114.73302870201722,104.26697129798278
93,111,218.0,120.46619055133436,97.53380944866564
93,112,217.0,118.54963064718767,98.45036935281233
93,113,216.0,110.52542142634867,105.47457857365133
93,114,215.0,116.30096506326777,98.69903493673223
93,115,214.0,117.2283847454543,96.7716152545457
93,116,213.0,114.12936423601312,98.87063576398688
93,117,212.0,118.15642312836896,93.84357687163104
93,118,211.0,114.41373107831696,96.58626892168304
93,119,210.0,113.67081096858405,96.32918903141595
93,120,209.0,111.74249813150264,97.25750186849736
93,121,208.0,108.63150606524638,99.36849393475362
93,122,207.0,111.6859759561081,95.3140240438919
93,123,206.0,113.28927244739843,92.71072755260157
93,124,205.0,115.31968711999365,89.68031288000635
93,125,204.0,112.29066961642044,91.70933038357956
93,126,203.0,111.68486536282079,91.31513463717921
93,127,202.0,111.92303241890781,90.07696758109219
93,128,201.0,112.66903511217195,88.33096488782805
93,129,200.0,113.79894874019979,86.20105125980021
93,130,199.0,113.12555609816364,85.87444390183636
93,131,198.0,108.33157967581508,89.66842032418492
93,132,197.0,112.16413213783794,84.83586786216206
93,133,196.0,113.15639761982928,82.84360238017072
93,134,195.0,113.77685747310824,81.22314252689176
93,135,194.0,99.48019021702929,94.51980978297071
93,136,193.0,101.92138645266736,91.07861354733264
93,137,192.0,104.82624374962116,87.17375625037884
93,138,191.0,110.48300260075357,80.51699739924643
93,139,190.0,105.47672686152761,84.52327313847239
93,140,189.0,100.21479382538861,88.78520617461139
93,141,188.0,106.61525428321491,81.38474571678509
93,142,187.0,113.36685643928703,73.63314356071297
93,143,186.0,111.15091445079929,74.84908554920071
93,144,185.0,110.31950327001242,74.68049672998758
93,145,184.0,100.26105631305167,83.73894368694833
93,146,183.0,100.8883769721337,82.1116230278663
93,147,182.0,105.2211438461011,76.7788561538989
93,148,181.0,103.51146630115161,77.48853369884839
93,149,180.0,101.79688403370805,78.20311596629195
93,150,179.0,101.68307122406718,77.31692877593282
93,151,178.0,108.84855458747481,69.15144541252519
93,152,177.0,107.83924911507827,69.16075088492173
93,153,176.0,103.33039960769439,72.66960039230561
93,154,175.0,101.82686548171081,73.17313451828919
93,155,174.0,103.43773787530715,70.56226212469285
93,156,173.0,107.2483821791867,65.7516178208133
93,157,172.0,110.30772614265517,61.69227385734483
93,158,171.0,110.74300107911364,60.25699892088636
93,159,170.0,105.80807179710514,64.19192820289486
93,160,169.0,102.00173496807103,66.99826503192897
93,161,168.0,113.03159434096723,54.96840565903277
93,162,167.0,110.4411950717467,56.558804928253295
93,163,166.0,111.91400669643711,54.08599330356289
93,164,165.0,111.31674214601199,53.68325785398801
93,165,164.0,114.34728929097311,49.65271070902689
93,166,163.0,115.62273012478195,47.37726987521805
93,167,162.0,109.93598323268533,52.06401676731467
93,168,161.0,111.55831747933497,49.441682520665026
93,169,160.0,112.58888869689439,47.41111130310561
93,170,159.0,108.54657990988106,50.45342009011894
93,171,158.0,116.13195850845996,41.86804149154004
93,172,157.0,108.93676463349684,48.063235366503164
93,173,156.0,102.98791142149005,53.012088578509946
93,174,155.0,103.31053477060304,51.68946522939696
93,175,154.0,103.26181419067042,50.73818580932958
93,176,153.0,104.74275387031193,48.25724612968807
93,177,152.0,107.92460367789229,44.07539632210771
93,178,151.0,112.4419822515833,38.5580177484167
93,179,150.0,108.41957727790454,41.58042272209546
93,180,149.0,100.21222211504781,48.78777788495219
93,181,148.0,100.71974402774107,47.28025597225893
93,182,147.0,113.30267254902625,33.697327450973745
93,183,146.0,101.46949161690894,44.53050838309106
93,184,145.0,96.31059103180984,48.689408968190165
93,185,144.0,104.38481129638382,39.615188703616184
93,186,143.0,100.66015166735653,42.33984833264347
93,187,142.0,103.47747125118737,38.52252874881263
93,188,141.0,87.2019434510071,53.7980565489929
93,189,140.0,107.01267016741524,32.98732983258476
93,190,139.0,104.04607017028312,34.953929829716884
93,191,138.0,101.82202843038954,36.17797156961046
93,192,137.0,98.34171432179849,38.65828567820151
93,193,136.0,86.6910442962874,49.3089557037126
93,194,135.0,99.65356380896142,35.34643619103858
93,195,134.0,92.14684679915074,41.85315320084926
93,196,133.0,89.93470114786166,43.06529885213834
93,197,132.0,92.19544049064247,39.80455950935753
93,198,131.0,86.53304372860484,44.46695627139516
93,199,130.0,96.85772514543733,33.14227485456267
93,200,129.0,89.33348494207002,39.666515057929985
93,201,128.0,92.83289180160773,35.16710819839227
93,202,127.0,96.3934965218147,30.606503478185303
93,203,126.0,91.33763691236946,34.66236308763054
93,204,125.0,88.87894607304685,36.12105392695315
93,205,124.0,88.32437908004142,35.675620919958575
93,206,123.0,86.51432649446488,36.48567350553512
93,207,122.0,92.35204251263768,29.64795748736232
93,208,121.0,88.68676974729192,32.31323025270808
93,209,120.0,87.89870136161267,32.101298638387334
93,210,119.0,80.66870487119344,38.33129512880656
93,211,118.0,78.81563623516683,39.184363764833165
93,212,117.0,82.0508074822472,34.949192517752806
93,213,116.0,75.24244770728023,40.757552292719765
93,214,115.0,74.83013590320081,40.16986409679919
93,215,114.0,73.31915871206782,40.68084128793218
93,216,113.0,74.08256946693288,38.91743053306712
93,217,112.0,75.83887509892266,36.16112490107734
93,218,111.0,73.25433770747225,37.745662292527754
93,219,110.0,77.41386172939532,32.58613827060468
93,220,109.0,79.23851913327877,29.76148086672123
93,221,108.0,79.61011923917206,28.389880760827936
93,222,107.0,78.23611928730142,28.76388071269858
93,223,106.0,76.4446526160251,29.555347383974905
93,224,105.0,74.4148919992378,30.585108000762204
93,225,104.0,70.77303443412964,33.22696556587036
93,226,103.0,65.60678845797987,37.393211542020126
93,227,102.0,61.64316228160648,40.35683771839352
93,228,101.0,56.19802388145977,44.80197611854023
93,229,100.0,56.56856405478118,43.43143594521882
93,230,99.0,52.6120130815439,46.3879869184561
93,231,98.0,55.98774363052347,42.01225636947653
93,232,97.0,61.1396449738097,35.8603550261903
93,233,96.0,61.132333565098925,34.867666434901075
93,234,95.0,54.328798340241164,40.671201659758836
93,235,94.0,49.03504296367066,44.96495703632934
93,236,93.0,50.39009996706524,42.60990003293476
93,237,92.0,49.90788206970392,42.09211793029608
93,238,91.0,50.402868560039586,40.597131439960414
93,239,90.0,51.76910549045476,38.23089450954524
93,240,89.0,45.36962163866484,43.63037836133516
93,241,88.0,50.996023490282184,37.003976509717816
93,242,87.0,50.00659594968491,36.99340405031509
93,243,86.0,44.72334400009251,41.27665599990749
93,244,85.0,48.18778755960425,36.81221244039575
94,1,187.0,125.0,62.0
94,2,186.0,125.0,61.0
94,3,185.0,125.0,60.0
94,4,184.0,125.0,59.0
94,5,183.0,125.0,58.0
94,6,182.0,125.0,57.0
94,7,181.0,122.7167838448895,58.283216155110495
94,8,180.0,125.0,55.0
94,9,179.0,124.10719726994509,54.89280273005491
94,10,178.0,123.9872514116437,54.0127485883563
94,11,177.0,122.7889090893358,54.2110909106642
94,12,176.0,123.58550039671798,52.414499603282025
94,13,175.0,123.68051041799546,51.319489582004536
94,14,174.0,123.7032223680138,50.2967776319862
94,15,173.0,112.97364403593131,60.026355964068685
94,16,172.0,119.1078766006673,52.892123399332704
94,17,171.0,119.09658791786806,51.903412082131936
94,18,170.0,122.15854552329628,47.84145447670372
94,19,169.0,119.88663889913292,49.11336110086708
94,20,168.0,122.01453053778059,45.98546946221941
94,21,167.0,125.0,42.0
94,22,166.0,125.0,41.0
94,23,165.0,123.533403253654,41.466596746346
94,24,164.0,124.8022924401621,39.197707559837895
94,25,163.0,125.0,38.0
94,26,162.0,125.0,37.0
94,27,161.0,124.03682539541359,36.96317460458641
94,28,160.0,110.91975832731804,49.080241672681964
94,29,159.0,121.70504359659431,37.29495640340569
94,30,158.0,116.03127331176441,41.96872668823559
94,31,157.0,120.01821978110273,36.98178021889727
94,32,156.0,120.96196456165087,35.03803543834913
94,33,155.0,120.46439141569593,34.53560858430407
94,34,154.0,123.31969565782128,30.680304342178715
94,35,153.0,120.79621328527449,32.20378671472551
94,36,152.0,108.17709100242067,43.82290899757933
94,37,151.0,112.89871410976133,38.10128589023867
94,38,150.0,117.54445884352205,32.45554115647795
94,39,149.0,118.12609804872739,30.873901951272614
94,40,148.0,116.21008219607928,31.789917803920716
94,41,147.0,121.34477467451553,25.655225325484466
94,42,146.0,118.30194695018237,27.69805304981763
94,43,145.0,113.37814239709945,31.621857602900548
94,44,144.0,117.97401463096425,26.02598536903575
94,45,143.0,118.58926061401708,24.41073938598292
94,46,142.0,119.93408526884025,22.06591473115975
94,47,141.0,121.05609972814378,19.943900271856222
94,48,140.0,120.10931809498764,19.890681905012357
94,49,139.0,119.17935452851283,19.82064547148717
94,50,138.0,121.652060407715,16.347939592285
94,51,137.0,120.48518074059125,16.514819259408753
94,52,136.0,117.60788704137656,18.392112958623443
94,53,135.0,117.65012940012272,17.349870599877278
94,54,134.0,119.57354857289162,14.426451427108375
94,55,133.0,116.10221048084983,16.897789519150166
94,56,132.0,120.07848204462238,11.921517955377624
94,57,131.0,119.3095332918754,11.690466708124603
94,58,130.0,124.46230775169863,5.537692248301369
94,59,129.0,123.78405685728251,5.215943142717492
94,60,128.0,123.42825411988579,4.571745880114207
94,61,127.0,124.60475260640818,2.3952473935918164
94,62,126.0,125.0,1.0
94,63,125.0,124.14757288691997,0.8524271130800258
94,64,124.0,120.08755580450972,3.9124441954902807
94,65,123.0,123.12747047408826,-0.12747047408825551
94,66,122.0,122.54273976872499,-0.5427397687249851
94,67,121.0,120.55919123134412,0.44080876865588436
94,68,120.0,121.73013040188728,-1.7301304018872798
94,69,119.0,104.47585649441584,14.524143505584163
94,70,118.0,121.03010720512187,-3.0301072051218654
94,71,117.0,120.96641641243951,-3.9664164124395143
94,72,116.0,120.3701173635645,-4.370117363564503
94,73,115.0,116.75637911426627,-1.7563791142662666
94,74,114.0,116.88914132433092,-2.8891413243309216
94,75,113.0,115.3574923497458,-2.3574923497457974
94,76,112.0,113.45361485563076,-1.4536148556307609
94,77,111.0,114.91346098514343,-3.9134609851434305
94,78,110.0,115.42566078387479,-5.42566078387479
94,79,109.0,115.64395496035586,-6.643954960355856
94,80,108.0,105.05536043546722,2.9446395645327783
94,81,107.0,106.59856466405512,0.4014353359448819
94,82,106.0,111.71250171337844,-5.712501713378444
94,83,105.0,102.19879685427645,2.801203145723548
94,84,104.0,97.6041943838813,6.395805616118693
94,85,103.0,106.69839338965608,-3.6983933896560757
94,86,102.0,100.33258109823424,1.6674189017657568
94,87,101.0,95.53387576615809,5.46612423384191
94,88,100.0,98.22002077601606,1.7799792239839434
94,89,99.0,105.0904717140604,-6.090471714060399
94,90,98.0,96.72315980099047,1.276840199009527
94,91,97.0,104.1185258553012,-7.1185258553012005
94,92,96.0,104.7402325907679,-8.740232590767903
94,93,95.0,100.13499705944336,-5.134997059443364
94,94,94.0,98.77827789136933,-4.778277891369328
94,95,93.0,107.60345000332173,-14.603450003321726
94,96,92.0,104.99746421633485,-12.997464216334848
94,97,91.0,105.08914044190846,-14.089140441908455
94,98,90.0,98.15437441989523,-8.154374419895234
94,99,89.0,94.8715760103622,-5.871576010362205
94,100,88.0,96.23194166225818,-8.23194166225818
94,101,87.0,96.0995070106782,-9.099507010678195
94,102,86.0,98.16082879833182,-12.16082879833182
94,103,85.0,92.14490003526551,-7.144900035265508
94,104,84.0,89.97572772475874,-5.975727724758741
94,105,83.0,77.10198820757257,5.898011792427425
94,106,82.0,77.14396020793133,4.856039792068671
94,107,81.0,87.00067016890137,-6.000670168901365
94,108,80.0,74.04273709544742,5.957262904552579
94,109,79.0,71.27338428711002,7.726615712889981
94,110,78.0,73.50039327837717,4.4996067216228255
94,111,77.0,77.38227409912177,-0.3822740991217728
94,112,76.0,76.36768751901475,-0.3676875190147513
94,113,75.0,83.27528752270753,-8.27528752270753
94,114,74.0,80.02451683219974,-6.024516832199737
94,115,73.0,86.78696703935562,-13.786967039355616
94,116,72.0,83.53935340514217,-11.539353405142165
94,117,71.0,82.9832853422607,-11.9832853422607
94,118,70.0,88.9505670599052,-18.950567059905197
94,119,69.0,98.29778251802772,-29.297782518027716
94,120,68.0,96.32662351368567,-28.326623513685675
94,121,67.0,94.58903853711882,-27.589038537118824
94,122,66.0,91.31155049711772,-25.31155049711772
94,123,65.0,86.55529906909064,-21.555299069090637
94,124,64.0,80.75598273758703,-16.755982737587033
94,125,63.0,75.98516326442912,-12.985163264429119
94,126,62.0,68.79533537693145,-6.7953353769314475
94,127,61.0,69.14752283966557,-8.14752283966557
94,128,60.0,74.88413946468306,-14.88413946468306
94,129,59.0,73.33562461829617,-14.335624618296166
94,130,58.0,70.56495695498435,-12.564956954984353
94,131,57.0,70.93404934698816,-13.93404934698816
94,132,56.0,56.082934638720104,-0.0829346387201042
94,133,55.0,61.3734835692011,-6.373483569201099
95,1,216.0,125.0,91.0
95,2,215.0,125.0,90.0
95,3,214.0,125.0,89.0
95,4,213.0,123.13500096475236,89.86499903524764
95,5,212.0,125.0,87.0
95,6,211.0,124.54637234448953,86.45362765551047
95,7,210.0,125.0,85.0
95,8,209.0,124.76481517758818,84.23518482241182
95,9,208.0,124.10240897755668,83.89759102244332
95,10,207.0,123.89233562461312,83.10766437538688
95,11,206.0,120.05072183988159,85.94927816011841
95,12,205.0,121.77191044398943,83.22808955601057
95,13,204.0,124.14920095033335,79.85079904966665
95,14,203.0,125.0,78.0
95,15,202.0,125.0,77.0
95,16,201.0,124.79377005858667,76.20622994141333
95,17,200.0,125.0,75.0
95,18,199.0,125.0,74.0
95,19,198.0,125.0,73.0
95,20,197.0,125.0,72.0
95,21,196.0,125.0,71.0
95,22,195.0,125.0,70.0
95,23,194.0,125.0,69.0
95,24,193.0,124.63395537828579,68.36604462171421
95,25,192.0,125.0,67.0
95,26,191.0,124.52869592003556,66.47130407996444
95,27,190.0,125.0,65.0
95,28,189.0,125.0,64.0
95,29,188.0,125.0,63.0
95,30,187.0,125.0,62.0
95,31,186.0,125.0,61.0
95,32,185.0,125.0,60.0
95,33,184.0,125.0,59.0
95,34,183.0,125.0,58.0
95,35,182.0,125.0,57.0
95,36,181.0,125.0,56.0
95,37,180.0,125.0,55.0
95,38,179.0,124.27517354740714,54.724826452592865
95,39,178.0,124.68951628312057,53.31048371687943
95,40,177.0,124.23645298715192,52.76354701284808
95,41,176.0,125.0,51.0
95,42,175.0,124.80261071168381,50.19738928831619
95,43,174.0,125.0,49.0
95,44,173.0,124.25607602763709,48.74392397236291
95,45,172.0,124.47328998818267,47.52671001181733
95,46,171.0,125.0,46.0
95,47,170.0,122.56618383085029,47.43381616914971
95,48,169.0,124.44129384194139,44.55870615805861
95,49,168.0,124.50135517765175,43.498644822348254
95,50,167.0,124.96941275788443,42.03058724211557
95,51,166.0,124.66723920000528,41.332760799994716
95,52,165.0,124.30768718825423,40.692312811745765
95,53,164.0,117.20816346294117,46.79183653705883
95,54,163.0,123.12054186806775,39.87945813193225
95,55,162.0,122.04927061873738,39.95072938126262
95,56,161.0,118.99610543845719,42.00389456154281
95,57,160.0,119.80290641379742,40.197093586202584
95,58,159.0,122.33196082902195,36.66803917097805
95,59,158.0,124.11070525946636,33.88929474053364
95,60,157.0,121.26138310353055,35.73861689646945
95,61,156.0,119.43546717707072,36.56453282292928
95,62,155.0,119.81790474106738,35.18209525893262
95,63,154.0,116.99887922251592,37.001120777484076
95,64,153.0,117.36293839260131,35.63706160739869
95,65,152.0,121.25055246809887,30.749447531901126
95,66,151.0,121.62768518215641,29.372314817843588
95,67,150.0,122.74068694529313,27.259313054706865
95,68,149.0,114.03972356609891,34.960276433901086
95,69,148.0,112.083494913003,35.916505086997006
95,70,147.0,117.46673859633775,29.53326140366225
95,71,146.0,115.88183766540998,30.118162334590025
95,72,145.0,120.0997350634728,24.900264936527194
95,73,144.0,119.9880926565956,24.011907343404403
95,74,143.0,119.15722829727171,23.842771702728285
95,75,142.0,119.82127088312804,22.178729116871963
95,76,141.0,122.87192191400068,18.12807808599932
95,77,140.0,121.9535334625886,18.046466537411405
95,78,139.0,117.75884287120671,21.24115712879329
95,79,138.0,121.62741732577452,16.372582674225484
95,80,137.0,115.83003252549729,21.169967474502712
95,81,136.0,113.18410216431481,22.815897835685192
95,82,135.0,117.16512540883184,17.83487459116816
95,83,134.0,114.37076972747883,19.62923027252117
95,84,133.0,115.01327180815493,17.986728191845074
95,85,132.0,114.88319708105384,17.116802918946163
95,86,131.0,114.20234174047667,16.79765825952333
95,87,130.0,117.61382582489337,12.386174175106632
95,88,129.0,116.45001557443902,12.549984425560979
95,89,128.0,113.14896634970412,14.851033650295875
96,1,233.0,125.0,108.0
96,2,232.0,125.0,107.0
96,3,231.0,125.0,106.0
96,4,230.0,125.0,105.0
96,5,229.0,125.0,104.0
96,6,228.0,125.0,103.0
96,7,227.0,125.0,102.0
96,8,226.0,125.0,101.0
96,9,225.0,125.0,100.0
96,10,224.0,125.0,99.0
96,11,223.0,125.0,98.0
96,12,222.0,125.0,97.0
96,13,221.0,125.0,96.0
96,14,220.0,124.86863016436943,95.13136983563057
96,15,219.0,124.51254489093938,94.48745510906062
96,16,218.0,123.77655601660501,94.22344398339499
96,17,217.0,122.4266548930022,94.5733451069978
96,18,216.0,120.03795461066056,95.96204538933944
96,19,215.0,121.94799528684227,93.05200471315773
96,20,214.0,122.6254475392431,91.3745524607569
96,21,213.0,121.4702017547033,91.5297982452967
96,22,212.0,119.44732340339056,92.55267659660944
96,23,211.0,121.89527476451765,89.10472523548235
96,24,210.0,122.24284568869483,87.75715431130517
96,25,209.0,121.67884464925345,87.32115535074655
96,26,208.0,123.96655352905448,84.03344647094552
96,27,207.0,122.29633293836046,84.70366706163954
96,28,206.0,123.28857676719349,82.71142323280651
96,29,205.0,123.67815552850891,81.32184447149109
96,30,204.0,121.45425135318668,82.54574864681332
96,31,203.0,122.78622470040183,80.21377529959817
96,32,202.0,121.45908145093179,80.54091854906821
96,33,201.0,123.37174684136757,77.62825315863243
96,34,200.0,124.06364100583956,75.93635899416044
96,35,199.0,121.47141448489641,77.52858551510359
96,36,198.0,125.0,73.0
96,37,197.0,125.0,72.0
96,38,196.0,125.0,71.0
96,39,195.0,125.0,70.0
96,40,194.0,124.94091461631736,69.05908538368264
96,41,193.0,124.0936640051597,68.9063359948403
96,42,192.0,124.39907504977415,67.60092495022585
96,43,191.0,121.85236576169228,69.14763423830772
96,44,190.0,121.60454064182689,68.39545935817311
96,45,189.0,122.15638137963786,66.84361862036214
96,46,188.0,120.62886379131785,67.37113620868215
96,47,187.0,121.49229833592078,65.50770166407922
96,48,186.0,121.24792304721623,64.75207695278377
96,49,185.0,121.12711804891616,63.87288195108384
96,50,184.0,122.9667884001242,61.0332115998758
96,51,183.0,123.27197138412791,59.72802861587209
96,52,182.0,122.65393844617182,59.34606155382818
96,53,181.0,119.92362068957465,61.07637931042535
96,54,180.0,120.37981745133611,59.62018254866389
96,55,179.0,121.47709724188364,57.52290275811636
96,56,178.0,121.49500296714605,56.50499703285395
96,57,177.0,123.53488572748492,53.46511427251508
96,58,176.0,122.01952147087948,53.98047852912052
96,59,175.0,120.24075151357454,54.75924848642546
96,60,174.0,120.6278741260416,53.372125873958396
96,61,173.0,121.52206769840889,51.47793230159111
96,62,172.0,120.4594821339494,51.54051786605061
96,63,171.0,123.44557837871311,47.55442162128689
96,64,170.0,125.0,45.0
96,65,169.0,124.49285803003723,44.507141969962774
96,66,168.0,124.6815817648772,43.318418235122806
96,67,167.0,124.62212521129393,42.377874788706066
96,68,166.0,122.8671647831397,43.1328352168603
96,69,165.0,124.45850108480471,40.54149891519529
96,70,164.0,124.65365127612554,39.346348723874456
96,71,163.0,123.59926957412219,39.40073042587781
96,72,162.0,123.36197570360466,38.63802429639534
96,73,161.0,123.13090734663068,37.86909265336932
96,74,160.0,123.81946219358582,36.18053780641418
96,75,159.0,124.42026622311869,34.57973377688131
96,76,158.0,124.29565994228918,33.70434005771082
96,77,157.0,121.81301952707221,35.186980472927786
96,78,156.0,121.45330707157156,34.54669292842844
96,79,155.0,122.32833458055292,32.67166541944708
96,80,154.0,122.37304037107761,31.626959628922393
96,81,153.0,123.77325336319518,29.22674663680482
96,82,152.0,124.89198198060697,27.10801801939303
96,83,151.0,124.15049194725543,26.849508052744568
96,84,150.0,124.33526781352452,25.664732186475476
96,85,149.0,122.5142650458904,26.485734954109603
96,86,148.0,121.52093488518652,26.47906511481348
96,87,147.0,122.76592552413493,24.23407447586507
96,88,146.0,123.39473258632567,22.605267413674326
96,89,145.0,123.18200309627059,21.81799690372941
96,90,144.0,120.4931465918464,23.506853408153603
96,91,143.0,119.71212314292534,23.287876857074664
96,92,142.0,119.63191078058067,22.368089219419332
96,93,141.0,120.23028535744227,20.76971464255773
96,94,140.0,117.75864918767753,22.241350812322466
96,95,139.0,123.36394985630085,15.636050143699151
96,96,138.0,119.6903142044632,18.309685795536794
96,97,137.0,121.69545985497068,15.304540145029321
97,1,215.0,125.0,90.0
97,2,214.0,125.0,89.0
97,3,213.0,122.4151649874483,90.5848350125517
97,4,212.0,124.61624384707562,87.38375615292438
97,5,211.0,124.94051553899104,86.05948446100896
97,6,210.0,123.69052108506796,86.30947891493204
97,7,209.0,125.0,84.0
97,8,208.0,125.0,83.0
97,9,207.0,125.0,82.0
97,10,206.0,125.0,81.0
97,11,205.0,122.22537185913079,82.77462814086921
97,12,204.0,122.81686955874613,81.18313044125387
97,13,203.0,125.0,78.0
97,14,202.0,123.83111468265976,78.16888531734024
97,15,201.0,124.26296931937904,76.73703068062096
97,16,200.0,123.11264840136397,76.88735159863603
97,17,199.0,120.27996760543722,78.72003239456278
97,18,198.0,124.00728812293187,73.99271187706813
97,19,197.0,124.03122558742844,72.96877441257156
97,20,196.0,122.04407709941313,73.95592290058687
97,21,195.0,121.7121660401935,73.2878339598065
97,22,194.0,123.57115133224147,70.42884866775853
97,23,193.0,122.97632916130014,70.02367083869986
97,24,192.0,119.30309431749757,72.69690568250243
97,25,191.0,122.21991845539368,68.78008154460632
97,26,190.0,124.61950315988302,65.38049684011698
97,27,189.0,121.82182936390409,67.17817063609591
97,28,188.0,123.72577596684546,64.27422403315454
97,29,187.0,123.49279220283131,63.50720779716869
97,30,186.0,120.03333291969606,65.96666708030394
97,31,185.0,120.8198573495599,64.1801426504401
97,32,184.0,123.56190661475115,60.43809338524885
97,33,183.0,122.05402437085618,60.94597562914382
97,34,182.0,122.57755693879592,59.42244306120408
97,35,181.0,123.73598164387383,57.26401835612617
97,36,180.0,124.12031029319003,55.87968970680997
97,37,179.0,117.49832431215539,61.50167568784461
97,38,178.0,121.33953025905839,56.66046974094161
97,39,177.0,120.48241694813535,56.51758305186465
97,40,176.0,119.90142019912034,56.09857980087966
97,41,175.0,122.25245420172284,52.74754579827716
97,42,174.0,120.61073821153444,53.38926178846556
97,43,173.0,120.89676674174734,52.10323325825266
97,44,172.0,122.9666270517692,49.033372948230806
97,45,171.0,122.46216507523974,48.53783492476026
97,46,170.0,122.31170011150593,47.68829988849407
97,47,169.0,122.99886158944217,46.00113841055783
97,48,168.0,122.85862517420694,45.141374825793065
97,49,167.0,121.72594230302101,45.274057696978986
97,50,166.0,122.46480880771908,43.53519119228092
97,51,165.0,120.57023528967397,44.429764710326026
97,52,164.0,122.36005468132869,41.63994531867131
97,53,163.0,122.59854003887229,40.40145996112771
97,54,162.0,121.79030681812088,40.20969318187912
97,55,161.0,120.45185335486336,40.54814664513664
97,56,160.0,122.65536382238487,37.34463617761513
97,57,159.0,122.92041262436278,36.07958737563722
97,58,158.0,121.36197818871605,36.63802181128395
97,59,157.0,119.25110929839649,37.748890701603514
97,60,156.0,122.18645377288797,33.81354622711203
97,61,155.0,119.28570046959071,35.71429953040929
97,62,154.0,119.51330928453615,34.48669071546385
97,63,153.0,120.15779011375896,32.84220988624104
97,64,152.0,122.64365292603857,29.35634707396143
97,65,151.0,122.15116138501675,28.84883861498325
97,66,150.0,122.84987405547017,27.150125944529833
97,67,149.0,122.07218898122296,26.927811018777035
97,68,148.0,124.01401673523533,23.98598326476467
97,69,147.0,122.00946910938451,24.99053089061549
97,70,146.0,122.09549614367184,23.904503856328162
97,71,145.0,120.65728068566781,24.342719314332186
97,72,144.0,122.70275228315026,21.29724771684974
97,73,143.0,120.5725581995126,22.4274418004874
97,74,142.0,121.45075663451799,20.549243365482013
97,75,141.0,122.06475995265845,18.93524004734155
97,76,140.0,123.6001748183987,16.3998251816013
97,77,139.0,122.49127038714323,16.50872961285677
97,78,138.0,121.81931377434043,16.18068622565957
97,79,137.0,122.8206221260432,14.179377873956795
97,80,136.0,121.1215097848441,14.878490215155907
97,81,135.0,121.24586620586771,13.754133794132287
97,82,134.0,119.41649412771498,14.583505872285016
97,83,133.0,119.64965576625512,13.350344233744877
97,84,132.0,122.76749462228321,9.232505377716791
97,85,131.0,119.88155327092473,11.118446729075274
97,86,130.0,117.86867929675446,12.131320703245535
97,87,129.0,116.80607035069191,12.193929649308089
97,88,128.0,117.28509733474455,10.714902665255451
97,89,127.0,116.33139076573433,10.668609234265674
97,90,126.0,115.43858214404432,10.561417855955682
97,91,125.0,117.67594506548058,7.324054934519424
97,92,124.0,116.25328955132238,7.746710448677618
97,93,123.0,116.89798519763936,6.102014802360642
97,94,122.0,113.09401430984252,8.905985690157479
97,95,121.0,118.3825451341071,2.6174548658928956
97,96,120.0,115.46862974903122,4.531370250968777
97,97,119.0,116.29027011912497,2.709729880875031
97,98,118.0,115.34666044449914,2.653339555500864
97,99,117.0,112.37906700550319,4.620932994496812
97,100,116.0,112.00254669970167,3.997453300298332
97,101,115.0,111.17665163855884,3.8233483614411625
97,102,114.0,113.9887690766031,0.011230923396894354
97,103,113.0,111.8357547305911,1.1642452694088945
97,104,112.0,110.41046660114992,1.5895333988500795
97,105,111.0,114.59814243100222,-3.5981424310022163
97,106,110.0,114.45852628099418,-4.458526280994178
97,107,109.0,118.30396095852329,-9.303960958523291
97,108,108.0,117.4602471514859,-9.460247151485902
97,109,107.0,114.86786849684101,-7.867868496841012
97,110,106.0,116.69248887292123,-10.692488872921231
97,111,105.0,112.2795135576503,-7.279513557650304
97,112,104.0,113.97380429989805,-9.973804299898049
97,113,103.0,115.7474234214182,-12.747423421418205
97,114,102.0,117.52235501148283,-15.52235501148283
97,115,101.0,115.40918461961171,-14.409184619611707
97,116,100.0,119.30551137054242,-19.30551137054242
97,117,99.0,113.71144641660044,-14.711446416600438
97,118,98.0,119.06168655143459,-21.06168655143459
97,119,97.0,113.74636728157462,-16.74636728157462
97,120,96.0,119.8768240868147,-23.876824086814693
97,121,95.0,118.70666448494937,-23.70666448494937
97,122,94.0,118.13100341248014,-24.13100341248014
97,123,93.0,118.77958737209995,-25.779587372099954
97,124,92.0,117.20185828520874,-25.201858285208743
97,125,91.0,114.09688071080669,-23.096880710806687
97,126,90.0,120.78745444583362,-30.787454445833617
97,127,89.0,120.87292865830638,-31.87292865830638
97,128,88.0,119.33079852834649,-31.33079852834649
97,129,87.0,118.00845828523344,-31.008458285233445
97,130,86.0,118.11685828729179,-32.11685828729179
97,131,85.0,119.38540603620231,-34.38540603620231
97,132,84.0,118.59699256191917,-34.596992561919166
97,133,83.0,110.38274102976622,-27.382741029766223
97,134,82.0,114.25227724990881,-32.252277249908815
98,1,179.0,125.0,54.0
98,2,178.0,120.37164327511627,57.62835672488373
98,3,177.0,125.0,52.0
98,4,176.0,125.0,51.0
98,5,175.0,123.89332714305809,51.10667285694191
98,6,174.0,125.0,49.0
98,7,173.0,125.0,48.0
98,8,172.0,125.0,47.0
98,9,171.0,125.0,46.0
98,10,170.0,125.0,45.0
98,11,169.0,125.0,44.0
98,12,168.0,125.0,43.0
98,13,167.0,125.0,42.0
98,14,166.0,125.0,41.0
98,15,165.0,125.0,40.0
98,16,164.0,124.56771996450522,39.432280035494784
98,17,163.0,120.08620753954447,42.913792460455525
98,18,162.0,123.45249457593036,38.54750542406964
98,19,161.0,124.7485168556893,36.2514831443107
98,20,160.0,123.8950223834097,36.104977616590304
98,21,159.0,124.24691879542922,34.753081204570776
98,22,158.0,123.3310084223897,34.6689915776103
98,23,157.0,123.42591435240716,33.57408564759284
98,24,156.0,125.0,31.0
98,25,155.0,123.97779437121207,31.02220562878793
98,26,154.0,121.64802918915679,32.35197081084321
98,27,153.0,123.0503756941764,29.949624305823605
98,28,152.0,121.79993032949446,30.200069670505542
98,29,151.0,120.79616903780385,30.20383096219615
98,30,150.0,122.73118916809595,27.268810831904048
98,31,149.0,120.71577266205553,28.284227337944472
98,32,148.0,121.26087241636003,26.73912758363997
98,33,147.0,113.01246295489734,33.987537045102655
98,34,146.0,115.20514554440444,30.794854455595555
98,35,145.0,114.05929521569792,30.940704784302085
98,36,144.0,117.93290010428156,26.067099895718442
98,37,143.0,122.34903360809933,20.650966391900667
98,38,142.0,123.14429243031509,18.85570756968491
98,39,141.0,122.0165261034045,18.9834738965955
98,40,140.0,121.4962228408501,18.503777159149905
98,41,139.0,122.40061824251448,16.599381757485517
98,42,138.0,119.65351001725534,18.346489982744657
98,43,137.0,117.04781019099993,19.952189809000075
98,44,136.0,121.56429711389956,14.435702886100444
98,45,135.0,122.5683642473606,12.431635752639394
98,46,134.0,121.18617138182086,12.813828618179144
98,47,133.0,121.53717115660554,11.462828843394462
98,48,132.0,122.58338270855843,9.416617291441568
98,49,131.0,121.0818139629367,9.918186037063293
98,50,130.0,115.9586041973388,14.0413958026612
98,51,129.0,113.35446737616988,15.645532623830121
98,52,128.0,105.65168731328684,22.348312686713157
98,53,127.0,111.38347973429165,15.616520265708346
98,54,126.0,115.72605829936647,10.273941700633529
98,55,125.0,113.95156952056189,11.04843047943811
98,56,124.0,112.69855589353145,11.301444106468551
98,57,123.0,114.01533733544626,8.984662664553738
98,58,122.0,112.64891460961867,9.351085390381328
98,59,121.0,101.15940124524735,19.840598754752648
98,60,120.0,99.5449407164698,20.455059283530204
98,61,119.0,105.27575383191197,13.72424616808803
98,62,118.0,110.35803238813135,7.641967611868651
98,63,117.0,107.32224036448756,9.677759635512444
98,64,116.0,107.26241652600757,8.73758347399243
98,65,115.0,111.0157022639704,3.9842977360296032
98,66,114.0,105.46856439881175,8.53143560118825
98,67,113.0,111.02941383764944,1.970586162350557
98,68,112.0,111.56957768509442,0.43042231490558436
98,69,111.0,115.38565462058205,-4.385654620582045
98,70,110.0,113.77365814768815,-3.7736581476881526
98,71,109.0,113.55422589808941,-4.554225898089413
98,72,108.0,117.74024280384764,-9.740242803847636
98,73,107.0,113.83415576482206,-6.834155764822057
98,74,106.0,112.70446506796571,-6.704465067965714
98,75,105.0,119.76648962723054,-14.766489627230541
98,76,104.0,113.19871871600782,-9.198718716007818
98,77,103.0,112.06191889152987,-9.06191889152987
98,78,102.0,118.1640954211369,-16.164095421136906
98,79,101.0,114.46462624238437,-13.46462624238437
98,80,100.0,115.69590700738073,-15.695907007380725
98,81,99.0,113.88325817716184,-14.883258177161835
98,82,98.0,108.06535630975262,-10.065356309752616
98,83,97.0,101.07786181007685,-4.077861810076854
98,84,96.0,110.70814316976092,-14.708143169760916
98,85,95.0,96.96026969251314,-1.9602696925131369
98,86,94.0,101.4135583889184,-7.413558388918403
98,87,93.0,103.47668750468569,-10.476687504685685
98,88,92.0,101.66879711148482,-9.668797111484821
98,89,91.0,95.94289668687962,-4.942896686879621
98,90,90.0,92.66557183887846,-2.6655718388784635
98,91,89.0,104.07904362595782,-15.079043625957823
98,92,88.0,106.09565026784877,-18.095650267848768
98,93,87.0,99.48992899743834,-12.48992899743834
98,94,86.0,102.0087090459978,-16.008709045997804
98,95,85.0,98.62924699482592,-13.62924699482592
98,96,84.0,99.01443254233384,-15.014432542333836
98,97,83.0,104.2056364855156,-21.205636485515598
98,98,82.0,110.21966247722033,-28.219662477220325
98,99,81.0,100.09035476644098,-19.09035476644098
98,100,80.0,97.09873170664264,-17.09873170664264
98,101,79.0,90.44600063383923,-11.446000633839233
98,102,78.0,89.44679867279199,-11.446798672791985
98,103,77.0,90.19000638629085,-13.190006386290847
98,104,76.0,85.24504731617823,-9.24504731617823
98,105,75.0,88.49901040850915,-13.49901040850915
98,106,74.0,83.84145556050413,-9.84145556050413
98,107,73.0,98.29757336542097,-25.297573365420973
98,108,72.0,97.68279552021845,-25.68279552021845
98,109,71.0,100.35134748849926,-29.351347488499258
98,110,70.0,98.32026000081653,-28.320260000816532
98,111,69.0,95.30384638770389,-26.303846387703885
98,112,68.0,91.28596203368339,-23.28596203368339
98,113,67.0,90.05158867381778,-23.051588673817776
98,114,66.0,87.2502882569559,-21.250288256955898
98,115,65.0,90.18808224638425,-25.188082246384255
98,116,64.0,80.80139380394286,-16.801393803942858
98,117,63.0,90.11008550107049,-27.110085501070486
98,118,62.0,84.9383088010534,-22.938308801053395
98,119,61.0,84.88507603025576,-23.88507603025576
98,120,60.0,81.46161922461258,-21.461619224612576
98,121,59.0,86.15357207418806,-27.153572074188062
99,1,213.0,124.12589514894142,88.87410485105858
99,2,212.0,120.68866025895777,91.31133974104223
99,3,211.0,125.0,86.0
99,4,210.0,125.0,85.0
99,5,209.0,124.64515598584995,84.35484401415005
99,6,208.0,124.83064579542224,83.16935420457776
99,7,207.0,125.0,82.0
99,8,206.0,125.0,81.0
99,9,205.0,124.35953411151985,80.64046588848015
99,10,204.0,123.24023951526308,80.75976048473692
99,11,203.0,124.35332164208012,78.64667835791988
99,12,202.0,125.0,77.0
99,13,201.0,125.0,76.0
99,14,200.0,120.99062753743011,79.00937246256989
99,15,199.0,125.0,74.0
99,16,198.0,125.0,73.0
99,17,197.0,123.84232768562495,73.15767231437505
99,18,196.0,122.34552624470628,73.65447375529372
99,19,195.0,124.31378094624898,70.68621905375102
99,20,194.0,125.0,69.0
99,21,193.0,123.57148090291831,69.42851909708169
99,22,192.0,124.57663998051724,67.42336001948276
99,23,191.0,123.51378370391222,67.48621629608778
99,24,190.0,125.0,65.0
99,25,189.0,124.57902862131779,64.42097137868221
99,26,188.0,122.8977238339096,65.1022761660904
99,27,187.0,120.93161928844297,66.06838071155703
99,28,186.0,120.20524627909093,65.79475372090907
99,29,185.0,117.79073524796497,67.20926475203503
99,30,184.0,122.27161762763555,61.72838237236445
99,31,183.0,121.25171582859777,61.74828417140223
99,32,182.0,121.72561659997994,60.27438340002006
99,33,181.0,120.89251753932194,60.10748246067806
99,34,180.0,121.14314852558776,58.85685147441224
99,35,179.0,120.27308839463375,58.726911605366254
99,36,178.0,124.30194156750002,53.69805843249998
99,37,177.0,124.61120600014489,52.38879399985511
99,38,176.0,122.97801020034211,53.02198979965789
99,39,175.0,120.64860236590256,54.35139763409744
99,40,174.0,123.20863460519371,50.79136539480629
99,41,173.0,123.23572785640572,49.76427214359428
99,42,172.0,122.66674910417458,49.333250895825415
99,43,171.0,123.49184839544475,47.50815160455525
99,44,170.0,121.7457658767857,48.2542341232143
99,45,169.0,122.99977326375888,46.00022673624112
99,46,168.0,124.29052004031132,43.70947995968868
99,47,167.0,123.78208589417258,43.21791410582742
99,48,166.0,122.55439735324873,43.44560264675127
99,49,165.0,123.08674557645281,41.91325442354719
99,50,164.0,123.82557614774716,40.17442385225284
99,51,163.0,124.52120339221216,38.47879660778784
99,52,162.0,123.5062850165078,38.4937149834922
99,53,161.0,122.80966357135388,38.19033642864612
99,54,160.0,122.8035923635956,37.1964076364044
99,55,159.0,122.81565307145537,36.18434692854463
99,56,158.0,122.97540676608304,35.02459323391696
99,57,157.0,123.10812647817988,33.891873521820116
99,58,156.0,122.12161828579337,33.878381714206625
99,59,155.0,123.28273403508553,31.717265964914475
99,60,154.0,123.48211704923908,30.51788295076092
99,61,153.0,122.37398193636174,30.626018063638256
99,62,152.0,122.07921996364321,29.92078003635679
99,63,151.0,122.31149238029948,28.688507619700516
99,64,150.0,121.81324953210562,28.186750467894385
99,65,149.0,121.01678051093141,27.98321948906859
99,66,148.0,120.3537695013883,27.6462304986117
99,67,147.0,120.4686313651711,26.531368634828894
99,68,146.0,120.38511168018441,25.61488831981559
99,69,145.0,120.54452447939791,24.455475520602093
99,70,144.0,120.1227341569078,23.877265843092204
99,71,143.0,119.91430718099421,23.085692819005786
99,72,142.0,118.97451571522755,23.025484284772446
99,73,141.0,118.65757828025203,22.342421719747975
99,74,140.0,118.60761876684916,21.392381233150843
99,75,139.0,119.13583210655685,19.864167893443152
99,76,138.0,117.98186219718283,20.018137802817165
99,77,137.0,115.9269232625854,21.073076737414596
99,78,136.0,117.5863437624883,18.413656237511702
99,79,135.0,115.7809010468143,19.219098953185707
99,80,134.0,118.44896546540531,15.551034534594692
99,81,133.0,118.014980788631,14.985019211369007
99,82,132.0,116.16482375011743,15.835176249882565
99,83,131.0,113.41981099429117,17.58018900570883
99,84,130.0,111.43531098586875,18.564689014131247
99,85,129.0,112.68027445634446,16.319725543655537
99,86,128.0,112.7656494503447,15.234350549655304
99,87,127.0,113.13786268485096,13.862137315149042
99,88,126.0,112.62667895979166,13.373321040208339
99,89,125.0,112.36213152320741,12.63786847679259
99,90,124.0,110.72160688207333,13.278393117926669
99,91,123.0,114.17452664834184,8.825473351658161
99,92,122.0,110.73438357503488,11.265616424965117
99,93,121.0,102.2771868037833,18.722813196216705
99,94,120.0,102.24122724944328,17.758772750556716
99,95,119.0,96.70956992721004,22.29043007278996
99,96,118.0,99.0821228799999,18.9178771200001
99,97,117.0,103.83555485955857,13.16444514044143
100,1,217.0,125.0,92.0
100,2,216.0,125.0,91.0
100,3,215.0,125.0,90.0
100,4,214.0,125.0,89.0
100,5,213.0,125.0,88.0
100,6,212.0,124.32475459262943,87.67524540737057
100,7,211.0,125.0,86.0
100,8,210.0,124.62607891141074,85.37392108858926
100,9,209.0,125.0,84.0
100,10,208.0,125.0,83.0
100,11,207.0,125.0,82.0
100,12,206.0,125.0,81.0
100,13,205.0,123.87305070120912,81.12694929879088
100,14,204.0,113.68790078872094,90.31209921127906
100,15,203.0,121.0817291282709,81.9182708717291
100,16,202.0,119.93055944408724,82.06944055591276
100,17,201.0,116.31799099909362,84.68200900090638
100,18,200.0,121.49455330136163,78.50544669863837
100,19,199.0,121.3962462552433,77.6037537447567
100,20,198.0,122.0189120016341,75.9810879983659
100,21,197.0,120.05780334704079,76.94219665295921
100,22,196.0,121.94190623601652,74.05809376398348
100,23,195.0,114.10247497712778,80.89752502287222
100,24,194.0,122.10628716164872,71.89371283835128
100,25,193.0,121.35442770762374,71.64557229237626
100,26,192.0,123.69469853070807,68.30530146929193
100,27,191.0,123.05111105752155,67.94888894247845
100,28,190.0,121.12355558559499,68.87644441440501
100,29,189.0,121.45519196252411,67.54480803747589
100,30,188.0,121.97135009878794,66.02864990121206
100,31,187.0,122.44986475304006,64.55013524695994
100,32,186.0,122.95765653744469,63.04234346255531
100,33,185.0,124.01058258663352,60.98941741336648
100,34,184.0,122.89424773294981,61.10575226705019
100,35,183.0,123.26822222118021,59.73177777881979
100,36,182.0,123.51206542375809,58.48793457624191
100,37,181.0,122.72488683682415,58.275113163175845
100,38,180.0,123.38784623986723,56.61215376013277
100,39,179.0,123.87753371728148,55.12246628271852
100,40,178.0,123.33811765315899,54.66188234684101
100,41,177.0,122.18873416760299,54.81126583239701
100,42,176.0,123.58994082898495,52.41005917101505
100,43,175.0,123.13641603416094,51.863583965839055
100,44,174.0,122.36701276171546,51.63298723828454
100,45,173.0,123.62649012812737,49.37350987187263
100,46,172.0,123.13570138165389,48.86429861834611
100,47,171.0,123.97125587197105,47.02874412802895
100,48,170.0,122.79895259349381,47.20104740650619
100,49,169.0,123.73546131163678,45.26453868836322
100,50,168.0,123.54984456629153,44.450155433708474
100,51,167.0,122.96319342120435,44.03680657879565
100,52,166.0,122.35114780743613,43.648852192563865
100,53,165.0,123.47242460588843,41.527575394111565
100,54,164.0,123.14821195572743,40.85178804427257
100,55,163.0,123.73921101090505,39.26078898909495
100,56,162.0,124.09579455644418,37.904205443555824
100,57,161.0,123.378603939828,37.621396060172
100,58,160.0,123.22751110385886,36.77248889614114
100,59,159.0,122.83950157980803,36.16049842019197
100,60,158.0,122.35506811300165,35.64493188699835
100,61,157.0,123.89014344885894,33.109856551141064
100,62,156.0,122.40558083709762,33.59441916290238
100,63,155.0,123.4306631573864,31.569336842613595
100,64,154.0,122.19900875345402,31.800991246545976
100,65,153.0,123.24097119890227,29.759028801097728
100,66,152.0,123.33134785344264,28.668652146557363
100,67,151.0,123.72026107899788,27.27973892100212
100,68,150.0,123.24166418925391,26.75833581074609
100,69,149.0,123.15799065658292,25.842009343417075
100,70,148.0,122.92761518703887,25.072384812961133
100,71,147.0,121.91416258137431,25.085837418625687
100,72,146.0,121.94400679185176,24.055993208148237
100,73,145.0,121.39589201804671,23.60410798195329
100,74,144.0,121.86134896085622,22.13865103914378
100,75,143.0,119.6583979722386,23.341602027761397
100,76,142.0,121.92172694665592,20.078273053344077
100,77,141.0,119.21962790591994,21.780372094080064
100,78,140.0,116.36822329194538,23.631776708054616
100,79,139.0,114.13606230590953,24.863937694090467
100,80,138.0,112.51393210970703,25.486067890292972
100,81,137.0,114.6204367844335,22.379563215566506
100,82,136.0,118.90476900296503,17.095230997034975
100,83,135.0,122.13003101046993,12.869968989530065
100,84,134.0,123.2550729798153,10.744927020184704
100,85,133.0,122.11776689520207,10.882233104797933
100,86,132.0,121.15770968909582,10.842290310904175
100,87,131.0,119.52728245825443,11.472717541745567
100,88,130.0,118.31461148051116,11.68538851948884
100,89,129.0,118.21310914380342,10.786890856196578
100,90,128.0,122.07094006455142,5.929059935448578
100,91,127.0,118.31849412755103,8.681505872448966
100,92,126.0,119.8430587032626,6.156941296737401
100,93,125.0,118.183126029004,6.816873970995999
100,94,124.0,114.25436458711927,9.74563541288073
100,95,123.0,115.4051052225783,7.5948947774217
100,96,122.0,114.18857165648086,7.81142834351914
100,97,121.0,113.61120594550066,7.388794054499343
100,98,120.0,118.48133490680534,1.518665093194656
100,99,119.0,118.60836094287276,0.3916390571272359
100,100,118.0,119.9201627055271,-1.9201627055271047
100,101,117.0,112.47569839565439,4.5243016043456095
100,102,116.0,113.77485677752621,2.2251432224737897
100,103,115.0,112.71662184091545,2.283378159084549
100,104,114.0,107.51688280815675,6.483117191843249
100,105,113.0,93.63243269147013,19.36756730852987
100,106,112.0,95.10813642299019,16.891863577009815
100,107,111.0,99.6277754496112,11.372224550388793
100,108,110.0,100.19967624195806,9.800323758041941
100,109,109.0,101.08846069183791,7.911539308162091
100,110,108.0,102.00433677720595,5.99566322279405
100,111,107.0,103.42780596238522,3.5721940376147785
100,112,106.0,101.4830806532714,4.516919346728599
100,113,105.0,99.19652990384134,5.803470096158662
100,114,104.0,99.64999016392028,4.350009836079721
100,115,103.0,98.87745979053459,4.122540209465413
100,116,102.0,104.91976084399063,-2.9197608439906304
100,117,101.0,99.7372248969708,1.262775103029199
100,118,100.0,93.2783877463795,6.721612253620506
100,119,99.0,92.97357335919901,6.026426640800992
100,120,98.0,89.64043511903658,8.359564880963418
100,121,97.0,93.03183019212663,3.968169807873366
100,122,96.0,95.5778052858707,0.4221947141293043
100,123,95.0,92.54136456436022,2.4586354356397777
100,124,94.0,91.43036397948197,2.5696360205180326
100,125,93.0,80.93101013091128,12.068989869088725
100,126,92.0,80.14619513673026,11.853804863269744
100,127,91.0,82.30287694535899,8.697123054641011
100,128,90.0,81.6787733732113,8.3212266267887
100,129,89.0,81.87856964088398,7.121430359116019
100,130,88.0,74.52826395783178,13.471736042168217
100,131,87.0,74.45032427896723,12.54967572103277
100,132,86.0,76.98411733613327,9.015882663866734
100,133,85.0,74.48207177614286,10.51792822385714
100,134,84.0,78.2541586633968,5.745841336603206
100,135,83.0,75.54270065073796,7.457299349262044
100,136,82.0,81.03189660114916,0.9681033988508432
100,137,81.0,75.69036419125608,5.30963580874392
100,138,80.0,84.48239594423575,-4.482395944235748
100,139,79.0,79.38023194757832,-0.38023194757832357
100,140,78.0,79.00849106918498,-1.0084910691849842
100,141,77.0,77.1144080628464,-0.11440806284639393
100,142,76.0,82.21258745550342,-6.212587455503424
100,143,75.0,74.28782827246178,0.7121717275382196
100,144,74.0,73.54793872956485,0.4520612704351521
100,145,73.0,70.73842545128429,2.261574548715714
100,146,72.0,74.72620033223556,-2.726200332235564
100,147,71.0,70.43344377569436,0.5665562243056428
100,148,70.0,71.67367460780912,-1.6736746078091187
100,149,69.0,69.22161843958347,-0.22161843958346594
100,150,68.0,72.17806707203944,-4.17806707203944
100,151,67.0,64.90139050965608,2.098609490343918
100,152,66.0,67.72257855206843,-1.722578552068427
100,153,65.0,67.33589914722475,-2.335899147224751
100,154,64.0,66.5717030526152,-2.571703052615206
100,155,63.0,62.19584880910087,0.8041511908991268
100,156,62.0,62.82776422312576,-0.8277642231257616
100,157,61.0,62.36229268091278,-1.3622926809127804
100,158,60.0,61.992240964643614,-1.9922409646436137
100,159,59.0,62.872109805903705,-3.8721098059037047
100,160,58.0,61.958114444019486,-3.958114444019486
100,161,57.0,62.465391998017104,-5.465391998017104
100,162,56.0,60.52187929639451,-4.521879296394509
100,163,55.0,57.30830624710193,-2.3083062471019318
100,164,54.0,58.701674684937736,-4.7016746849377355
100,165,53.0,54.94565308943126,-1.9456530894312607
100,166,52.0,52.65504462071145,-0.6550446207114504
100,167,51.0,49.48929038619303,1.5107096138069736
100,168,50.0,51.27451930624984,-1.274519306249843
100,169,49.0,51.32408899777768,-2.324088997777679
100,170,48.0,50.639582585901735,-2.639582585901735
100,171,47.0,52.38874548761409,-5.388745487614088
100,172,46.0,50.782559306665625,-4.782559306665625
100,173,45.0,48.929258479945794,-3.929258479945794
100,174,44.0,49.23165971937301,-5.231659719373013
100,175,43.0,48.204609507834874,-5.204609507834874
100,176,42.0,49.85881682911127,-7.858816829111269
100,177,41.0,47.58354712554161,-6.583547125541607
100,178,40.0,47.35049635541672,-7.350496355416723
100,179,39.0,44.27479222861873,-5.274792228618729
100,180,38.0,44.14717564339894,-6.147175643398938
100,181,37.0,43.063390731705894,-6.063390731705894
100,182,36.0,42.555913178073936,-6.555913178073936
100,183,35.0,40.806830785490476,-5.806830785490476
100,184,34.0,36.230232269808646,-2.2302322698086456
100,185,33.0,37.32235373824452,-4.322353738244523
100,186,32.0,36.22671078095906,-4.22671078095906
100,187,31.0,35.43426848082412,-4.434268480824123
100,188,30.0,36.87800903720029,-6.878009037200293
100,189,29.0,34.802838270979215,-5.8028382709792155
100,190,28.0,30.60759151389553,-2.6075915138955317
100,191,27.0,32.77312813608898,-5.773128136088978
100,192,26.0,28.74134796465349,-2.741347964653489
100,193,25.0,28.25772942111649,-3.2577294211164904
100,194,24.0,23.07225030708993,0.9277496929100693
100,195,23.0,22.350449060348488,0.6495509396515118
100,196,22.0,23.34830454326317,-1.3483045432631684
100,197,21.0,22.8410882388782,-1.8410882388782
100,198,20.0,23.062377550380035,-3.0623775503800346
